hit,error_cells,peak,logloss,covered95,credible95,entropy,ece,error_m,seed,user,scenario,condition,method,param,attack,side,prior_hit,legitimate,opportunities,complete,reports,utility,weighted_utility,weighted_opportunities,weighted_complete,small_opportunities,small_complete,medium_opportunities,medium_complete,large_opportunities,large_complete,raw_completion,coverage,reward,latency_slots,gate_us_p50,gate_us_p95,cap_violations,attacker_local_cap_violations,attacker_effective_cap_violations,attacker_absolute_cap_violations,positive_cap,robust_model_count,alpha_true,alpha_model,move_model
0.0,2.066668087804476,0.20104728611768222,3.42727808097059,0.9791666666666666,23.458333333333332,4.151248236115369,0.2010472861176823,8649.655620350548,2,2,geolife,geolife_dd_nominal_bsp,bsp,0.1,adaptive,8,0.015625,35,6,1,4,0.16666666666666666,0.015069967707212055,1.3824404761904763,0.020833333333333332,2,0,1,0,3,1,0.02857142857142857,0.5,1,1.0,40.1255,49.851699999999994,0,10,10,48,,0,0.6480000000000001,0.648,0.0538014667406808
0.25,1.181659380202056,0.14194817612406987,2.865739119176324,0.8958333333333334,20.375,4.182507276873966,0.14315519165761356,4960.27820666367,3,3,geolife,geolife_dd_nominal_bsp,bsp,0.1,adaptive,8,0.015625,40,4,1,4,0.25,0.1621621621621622,0.15416666666666665,0.025,0,0,2,0,2,1,0.025,0.5,1,1.0,31.206,42.181,0,12,12,46,,0,0.6480000000000001,0.648,0.0538014667406808
0.8333333333333334,0.16666666666666666,0.22448488103519507,1.9024268206493027,0.9166666666666666,14.333333333333334,3.5859829264462753,0.6088484522981382,695.75,4,4,geolife,geolife_dd_nominal_bsp,bsp,0.1,adaptive,8,0.015625,31,3,3,10,1.0,1.0,0.14583333333333334,0.14583333333333334,0,0,2,2,1,1,0.0967741935483871,1.0,3,1.0,33.338499999999996,42.04659999999999,0,17,17,48,,0,0.6480000000000001,0.648,0.0538014667406808
0.4791666666666667,0.6502750715749257,0.20418096880923728,2.291799620418104,1.0,19.104166666666668,3.8743288190117475,0.3029630676037402,2754.3630676000216,7,7,geolife,geolife_dd_nominal_bsp,bsp,0.1,adaptive,8,0.015625,40,5,3,6,0.6,0.4473684210526316,0.2261904761904762,0.10119047619047619,0,0,3,1,2,2,0.075,1.0,3,1.0,32.0965,50.07134999999999,0,9,9,48,,0,0.6480000000000001,0.648,0.0538014667406808
0.2916666666666667,1.0695378173561358,0.22959239058920858,2.653205549743794,1.0,17.854166666666668,3.7874879110365196,0.1852059735418372,4493.138727208122,8,8,geolife,geolife_dd_nominal_bsp,bsp,0.1,adaptive,8,0.015625,42,6,2,4,0.3333333333333333,0.1024390243902439,0.35590277777777773,0.03645833333333333,1,0,0,0,5,2,0.047619047619047616,1.0,2,1.0,31.39,41.33969999999999,0,7,7,48,,0,0.6480000000000001,0.648,0.0538014667406808
0.8541666666666666,0.14583333333333334,0.2221802873818192,1.6421664415310897,1.0,16.5625,3.7653541213554043,0.6319863792848475,608.78125,9,9,geolife,geolife_dd_nominal_bsp,bsp,0.1,adaptive,8,0.015625,35,5,2,7,0.4,0.05263157894736841,0.7916666666666667,0.041666666666666664,3,0,0,0,2,2,0.05714285714285714,1.0,2,1.0,31.4665,43.82885,0,13,13,48,,0,0.6480000000000001,0.648,0.0538014667406808
0.020833333333333332,1.7893329209554858,0.20756893999159434,4.166580088934548,0.8333333333333334,21.666666666666668,4.064132524164211,0.18673560665826103,7561.343015957668,12,12,geolife,geolife_dd_nominal_bsp,bsp,0.1,adaptive,8,0.015625,37,5,2,5,0.4,0.036065573770491806,1.3616071428571428,0.049107142857142856,2,0,1,0,2,2,0.05405405405405406,0.3333333333333333,2,1.0,31.125,40.09109999999999,0,8,8,48,,0,0.6480000000000001,0.648,0.0538014667406808
0.16666666666666666,0.8333333333333334,0.23383474870334253,2.3694543902531153,1.0,20.5625,3.8191633522616417,0.23755492187621652,3555.7699395218256,14,14,geolife,geolife_dd_nominal_bsp,bsp,0.1,adaptive,8,0.015625,34,6,2,4,0.3333333333333333,0.09562260943476412,0.35014880952380956,0.033482142857142856,1,0,0,0,5,2,0.058823529411764705,1.0,2,1.0,32.286500000000004,41.84589999999999,0,12,12,48,,0,0.6480000000000001,0.648,0.0538014667406808
0.0625,2.057559908683742,0.17458623432097295,3.4831765579750353,0.9166666666666666,26.8125,4.314057411921001,0.13770558513840905,8635.0208413578,17,17,geolife,geolife_dd_nominal_bsp,bsp,0.1,adaptive,8,0.015625,32,3,1,1,0.3333333333333333,0.1111111111111111,0.5625,0.0625,2,0,1,1,0,0,0.03125,0.3333333333333333,1,1.0,32.230000000000004,40.64295,0,15,15,48,,0,0.6480000000000001,0.648,0.0538014667406808
0.0,2.802007528163271,0.28963816199482817,3.735962165123184,0.8125,16.333333333333332,3.5429719691279984,0.28963816199482834,11912.429690616293,18,18,geolife,geolife_dd_nominal_bsp,bsp,0.1,adaptive,8,0.015625,39,2,1,6,0.5,0.4285714285714286,0.07291666666666666,0.03125,0,0,1,0,1,1,0.02564102564102564,0.5,1,1.0,32.027,40.866699999999994,0,10,10,48,,0,0.6480000000000001,0.648,0.0538014667406808
0.4375,0.7601100286299701,0.2397485242672798,2.1910215534565323,1.0,15.875,3.6294763112192605,0.30038025621541364,3181.293233087826,19,19,geolife,geolife_dd_nominal_bsp,bsp,0.1,adaptive,8,0.015625,35,5,4,11,0.8,0.6972972972972973,0.1376488095238095,0.09598214285714285,0,0,1,0,4,4,0.11428571428571428,1.0,4,1.0,32.4255,37.49155,0,14,14,48,,0,0.6480000000000001,0.648,0.0538014667406808
0.1875,1.0485218379343626,0.26705649152003313,2.6241701309486194,0.9791666666666666,15.854166666666666,3.502719981305758,0.2317993842151044,4431.059515759758,22,22,geolife,geolife_dd_nominal_bsp,bsp,0.1,adaptive,8,0.015625,34,3,1,3,0.3333333333333333,0.03773584905660377,1.1041666666666667,0.041666666666666664,1,0,2,1,0,0,0.029411764705882353,0.5,1,1.0,32.826499999999996,38.4081,0,11,11,48,,0,0.6480000000000001,0.648,0.0538014667406808
1.0,0.0,0.2662308365159945,1.3723845401232468,1.0,19.104166666666668,3.7879503385867372,0.7337691634840056,0.0,23,23,geolife,geolife_dd_nominal_bsp,bsp,0.1,adaptive,8,0.015625,36,2,1,5,0.5,0.020408163265306124,1.0208333333333333,0.020833333333333332,1,0,0,0,1,1,0.027777777777777776,1.0,1,1.0,32.3725,42.45465,0,10,10,48,,0,0.6480000000000001,0.648,0.0538014667406808
0.22916666666666666,0.7708333333333334,0.1765063516490951,1.9699500939019436,1.0,25.75,4.2919646438468515,0.05266031501757155,3289.0871940576885,24,24,geolife,geolife_dd_nominal_bsp,bsp,0.1,adaptive,8,0.015625,30,4,2,7,0.5,0.39393939393939403,0.0982142857142857,0.03869047619047619,0,0,1,0,3,2,0.06666666666666667,1.0,2,1.0,32.044,41.5717,0,16,16,48,,0,0.6480000000000001,0.648,0.0538014667406808
0.6666666666666666,0.5053745918538317,0.28400981046644314,1.5208119634356538,1.0,17.9375,3.636487790594444,0.4722126094691337,2142.147837344199,27,27,geolife,geolife_dd_nominal_bsp,bsp,0.1,adaptive,8,0.015625,35,2,1,5,0.5,0.5,0.041666666666666664,0.020833333333333332,0,0,0,0,2,1,0.02857142857142857,1.0,1,1.0,31.9235,43.59695,0,14,14,48,,0,0.6480000000000001,0.648,0.0538014667406808
0.375,0.8056707077366045,0.242036725784444,2.368302824647827,1.0,27.416666666666668,4.157751645507665,0.259186453196337,3389.400965573322,28,28,geolife,geolife_dd_nominal_bsp,bsp,0.1,adaptive,8,0.015625,34,3,0,0,0.0,0.0,0.10535714285714284,0.0,0,0,1,0,2,0,0.0,0.0,0,nan,32.3385,38.04885,0,16,16,48,,0,0.6480000000000001,0.648,0.0538014667406808
0.3125,1.0267879761193426,0.17816840689374178,2.729278360784773,0.875,15.854166666666666,3.701516965344878,0.24293118059350136,4307.337063556587,29,29,geolife,geolife_dd_nominal_bsp,bsp,0.1,adaptive,8,0.015625,38,5,4,8,0.8,0.6860986547085202,0.19910714285714284,0.13660714285714284,0,0,2,1,3,3,0.10526315789473684,1.0,4,1.0,30.847,39.26364999999999,0,9,9,48,,0,0.6480000000000001,0.648,0.0538014667406808
0.9375,0.0625,0.21377103787977025,1.5963946660747783,1.0,18.104166666666668,3.822246136419075,0.7358381540280575,266.68274546413676,32,32,geolife,geolife_dd_nominal_bsp,bsp,0.1,adaptive,8,0.015625,36,6,2,5,0.3333333333333333,0.12875536480686695,0.4623015873015873,0.05952380952380952,1,0,3,1,2,1,0.05555555555555555,1.0,2,1.0,31.2495,37.69845,0,9,9,45,,0,0.6480000000000001,0.648,0.0538014667406808
1.0,0.0,0.26914703501492643,1.3678513091432158,1.0,19.041666666666668,3.7977146443235816,0.7308529649850734,0.0,33,33,geolife,geolife_dd_nominal_bsp,bsp,0.1,adaptive,8,0.015625,37,4,0,2,0.0,0.0,0.4,0.0,1,0,2,0,1,0,0.0,0.0,0,1.0,33.4015,41.8242,0,9,9,48,,0,0.6480000000000001,0.648,0.0538014667406808
0.3333333333333333,0.7270728111794096,0.28347660254156476,1.9869702278880574,1.0,16.75,3.5836584899534514,0.2539823200281522,3069.7798356137228,34,34,geolife,geolife_dd_nominal_bsp,bsp,0.1,adaptive,8,0.015625,29,6,1,8,0.16666666666666666,0.03496503496503496,1.1916666666666667,0.041666666666666664,1,0,3,1,2,0,0.034482758620689655,0.3333333333333333,1,1.0,32.448499999999996,43.1137,0,19,19,48,,0,0.6480000000000001,0.648,0.0538014667406808
0.5416666666666666,0.6477704217364503,0.12081775617640066,2.450211449306251,1.0,25.1875,4.4277771867779245,0.4489256017531133,2741.8977302533713,37,37,geolife,geolife_dd_nominal_bsp,bsp,0.1,adaptive,8,0.015625,40,5,2,4,0.4,0.09498680738786279,0.3759920634920635,0.03571428571428571,1,0,1,0,3,2,0.05,1.0,2,1.0,32.7505,47.00474999999999,0,8,8,41,,0,0.6480000000000001,0.648,0.0538014667406808
0.25,1.2484540827780635,0.2709536693265296,3.498565330191207,0.8125,18.291666666666668,3.746776720803126,0.3516270617441457,5242.49891250455,38,38,geolife,geolife_dd_nominal_bsp,bsp,0.1,adaptive,8,0.015625,33,3,1,7,0.3333333333333333,0.2,0.15625,0.03125,0,0,2,0,1,1,0.030303030303030304,0.5,1,1.0,31.657,37.6763,0,15,15,48,,0,0.6480000000000001,0.648,0.0538014667406808
0.375,1.255874642663173,0.15617337388495053,2.597602337133489,1.0,25.583333333333332,4.354531224956793,0.21882662611504947,5326.111242008822,39,39,geolife,geolife_dd_nominal_bsp,bsp,0.1,adaptive,8,0.015625,41,2,1,2,0.5,0.06666666666666667,0.26785714285714285,0.017857142857142856,1,0,0,0,1,1,0.024390243902439025,1.0,1,1.0,30.838,35.34545,0,7,7,48,,0,0.6480000000000001,0.648,0.0538014667406808
0.9166666666666666,0.08333333333333333,0.21876454941571608,1.6427256092443934,1.0,16.104166666666668,3.759421954970886,0.6979021172509506,347.875,42,42,geolife,geolife_dd_nominal_bsp,bsp,0.1,adaptive,8,0.015625,30,2,0,8,0.0,0.0,0.07291666666666666,0.0,0,0,1,0,1,0,0.0,0.0,0,1.0,33.254000000000005,47.998599999999996,0,14,14,48,,0,0.6480000000000001,0.648,0.0538014667406808
0.75,0.25,0.18336318906771817,1.8802794664713505,1.0,18.604166666666668,3.904143626694782,0.5666368109322818,1051.3269939521822,43,43,geolife,geolife_dd_nominal_bsp,bsp,0.1,adaptive,8,0.015625,28,3,1,7,0.3333333333333333,0.14285714285714285,0.14583333333333334,0.020833333333333332,0,0,2,0,1,1,0.03571428571428571,0.5,1,1.0,32.60850000000001,44.14345,0,18,18,47,,0,0.6480000000000001,0.648,0.0538014667406808
0.8958333333333334,0.10416666666666667,0.20249839161008343,1.643062618748419,1.0,21.916666666666668,4.086550910222946,0.69333494172325,444.47124244022797,44,44,geolife,geolife_dd_nominal_bsp,bsp,0.1,adaptive,8,0.015625,39,1,0,4,0.0,0.0,0.0625,0.0,0,0,1,0,0,0,0.0,0.0,0,1.0,35.3305,48.15349999999999,0,8,8,48,,0,0.6480000000000001,0.648,0.0538014667406808
0.5208333333333334,0.5625,0.2263792307352901,1.8596206353526015,1.0,24.479166666666668,4.014245995148985,0.2944541025980432,2392.442715225048,52,52,geolife,geolife_dd_nominal_bsp,bsp,0.1,adaptive,8,0.015625,35,0,0,2,nan,nan,0.0,0.0,0,0,0,0,0,0,0.0,nan,0,1.0,36.8535,58.8715,0,11,11,48,,0,0.6480000000000001,0.648,0.0538014667406808
0.0,1.7224089680456036,0.20126524230105938,3.3199674208463787,0.9375,20.020833333333332,3.968280178615449,0.20126524230105924,7246.902454416239,54,54,geolife,geolife_dd_nominal_bsp,bsp,0.1,adaptive,8,0.015625,38,3,3,8,1.0,1.0,0.07083333333333333,0.07083333333333333,0,0,0,0,3,3,0.07894736842105263,1.0,3,1.0,33.5275,48.613949999999996,0,14,14,48,,0,0.6480000000000001,0.648,0.0538014667406808
0.0,1.4956298554007421,0.2021406911228678,3.40189634560457,0.75,14.979166666666666,3.654596266703649,0.2021406911228678,6352.036223060596,58,58,geolife,geolife_dd_nominal_bsp,bsp,0.1,adaptive,8,0.015625,35,8,4,11,0.5,0.42553191489361697,0.3590277777777778,0.15277777777777776,1,0,2,2,5,2,0.11428571428571428,1.0,4,1.0,38.546499999999995,70.47139999999999,0,12,12,48,,0,0.6480000000000001,0.648,0.0538014667406808
0.020833333333333332,1.0309433619633037,0.19565269422304074,2.6333547085444526,0.9791666666666666,17.729166666666668,3.919306692705082,0.1748193608897074,4390.832421097698,62,62,geolife,geolife_dd_nominal_bsp,bsp,0.1,adaptive,8,0.015625,35,4,2,9,0.5,0.1322314049586777,0.32410714285714287,0.04285714285714286,1,0,0,0,3,2,0.05714285714285714,1.0,2,1.0,43.0305,93.10955,0,10,10,45,,0,0.6480000000000001,0.648,0.0538014667406808
0.7916666666666666,0.20833333333333334,0.20829864853982458,1.8920552333966745,0.9583333333333334,13.416666666666666,3.56295015038318,0.583368018126842,869.6875,64,64,geolife,geolife_dd_nominal_bsp,bsp,0.1,adaptive,8,0.015625,35,4,2,11,0.5,0.49218749999999994,0.17777777777777778,0.0875,0,0,2,1,2,1,0.05714285714285714,1.0,2,1.0,30.444,45.414,0,11,11,48,,0,0.6480000000000001,0.648,0.0538014667406808
1.0,0.0,0.26204944692883797,1.3854588312881895,1.0,19.125,3.8015071046279503,0.737950553071162,0.0,67,67,geolife,geolife_dd_nominal_bsp,bsp,0.1,adaptive,8,0.015625,37,5,2,6,0.4,0.08300395256916995,0.5647321428571429,0.046875,2,0,0,0,3,2,0.05405405405405406,1.0,2,1.0,31.6515,40.80665,0,11,11,48,,0,0.6480000000000001,0.648,0.0538014667406808
0.9583333333333334,0.0625,0.3654432943840786,1.1000593454272571,1.0,12.958333333333334,3.0907441755246547,0.5928900389492547,266.68274546413676,68,68,geolife,geolife_dd_nominal_bsp,bsp,0.1,adaptive,8,0.015625,33,6,4,12,0.6666666666666666,0.5231143552311436,0.18348214285714284,0.09598214285714285,0,0,1,0,5,4,0.12121212121212122,1.0,4,1.0,32.1285,42.9175,0,15,15,48,,0,0.6480000000000001,0.648,0.0538014667406808
0.5,0.818057237942272,0.22318035397534297,2.6217628303365252,0.8125,15.9375,3.7314166831466493,0.33485501265101947,3459.7371701816032,69,69,geolife,geolife_dd_nominal_bsp,bsp,0.1,adaptive,8,0.015625,37,2,0,4,0.0,0.0,0.08333333333333333,0.0,0,0,1,0,1,0,0.0,0.0,0,1.0,31.972,39.61765,0,9,9,48,,0,0.6480000000000001,0.648,0.0538014667406808
0.0,1.4311548294739014,0.21235157977916355,3.336718762575998,0.8958333333333334,16.833333333333332,3.7415097043401366,0.21235157977916355,6051.785701374494,73,73,geolife,geolife_dd_nominal_bsp,bsp,0.1,adaptive,8,0.015625,31,3,1,9,0.3333333333333333,0.16,0.11160714285714285,0.017857142857142856,0,0,1,0,2,1,0.03225806451612903,0.5,1,1.0,33.152,39.6622,0,12,12,48,,0,0.6480000000000001,0.648,0.0538014667406808
0.375,0.9499322448437019,0.1989069158106629,2.222215673017987,1.0,23.020833333333332,4.0739205259287266,0.23444227617526026,3975.0478710415714,74,74,geolife,geolife_dd_nominal_bsp,bsp,0.1,adaptive,8,0.015625,38,3,0,2,0.0,0.0,0.29910714285714285,0.0,1,0,0,0,2,0,0.0,0.0,0,1.0,32.386,44.28725,0,9,9,48,,0,0.6480000000000001,0.648,0.0538014667406808
0.3541666666666667,1.390856811626594,0.2668335567783254,2.751319513876208,0.875,18.208333333333332,3.5839213576869615,0.252659598762853,5914.632410681657,78,78,geolife,geolife_dd_nominal_bsp,bsp,0.1,adaptive,8,0.015625,30,4,1,5,0.25,0.019531250000000003,1.0666666666666664,0.020833333333333332,1,0,0,0,3,1,0.03333333333333333,0.25,1,1.0,32.921,41.78314999999999,0,18,18,48,,0,0.6480000000000001,0.648,0.0538014667406808
0.4583333333333333,0.8530056647916492,0.23664838955655418,1.8442837235448273,1.0,19.833333333333332,3.7254192369201693,0.23277812631194283,3566.2724515940718,79,79,geolife,geolife_dd_nominal_bsp,bsp,0.1,adaptive,8,0.015625,33,0,0,5,nan,nan,0.0,0.0,0,0,0,0,0,0,0.0,nan,0,1.0,31.238,44.43765,0,11,11,48,,0,0.6480000000000001,0.648,0.0538014667406808
0.0,1.0833333333333333,0.18030073896402876,1.9264200183687252,1.0,13.6875,3.530712045258205,0.18030073896402876,4622.500921378373,82,82,geolife,geolife_dd_nominal_bsp,bsp,0.1,adaptive,8,0.015625,37,4,4,12,1.0,1.0,0.09583333333333333,0.09583333333333333,0,0,0,0,4,4,0.10810810810810811,1.0,4,1.0,31.5685,39.14695,0,12,12,48,,0,0.6480000000000001,0.648,0.0538014667406808
0.6875,0.4375,0.19667917384031638,1.8783266782156076,1.0,22.354166666666668,4.077242230228133,0.49082082615968375,1866.7792182489577,83,83,geolife,geolife_dd_nominal_bsp,bsp,0.1,adaptive,8,0.015625,38,5,3,5,0.6,0.5530726256983239,0.18645833333333334,0.103125,0,0,2,1,3,2,0.07894736842105263,0.5,3,1.0,32.581500000000005,41.98644999999999,0,11,11,48,,0,0.6480000000000001,0.648,0.0538014667406808
0.14583333333333334,1.0101100286299698,0.25629657349603047,3.044498982047829,0.9375,22.104166666666668,3.9575109616873916,0.14442261420831187,4301.93817260965,84,84,geolife,geolife_dd_nominal_bsp,bsp,0.1,adaptive,8,0.015625,38,4,3,3,0.75,0.6557377049180327,0.09077380952380952,0.05952380952380952,0,0,0,0,4,3,0.07894736842105263,1.0,3,1.0,31.514,45.165749999999996,0,14,14,48,,0,0.6480000000000001,0.648,0.0538014667406808
0.3333333333333333,1.0094055357442053,0.21009589441080093,3.3674113680488253,0.7916666666666666,19.979166666666668,3.9458286047029465,0.12323743892253235,4264.794719888212,89,89,geolife,geolife_dd_nominal_bsp,bsp,0.1,adaptive,8,0.015625,33,3,1,4,0.3333333333333333,0.12903225806451613,0.3229166666666667,0.041666666666666664,1,0,1,1,1,0,0.030303030303030304,0.3333333333333333,1,1.0,30.753,43.27334999999999,0,13,13,48,,0,0.6480000000000001,0.648,0.0538014667406808
0.9375,0.0625,0.26191249860369287,1.424687183141809,1.0,20.416666666666668,3.827505187954074,0.6755875013963072,260.90625,102,102,geolife,geolife_dd_nominal_bsp,bsp,0.1,adaptive,8,0.015625,32,5,1,4,0.2,0.04497751124437781,0.39702380952380956,0.017857142857142856,1,0,2,0,2,1,0.03125,1.0,1,1.0,33.6805,39.36645,0,14,14,48,,0,0.6480000000000001,0.648,0.0538014667406808
0.5833333333333334,0.4770728111794098,0.17037117661126264,2.396378348661085,1.0,22.333333333333332,4.161090847427931,0.4129621567220707,2018.4528416615406,103,103,geolife,geolife_dd_nominal_bsp,bsp,0.1,adaptive,8,0.015625,36,4,3,4,0.75,0.7407407407407408,0.08035714285714285,0.05952380952380952,0,0,0,0,4,3,0.08333333333333333,0.5,3,1.0,32.355000000000004,39.52074999999999,0,14,14,48,,0,0.6480000000000001,0.648,0.0538014667406808
0.5208333333333334,0.4791666666666667,0.17953230637220854,2.0874671633218678,1.0,22.645833333333332,4.125160741724401,0.34130102696112474,2044.567715225049,104,104,geolife,geolife_dd_nominal_bsp,bsp,0.1,adaptive,8,0.015625,41,3,1,4,0.3333333333333333,0.014778325123152709,1.0572916666666667,0.015625,1,0,1,0,1,1,0.024390243902439025,0.5,1,1.0,31.6375,36.65325,0,9,9,48,,0,0.6480000000000001,0.648,0.0538014667406808
1.0,0.0,0.21502466567178546,1.5587303474425145,1.0,22.145833333333332,4.114651952000436,0.7849753343282145,0.0,112,112,geolife,geolife_dd_nominal_bsp,bsp,0.1,adaptive,8,0.015625,36,4,1,3,0.25,0.219435736677116,0.09494047619047619,0.020833333333333332,0,0,0,0,4,1,0.027777777777777776,1.0,1,1.0,31.6365,40.628499999999995,0,12,12,48,,0,0.6480000000000001,0.648,0.0538014667406808
0.0,1.6347251132830516,0.26346044525401124,3.844996440836106,0.6458333333333334,17.0,3.5968844643393765,0.26346044525401124,6859.726442486352,113,113,geolife,geolife_dd_nominal_bsp,bsp,0.1,adaptive,8,0.015625,36,7,2,9,0.2857142857142857,0.02218636546994756,2.5822916666666664,0.057291666666666664,4,0,1,1,2,1,0.05555555555555555,1.0,2,1.0,32.4915,43.632799999999996,0,11,11,48,,0,0.6480000000000001,0.648,0.0538014667406808
0.4166666666666667,1.0934433619633033,0.229410434364536,2.37570875879304,1.0,19.395833333333332,3.8090371727783965,0.26697062758276385,4657.515166561831,119,119,geolife,geolife_dd_nominal_bsp,bsp,0.1,adaptive,8,0.015625,35,1,1,6,1.0,1.0,0.017857142857142856,0.017857142857142856,0,0,0,0,1,1,0.02857142857142857,1.0,1,1.0,32.3065,38.251799999999996,0,11,11,48,,0,0.6480000000000001,0.648,0.0538014667406808
0.8125,0.1875,0.23157693968620408,1.7139324586228926,1.0,18.729166666666668,3.761785675061292,0.5809230603137959,800.0482363924102,122,122,geolife,geolife_dd_nominal_bsp,bsp,0.1,adaptive,8,0.015625,34,5,4,11,0.8,0.22935779816513766,0.32440476190476186,0.0744047619047619,1,0,0,0,4,4,0.11764705882352941,1.0,4,1.0,31.119500000000002,51.370699999999985,0,16,16,48,,0,0.6480000000000001,0.648,0.0538014667406808
0.4791666666666667,0.7901662516190688,0.19916351849256417,1.8742739085933386,1.0,17.229166666666668,3.7620739432770236,0.2800031481741025,3340.3321637208574,128,128,geolife,geolife_dd_nominal_bsp,bsp,0.1,adaptive,8,0.015625,41,4,2,7,0.5,0.4067796610169492,0.08779761904761904,0.03571428571428571,0,0,0,0,4,2,0.04878048780487805,1.0,2,1.0,32.88,48.25949999999999,0,8,8,48,,0,0.6480000000000001,0.648,0.0538014667406808
0.0,1.478005664791649,0.1977749145494083,2.3856448822924015,1.0,16.770833333333332,3.75532754356914,0.19777491454940832,6253.060311511224,138,138,geolife,geolife_dd_nominal_bsp,bsp,0.1,adaptive,8,0.015625,37,3,1,8,0.3333333333333333,0.047619047619047616,1.3125,0.0625,2,0,1,1,0,0,0.02702702702702703,1.0,1,1.0,33.063,44.3309,0,11,11,48,,0,0.6480000000000001,0.648,0.0538014667406808
0.0,1.627347882754335,0.30350328147692934,2.5924731858573873,1.0,13.583333333333334,3.2770345402913645,0.30350328147692945,6831.183431940878,142,142,geolife,geolife_dd_nominal_bsp,bsp,0.1,adaptive,8,0.015625,37,3,1,9,0.3333333333333333,0.03773584905660377,1.1041666666666667,0.041666666666666664,1,0,2,1,0,0,0.02702702702702703,0.5,1,1.0,31.411,40.23425,0,11,11,48,,0,0.6480000000000001,0.648,0.0538014667406808
0.1875,1.065461158827728,0.21104864636140422,2.325824641322104,1.0,20.916666666666668,3.9333696398549276,0.10229597302348546,4465.308468789134,147,147,geolife,geolife_dd_nominal_bsp,bsp,0.1,adaptive,8,0.015625,35,0,0,4,nan,nan,0.0,0.0,0,0,0,0,0,0,0.0,nan,0,1.0,32.3965,54.59914999999999,0,13,13,48,,0,0.6480000000000001,0.648,0.0538014667406808
1.0,0.0,0.2616938674872383,1.3733798533011214,1.0,17.333333333333332,3.6339240133188198,0.7383061325127618,0.0,159,159,geolife,geolife_dd_nominal_bsp,bsp,0.1,adaptive,8,0.015625,33,2,0,3,0.0,0.0,1.0208333333333333,0.0,1,0,0,0,1,0,0.0,0.0,0,1.0,31.9615,45.031,0,14,14,48,,0,0.6480000000000001,0.648,0.0538014667406808
0.5416666666666666,0.492851130197758,0.21509291846967063,1.9940721684169418,1.0,20.0,3.8898417438244426,0.32657374819699597,2074.4359796534904,167,167,geolife,geolife_dd_nominal_bsp,bsp,0.1,adaptive,8,0.015625,36,4,3,6,0.75,0.2727272727272727,0.34375,0.09375,1,0,1,1,2,2,0.08333333333333333,1.0,3,1.0,31.8835,55.51139999999997,0,10,10,48,,0,0.6480000000000001,0.648,0.0538014667406808
0.0,2.9701793141632433,0.1746638542146481,6.481884627139704,0.08333333333333333,18.0625,3.868160139416457,0.17466385421464814,12553.155137578971,168,168,geolife,geolife_dd_nominal_bsp,bsp,0.1,adaptive,8,0.015625,42,4,0,2,0.0,0.0,0.5833333333333334,0.0,2,0,1,0,1,0,0.0,0.0,0,1.0,32.2755,38.59055,0,4,4,48,,0,0.6480000000000001,0.648,0.0538014667406808
0.5,0.8819921027181019,0.17262199648680476,2.9418901158214408,0.8125,27.1875,4.354865973991078,0.3273780035131953,3719.254370100349,169,169,geolife,geolife_dd_nominal_bsp,bsp,0.1,adaptive,8,0.015625,34,2,1,1,0.5,0.3333333333333333,0.0625,0.020833333333333332,0,0,1,0,1,1,0.029411764705882353,0.5,1,1.0,31.497500000000002,38.576699999999995,0,17,17,48,,0,0.6480000000000001,0.648,0.0538014667406808
1.0,0.0,0.20428577458932798,1.6238905843038207,1.0,25.145833333333332,4.236431736099741,0.795714225410672,0.0,174,174,geolife,geolife_dd_nominal_bsp,bsp,0.1,adaptive,8,0.015625,39,5,1,1,0.2,0.014925373134328358,1.3958333333333333,0.020833333333333332,2,0,2,0,1,1,0.02564102564102564,1.0,1,1.0,30.779,43.90495,0,10,10,48,,0,0.6480000000000001,0.648,0.0538014667406808
0.16666666666666666,0.8505922317655457,0.18257996222112646,1.8687380544665404,1.0,18.541666666666668,3.9003767325587755,0.1605812140134296,3626.7041869083428,177,177,geolife,geolife_dd_nominal_bsp,bsp,0.1,adaptive,8,0.015625,34,5,3,6,0.6,0.45689655172413784,0.16111111111111112,0.0736111111111111,0,0,1,0,4,3,0.08823529411764706,1.0,3,1.0,33.165,43.21969999999999,0,14,14,48,,0,0.6480000000000001,0.648,0.0538014667406808
0.6875,0.6875,0.231568560200084,1.945668092080119,1.0,18.125,3.732955259914435,0.45593143979991596,2869.96875,179,179,geolife,geolife_dd_nominal_bsp,bsp,0.1,adaptive,8,0.015625,36,2,2,4,1.0,1.0,0.033482142857142856,0.033482142857142856,0,0,0,0,2,2,0.05555555555555555,1.0,2,1.0,32.8885,45.21959999999999,0,12,12,48,,0,0.6480000000000001,0.648,0.0538014667406808
0.0,2.2719160328201897,0.10593644367774631,3.071562758017859,1.0,30.083333333333332,4.7533124102845905,0.10593644367774628,9524.681471089407,2,2,geolife,geolife_data_single_bsp,bsp,0.1,adaptive,8,0.0,35,6,1,5,0.16666666666666666,0.012917115177610333,1.3824404761904763,0.017857142857142856,2,0,1,0,3,1,0.02857142857142857,0.5,1,1.0,29.6845,48.1898,0,0,0,20,,0,0.6480000000000001,0.648,0.0612571936872396
0.0,1.5945234637048233,0.10180986262554746,2.726109852027467,1.0,32.75,4.855311771684037,0.10180986262554748,6678.10750650506,3,3,geolife,geolife_data_single_bsp,bsp,0.1,adaptive,8,0.0,40,4,2,4,0.5,0.3243243243243244,0.15416666666666665,0.05,0,0,2,0,2,2,0.05,0.5,2,1.0,30.701999999999998,42.212999999999994,0,0,0,20,,0,0.6480000000000001,0.648,0.0612571936872396
0.125,1.4157797401561567,0.10991273541376713,2.4790355733952922,1.0,27.479166666666668,4.62443663475105,0.0280764787025575,5928.415253806634,4,4,geolife,geolife_data_single_bsp,bsp,0.1,adaptive,8,0.5625,31,3,1,12,0.3333333333333333,0.14285714285714285,0.14583333333333334,0.020833333333333332,0,0,2,0,1,1,0.03225806451612903,0.5,1,1.0,30.615499999999997,43.303399999999996,0,4,4,26,,0,0.6480000000000001,0.648,0.0612571936872396
0.4791666666666667,0.5467216809816519,0.10938564982454298,2.614020407840576,1.0,31.020833333333332,4.790220487807823,0.36978101684212367,2315.2790938645967,7,7,geolife,geolife_data_single_bsp,bsp,0.1,adaptive,8,0.4791666666666667,40,5,1,3,0.2,0.07894736842105263,0.2261904761904762,0.017857142857142856,0,0,3,0,2,1,0.025,0.5,1,1.0,30.5195,39.7022,0,2,2,23,,0,0.6480000000000001,0.648,0.0612571936872396
0.14583333333333334,1.534700655416561,0.10442815762893605,3.382205677617222,1.0,29.645833333333332,4.738497816831674,0.08336421936713245,6427.456718636154,8,8,geolife,geolife_data_single_bsp,bsp,0.1,adaptive,8,0.10416666666666667,42,6,3,5,0.5,0.18048780487804877,0.35590277777777773,0.0642361111111111,1,0,0,0,5,3,0.07142857142857142,0.5,3,1.0,30.108,39.1791,0,2,2,23,,0,0.6480000000000001,0.648,0.0612571936872396
0.0,1.0,0.11086205961843004,2.5524283161548316,1.0,29.3125,4.705513278382704,0.11086205961843006,4174.5,9,9,geolife,geolife_data_single_bsp,bsp,0.1,adaptive,8,0.0,35,5,0,5,0.0,0.0,0.7916666666666667,0.0,3,0,0,0,2,0,0.0,0.0,0,1.0,30.396,43.34809999999999,0,5,5,26,,0,0.6480000000000001,0.648,0.0612571936872396
0.14583333333333334,2.144892322374465,0.11208943800305088,4.252231951982367,0.6875,27.75,4.653713292532194,0.18000188845501294,9103.438939160053,12,12,geolife,geolife_data_single_bsp,bsp,0.1,adaptive,8,0.14583333333333334,37,5,0,6,0.0,0.0,1.3616071428571428,0.0,2,0,1,0,2,0,0.0,0.0,0,1.0,31.058999999999997,36.27965,0,6,6,28,,0,0.6480000000000001,0.648,0.0612571936872396
0.8958333333333334,0.14921411792017458,0.10880500704018263,2.334588942451427,1.0,28.479166666666668,4.70039281367818,0.7870283262931507,631.2112782916253,14,14,geolife,geolife_data_single_bsp,bsp,0.1,adaptive,8,0.9166666666666666,34,6,2,9,0.3333333333333333,0.09562260943476412,0.35014880952380956,0.033482142857142856,1,0,0,0,5,2,0.058823529411764705,1.0,2,1.0,30.758000000000003,37.0584,0,2,2,22,,0,0.6480000000000001,0.648,0.0612571936872396
0.0625,3.2654486282419675,0.11168134000872353,3.4280862397963685,0.9791666666666666,32.8125,4.852961198905506,0.11851812785657358,13683.038834530054,17,17,geolife,geolife_data_single_bsp,bsp,0.1,adaptive,8,0.0,32,3,0,2,0.0,0.0,0.5625,0.0,2,0,1,0,0,0,0.0,0.0,0,1.0,30.005,36.35339999999999,0,10,10,33,,0,0.6480000000000001,0.648,0.0612571936872396
0.0,3.7557219609794017,0.10515438266812611,5.0119984551605965,0.4583333333333333,31.666666666666668,4.80132219681773,0.10515438266812609,15922.236483167782,18,18,geolife,geolife_data_single_bsp,bsp,0.1,adaptive,8,0.0,39,2,1,2,0.5,0.5714285714285715,0.07291666666666666,0.041666666666666664,0,0,1,1,1,0,0.02564102564102564,0.5,1,1.0,29.6845,33.741949999999996,0,1,1,21,,0,0.6480000000000001,0.648,0.0612571936872396
0.0,2.5692699978258884,0.1134090189552475,3.510182434912226,1.0,27.6875,4.638215262441146,0.11340901895524753,10871.833393983728,19,19,geolife,geolife_data_single_bsp,bsp,0.1,adaptive,8,0.0,35,5,1,8,0.2,0.11351351351351353,0.1376488095238095,0.015625,0,0,1,0,4,1,0.02857142857142857,0.5,1,1.0,30.3505,36.62839999999999,0,6,6,29,,0,0.6480000000000001,0.648,0.0612571936872396
0.6041666666666666,0.7702847075210473,0.10950355967909838,2.5440797884022532,1.0,27.604166666666668,4.638041551486411,0.4946631069875684,3219.2432060366577,22,22,geolife,geolife_data_single_bsp,bsp,0.1,adaptive,8,0.7291666666666666,34,3,0,7,0.0,0.0,1.1041666666666667,0.0,1,0,2,0,0,0,0.0,0.0,0,1.0,30.06,34.808,0,4,4,24,,0,0.6480000000000001,0.648,0.0612571936872396
0.9791666666666666,0.04658474953124562,0.11071367087794982,2.2346420080307907,1.0,28.9375,4.6818535636142835,0.8684529957887168,195.33673827650648,23,23,geolife,geolife_data_single_bsp,bsp,0.1,adaptive,8,1.0,36,2,0,5,0.0,0.0,1.0208333333333333,0.0,1,0,0,0,1,0,0.0,0.0,0,1.0,30.5845,47.81605,0,2,2,23,,0,0.6480000000000001,0.648,0.0612571936872396
0.5,1.5463803074548226,0.10599915871323429,2.5471778043364846,1.0,31.333333333333332,4.815218772486776,0.3940008412867657,6529.881208420357,24,24,geolife,geolife_data_single_bsp,bsp,0.1,adaptive,8,1.0,30,4,1,10,0.25,0.18181818181818185,0.0982142857142857,0.017857142857142856,0,0,1,0,3,1,0.03333333333333333,1.0,1,1.0,31.8985,38.739599999999996,0,2,2,21,,0,0.6480000000000001,0.648,0.0612571936872396
0.6666666666666666,0.6083802566454809,0.11034170017504008,2.3873684058330187,1.0,28.270833333333332,4.678900172416429,0.5563249664916267,2567.917796498043,27,27,geolife,geolife_data_single_bsp,bsp,0.1,adaptive,8,0.75,35,2,1,8,0.5,0.5,0.041666666666666664,0.020833333333333332,0,0,0,0,2,1,0.02857142857142857,1.0,1,1.0,30.468,38.1013,0,4,4,24,,0,0.6480000000000001,0.648,0.0612571936872396
0.375,0.857173540132429,0.1077768715225532,3.1487170082831004,0.8333333333333334,27.3125,4.611427917647775,0.3658527433041387,3606.1369421263353,28,28,geolife,geolife_data_single_bsp,bsp,0.1,adaptive,8,0.375,34,3,1,6,0.3333333333333333,0.16949152542372883,0.10535714285714284,0.017857142857142856,0,0,1,0,2,1,0.029411764705882353,0.5,1,1.0,30.2195,35.68729999999999,0,2,2,21,,0,0.6480000000000001,0.648,0.0612571936872396
0.0,2.110301782723172,0.10920273252191853,3.486193555216593,0.8958333333333334,30.9375,4.780129785980155,0.10920273252191852,8830.968136937237,29,29,geolife,geolife_data_single_bsp,bsp,0.1,adaptive,8,0.0,38,5,1,5,0.2,0.08968609865470852,0.19910714285714284,0.017857142857142856,0,0,2,0,3,1,0.02631578947368421,0.5,1,1.0,30.899,39.238099999999996,0,2,2,22,,0,0.6480000000000001,0.648,0.0612571936872396
0.6458333333333334,0.7378418305208071,0.10837180229225242,2.440686172317945,1.0,31.75,4.829310557173331,0.5374615310410809,3085.3329296590387,32,32,geolife,geolife_data_single_bsp,bsp,0.1,adaptive,8,1.0,36,6,0,3,0.0,0.0,0.4623015873015873,0.0,1,0,3,0,2,0,0.0,0.0,0,1.0,30.726,43.62089999999999,0,3,3,23,,0,0.6480000000000001,0.648,0.0612571936872396
0.6666666666666666,0.6666666666666666,0.11018588647476958,2.269861087094067,1.0,32.729166666666664,4.820047207300852,0.5564807801918971,2783.0,33,33,geolife,geolife_data_single_bsp,bsp,0.1,adaptive,8,1.0,37,4,0,4,0.0,0.0,0.4,0.0,1,0,2,0,1,0,0.0,0.0,0,1.0,29.331000000000003,40.714549999999996,0,3,3,23,,0,0.6480000000000001,0.648,0.0612571936872396
0.041666666666666664,1.5424427531947655,0.11098945897322625,2.998543684012509,0.9583333333333334,28.625,4.688559185255616,0.06932279230655954,6468.990813031201,34,34,geolife,geolife_data_single_bsp,bsp,0.1,adaptive,8,0.041666666666666664,29,6,1,8,0.16666666666666666,0.02097902097902098,1.1916666666666667,0.025,1,0,3,0,2,1,0.034482758620689655,0.3333333333333333,1,1.0,31.0685,39.92915,0,3,3,25,,0,0.6480000000000001,0.648,0.0612571936872396
0.0,2.2597121487029628,0.10357928799757611,3.2326803731461666,1.0,35.916666666666664,4.94341826242541,0.10357928799757614,9547.435733119606,37,37,geolife,geolife_data_single_bsp,bsp,0.1,adaptive,8,0.0,40,5,0,2,0.0,0.0,0.3759920634920635,0.0,1,0,1,0,3,0,0.0,0.0,0,1.0,28.826500000000003,34.208,0,2,2,22,,0,0.6480000000000001,0.648,0.0612571936872396
0.041666666666666664,2.0641625379553394,0.10908506857058387,3.6484393330990947,0.9791666666666666,26.770833333333332,4.5767203947867365,0.06741840190391717,8655.707059923738,38,38,geolife,geolife_data_single_bsp,bsp,0.1,adaptive,8,0.25,33,3,1,8,0.3333333333333333,0.2,0.15625,0.03125,0,0,2,0,1,1,0.030303030303030304,0.5,1,1.0,30.572499999999998,35.25725,0,1,1,21,,0,0.6480000000000001,0.648,0.0612571936872396
0.08333333333333333,1.9026976415507197,0.1041727335090949,3.2419106716407136,0.9583333333333334,36.854166666666664,4.979352016927065,0.0917575558778213,8061.9991409149725,39,39,geolife,geolife_data_single_bsp,bsp,0.1,adaptive,8,0.4791666666666667,41,2,0,1,0.0,0.0,0.26785714285714285,0.0,1,0,0,0,1,0,0.0,0.0,0,1.0,30.764000000000003,43.850350000000006,0,0,0,20,,0,0.6480000000000001,0.648,0.0612571936872396
0.0,1.2708333333333333,0.1092288015684109,2.5766037677412554,1.0,25.666666666666668,4.516337427700142,0.10922880156841092,5355.156710689188,42,42,geolife,geolife_data_single_bsp,bsp,0.1,adaptive,8,0.0,30,2,0,8,0.0,0.0,0.07291666666666666,0.0,0,0,1,0,1,0,0.0,0.0,0,1.0,32.042,40.87775,0,2,2,22,,0,0.6480000000000001,0.648,0.0612571936872396
0.041666666666666664,2.3564156381366437,0.1074591223556236,3.002765507017905,0.9791666666666666,33.291666666666664,4.840028295998977,0.06579245568895695,10004.274184382484,43,43,geolife,geolife_data_single_bsp,bsp,0.1,adaptive,8,0.22916666666666666,28,3,1,5,0.3333333333333333,0.14285714285714285,0.14583333333333334,0.020833333333333332,0,0,2,0,1,1,0.03571428571428571,0.5,1,1.0,31.6485,44.99415,0,5,5,25,,0,0.6480000000000001,0.648,0.0612571936872396
0.8125,0.3125,0.10633501805563977,2.358752483399049,1.0,30.625,4.794181254960928,0.7061649819443602,1333.4137273206834,44,44,geolife,geolife_data_single_bsp,bsp,0.1,adaptive,8,1.0,39,1,0,4,0.0,0.0,0.0625,0.0,0,0,1,0,0,0,0.0,0.0,0,1.0,29.7805,35.31745,0,3,3,22,,0,0.6480000000000001,0.648,0.0612571936872396
0.0,1.3531227606083203,0.11115465383974667,2.7749383555706895,1.0,29.0625,4.697200649536401,0.1111546538397467,5734.197733437662,52,52,geolife,geolife_data_single_bsp,bsp,0.1,adaptive,8,0.0,35,0,0,7,nan,nan,0.0,0.0,0,0,0,0,0,0,0.0,nan,0,1.0,29.583,40.56049999999999,0,5,5,26,,0,0.6480000000000001,0.648,0.0612571936872396
0.0,2.2360679774997876,0.11061643397700475,4.3847529437600645,0.9791666666666666,28.666666666666668,4.689406909496384,0.11061643397700475,9376.163437272307,54,54,geolife,geolife_data_single_bsp,bsp,0.1,adaptive,8,0.0,38,3,2,8,0.6666666666666666,0.7058823529411765,0.07083333333333333,0.05,0,0,0,0,3,2,0.05263157894736842,1.0,2,1.0,29.8825,41.754499999999986,0,4,4,25,,0,0.6480000000000001,0.648,0.0612571936872396
0.0,1.6792617219650732,0.1110782098076445,4.246667703067089,0.7291666666666666,28.229166666666668,4.663808977922613,0.11107820980764449,7106.437451269724,58,58,geolife,geolife_data_single_bsp,bsp,0.1,adaptive,8,0.0,35,8,1,8,0.125,0.058027079303675046,0.3590277777777778,0.020833333333333332,1,0,2,0,5,1,0.02857142857142857,0.5,1,1.0,29.7515,34.4411,0,2,2,23,,0,0.6480000000000001,0.648,0.0612571936872396
0.020833333333333332,1.4594869890714353,0.1106018091494877,3.5207749582887273,0.9791666666666666,29.104166666666668,4.707711386420074,0.0897684758161544,6171.547924927625,62,62,geolife,geolife_data_single_bsp,bsp,0.1,adaptive,8,0.020833333333333332,35,4,1,5,0.25,0.055096418732782364,0.32410714285714287,0.017857142857142856,1,0,0,0,3,1,0.02857142857142857,1.0,1,1.0,30.039,38.637249999999995,0,4,4,24,,0,0.6480000000000001,0.648,0.0612571936872396
0.0,1.231899677231616,0.11047602998793364,2.6666416582737815,1.0,29.145833333333332,4.721847498904126,0.11047602998793364,5161.323766708146,64,64,geolife,geolife_data_single_bsp,bsp,0.1,adaptive,8,0.08333333333333333,35,4,1,9,0.25,0.140625,0.17777777777777778,0.025,0,0,2,0,2,1,0.02857142857142857,0.5,1,1.0,31.744,42.3775,0,2,2,22,,0,0.6480000000000001,0.648,0.0612571936872396
1.0,0.0,0.11074604541952582,2.2250432946641525,1.0,30.791666666666668,4.749048593675401,0.8892539545804743,0.0,67,67,geolife,geolife_data_single_bsp,bsp,0.1,adaptive,8,1.0,37,5,2,7,0.4,0.059288537549407105,0.5647321428571429,0.033482142857142856,2,0,0,0,3,2,0.05405405405405406,1.0,2,1.0,29.677500000000002,35.95624999999999,0,2,2,22,,0,0.6480000000000001,0.648,0.0612571936872396
0.0,1.7315145494210007,0.11032673419674083,2.8467069380453425,1.0,27.229166666666668,4.631602146486314,0.11032673419674084,7358.451109367063,68,68,geolife,geolife_data_single_bsp,bsp,0.1,adaptive,8,0.0,33,6,3,11,0.5,0.3527980535279805,0.18348214285714284,0.06473214285714285,0,0,1,0,5,3,0.09090909090909091,1.0,3,1.0,29.877499999999998,36.85055,0,3,3,23,,0,0.6480000000000001,0.648,0.0612571936872396
0.041666666666666664,1.0208333333333333,0.10285499893257606,2.648218834209144,1.0,35.083333333333336,4.945221609162321,0.061188332265909424,4303.829716737005,69,69,geolife,geolife_data_single_bsp,bsp,0.1,adaptive,8,0.041666666666666664,37,2,1,4,0.5,0.25,0.08333333333333333,0.020833333333333332,0,0,1,0,1,1,0.02702702702702703,0.5,1,1.0,30.7165,35.9744,0,0,0,20,,0,0.6480000000000001,0.648,0.0612571936872396
0.125,2.707037338118548,0.11070870047191271,4.119954236586665,0.7916666666666666,30.8125,4.794628305103385,0.02714890409592365,11487.035717994624,73,73,geolife,geolife_data_single_bsp,bsp,0.1,adaptive,8,0.0,31,3,1,8,0.3333333333333333,0.16,0.11160714285714285,0.017857142857142856,0,0,1,0,2,1,0.03225806451612903,0.5,1,1.0,29.451999999999998,33.81625,0,6,6,26,,0,0.6480000000000001,0.648,0.0612571936872396
0.0,1.5158499126606817,0.10902456799207505,2.7770336878565938,1.0,30.25,4.751624274876286,0.10902456799207509,6395.5270109432895,74,74,geolife,geolife_data_single_bsp,bsp,0.1,adaptive,8,0.0,38,3,0,3,0.0,0.0,0.29910714285714285,0.0,1,0,0,0,2,0,0.0,0.0,0,1.0,29.700499999999998,39.83874999999999,0,1,1,23,,0,0.6480000000000001,0.648,0.0612571936872396
0.2708333333333333,2.0040774963569965,0.11228150102471073,4.0456036485431,0.6041666666666666,27.958333333333332,4.660566170146706,0.23667331593237714,8535.99009150981,78,78,geolife,geolife_data_single_bsp,bsp,0.1,adaptive,8,0.2708333333333333,30,4,2,10,0.5,0.042968750000000014,1.0666666666666664,0.04583333333333334,1,0,0,0,3,2,0.06666666666666667,0.5,2,1.0,29.914,35.26105,0,6,6,28,,0,0.6480000000000001,0.648,0.0612571936872396
0.0,2.013482406736308,0.10807192507682932,3.066561869014565,1.0,29.854166666666668,4.757086841328789,0.10807192507682932,8479.315960123564,79,79,geolife,geolife_data_single_bsp,bsp,0.1,adaptive,8,0.0,33,0,0,6,nan,nan,0.0,0.0,0,0,0,0,0,0,0.0,nan,0,1.0,29.6535,33.347449999999995,0,3,3,23,,0,0.6480000000000001,0.648,0.0612571936872396
0.0,2.4166666666666665,0.11136950493966534,3.0289243723132824,1.0,27.75,4.6691532048761255,0.11136950493966531,10311.732824613295,82,82,geolife,geolife_data_single_bsp,bsp,0.1,adaptive,8,0.0,37,4,0,8,0.0,0.0,0.09583333333333333,0.0,0,0,0,0,4,0,0.0,0.0,0,1.0,29.2975,49.084999999999994,0,5,5,26,,0,0.6480000000000001,0.648,0.0612571936872396
0.0,2.1600657351297445,0.10593994606353428,3.0387841352358684,1.0,30.833333333333332,4.735729941903959,0.10593994606353424,9151.742711291192,83,83,geolife,geolife_data_single_bsp,bsp,0.1,adaptive,8,0.0,38,5,2,7,0.4,0.1955307262569832,0.18645833333333334,0.03645833333333333,0,0,2,0,3,2,0.05263157894736842,1.0,2,1.0,30.5395,43.288,0,0,0,20,,0,0.6480000000000001,0.648,0.0612571936872396
0.14583333333333334,1.738325952258105,0.10361382855070946,2.8785476527516916,1.0,30.666666666666668,4.807506467549061,0.11996541156925207,7377.228393160709,84,84,geolife,geolife_data_single_bsp,bsp,0.1,adaptive,8,0.14583333333333334,38,4,3,7,0.75,0.6557377049180327,0.09077380952380952,0.05952380952380952,0,0,0,0,4,3,0.07894736842105263,1.0,3,1.0,29.207500000000003,33.0155,0,2,2,24,,0,0.6480000000000001,0.648,0.0612571936872396
0.0,2.4145099466583244,0.11125653772898252,3.2520522518308823,1.0,32.8125,4.812095924331802,0.11125653772898247,10278.180355463204,89,89,geolife,geolife_data_single_bsp,bsp,0.1,adaptive,8,0.0,33,3,1,6,0.3333333333333333,0.0967741935483871,0.3229166666666667,0.03125,1,0,1,0,1,1,0.030303030303030304,0.3333333333333333,1,1.0,31.86,46.23274999999999,0,5,5,27,,0,0.6480000000000001,0.648,0.0612571936872396
0.9375,0.0625,0.11057199590049675,2.2630510219123416,1.0,27.583333333333332,4.642452289261592,0.8269280040995032,260.90625,102,102,geolife,geolife_data_single_bsp,bsp,0.1,adaptive,8,0.9375,32,5,1,8,0.2,0.04497751124437781,0.39702380952380956,0.017857142857142856,1,0,2,0,2,1,0.03125,1.0,1,1.0,31.6865,41.821999999999996,0,3,3,24,,0,0.6480000000000001,0.648,0.0612571936872396
0.7291666666666666,0.2708333333333333,0.11033665633993887,2.3312592323980743,1.0,28.104166666666668,4.666494939487891,0.6188300103267278,1134.444746976091,103,103,geolife,geolife_data_single_bsp,bsp,0.1,adaptive,8,0.7708333333333334,36,4,1,6,0.25,0.25925925925925924,0.08035714285714285,0.020833333333333332,0,0,0,0,4,1,0.027777777777777776,0.5,1,1.0,31.3625,56.8548,0,5,5,27,,0,0.6480000000000001,0.648,0.0612571936872396
0.125,1.0734773319704407,0.11103485859819007,2.94609216486827,1.0,29.229166666666668,4.715075633349179,0.09797721104938999,4512.717810169998,104,104,geolife,geolife_data_single_bsp,bsp,0.1,adaptive,8,0.125,41,3,1,6,0.3333333333333333,0.014778325123152709,1.0572916666666667,0.015625,1,0,1,0,1,1,0.024390243902439025,0.5,1,1.0,32.699,47.109449999999995,0,4,4,26,,0,0.6480000000000001,0.648,0.0612571936872396
0.7291666666666666,0.8125,0.11149993867833875,2.2996917369253995,1.0,28.833333333333332,4.714574407777124,0.6176667279883279,3391.78125,112,112,geolife,geolife_data_single_bsp,bsp,0.1,adaptive,8,1.0,36,4,0,6,0.0,0.0,0.09494047619047619,0.0,0,0,0,0,4,0,0.0,0.0,0,1.0,30.561,43.82124999999999,0,4,4,24,,0,0.6480000000000001,0.648,0.0612571936872396
0.0,2.7026055360437518,0.10948209960595075,5.073221516761317,0.4791666666666667,28.125,4.665593903441707,0.10948209960595075,11405.572950729045,113,113,geolife,geolife_data_single_bsp,bsp,0.1,adaptive,8,0.0,36,7,1,8,0.14285714285714285,0.006050826946349335,2.5822916666666664,0.015625,4,0,1,0,2,1,0.027777777777777776,1.0,1,1.0,30.957500000000003,41.03965,0,3,3,25,,0,0.6480000000000001,0.648,0.0612571936872396
0.0,2.7290259748406895,0.11209530849920703,3.538649954901837,1.0,28.833333333333332,4.699810455564451,0.11209530849920703,11619.032636914419,119,119,geolife,geolife_data_single_bsp,bsp,0.1,adaptive,8,0.0,35,1,1,9,1.0,1.0,0.017857142857142856,0.017857142857142856,0,0,0,0,1,1,0.02857142857142857,1.0,1,1.0,30.0265,37.1552,0,7,7,28,,0,0.6480000000000001,0.648,0.0612571936872396
0.0,1.0,0.11325838848115256,2.6090760971296576,1.0,27.1875,4.620115820507982,0.11325838848115262,4266.923927426191,122,122,geolife,geolife_data_single_bsp,bsp,0.1,adaptive,8,0.0,34,5,2,12,0.4,0.11926605504587158,0.32440476190476186,0.03869047619047619,1,0,0,0,4,2,0.058823529411764705,1.0,2,1.0,30.4285,43.033849999999994,0,6,6,28,,0,0.6480000000000001,0.648,0.0612571936872396
0.0,2.0670790946193898,0.10963069923123142,3.140217670595288,1.0,29.5,4.734864544788517,0.10963069923123143,8669.377549318562,128,128,geolife,geolife_data_single_bsp,bsp,0.1,adaptive,8,0.0,41,4,1,5,0.25,0.23728813559322035,0.08779761904761904,0.020833333333333332,0,0,0,0,4,1,0.024390243902439025,1.0,1,1.0,31.118000000000002,43.006699999999995,0,3,3,23,,0,0.6480000000000001,0.648,0.0612571936872396
0.0,2.328375791664981,0.11252716911829609,3.381866350867037,1.0,28.104166666666668,4.671156670802887,0.11252716911829606,9862.059640859141,138,138,geolife,geolife_data_single_bsp,bsp,0.1,adaptive,8,0.0,37,3,0,8,0.0,0.0,1.3125,0.0,2,0,1,0,0,0,0.0,0.0,0,1.0,31.804499999999997,43.1782,0,5,5,27,,0,0.6480000000000001,0.648,0.0612571936872396
0.0,2.187343657843251,0.10705481343939251,4.051307107481765,1.0,29.520833333333332,4.707064072076942,0.10705481343939251,9177.634746787196,142,142,geolife,geolife_data_single_bsp,bsp,0.1,adaptive,8,0.0,37,3,0,6,0.0,0.0,1.1041666666666667,0.0,1,0,2,0,0,0,0.0,0.0,0,1.0,37.194,46.548899999999996,0,2,2,22,,0,0.6480000000000001,0.648,0.0612571936872396
0.0,1.3277821387616269,0.11081285941185738,2.876599550603002,1.0,28.458333333333332,4.688525790412252,0.11081285941185735,5614.715746478704,147,147,geolife,geolife_data_single_bsp,bsp,0.1,adaptive,8,0.0,35,0,0,5,nan,nan,0.0,0.0,0,0,0,0,0,0,0.0,nan,0,1.0,30.959000000000003,51.32874999999999,0,3,3,24,,0,0.6480000000000001,0.648,0.0612571936872396
0.5625,0.5136844635310912,0.1080219326229489,2.3176903531656934,1.0,27.104166666666668,4.574956304074665,0.45447806737705104,2186.436209998084,159,159,geolife,geolife_data_single_bsp,bsp,0.1,adaptive,8,1.0,33,2,0,5,0.0,0.0,1.0208333333333333,0.0,1,0,0,0,1,0,0.0,0.0,0,1.0,31.0615,44.54859999999999,0,0,0,20,,0,0.6480000000000001,0.648,0.0612571936872396
0.3333333333333333,1.519606781186547,0.10350507713886174,2.792624698145646,1.0,31.541666666666668,4.835988447411325,0.3242705485671986,6447.697626408989,167,167,geolife,geolife_data_single_bsp,bsp,0.1,adaptive,8,0.3333333333333333,36,4,2,6,0.5,0.09090909090909091,0.34375,0.03125,1,0,1,0,2,2,0.05555555555555555,1.0,2,1.0,30.4495,37.8482,0,1,1,20,,0,0.6480000000000001,0.648,0.0612571936872396
0.0,2.1221818159932435,0.10684121524339589,4.27494441667686,0.6666666666666666,31.354166666666668,4.811977117092735,0.10684121524339592,8996.0507989234,168,168,geolife,geolife_data_single_bsp,bsp,0.1,adaptive,8,0.0,42,4,0,3,0.0,0.0,0.5833333333333334,0.0,2,0,1,0,1,0,0.0,0.0,0,1.0,30.305999999999997,41.56819999999999,0,1,1,22,,0,0.6480000000000001,0.648,0.0612571936872396
0.08333333333333333,1.8314156915737219,0.10866799167497197,3.65832855080731,0.8125,29.416666666666668,4.685247109214482,0.04243928925594755,7754.704170210097,169,169,geolife,geolife_data_single_bsp,bsp,0.1,adaptive,8,0.08333333333333333,34,2,0,7,0.0,0.0,0.0625,0.0,0,0,1,0,1,0,0.0,0.0,0,1.0,30.113,35.85505,0,6,6,29,,0,0.6480000000000001,0.648,0.0612571936872396
1.0,0.0,0.11039501563903477,2.2291558503189632,1.0,28.666666666666668,4.698573804057425,0.8896049843609651,0.0,174,174,geolife,geolife_data_single_bsp,bsp,0.1,adaptive,8,1.0,39,5,1,5,0.2,0.014925373134328358,1.3958333333333333,0.020833333333333332,2,0,2,0,1,1,0.02564102564102564,1.0,1,1.0,30.301000000000002,40.2446,0,4,4,24,,0,0.6480000000000001,0.648,0.0612571936872396
0.0,1.2588834764831842,0.10831154450043234,2.876205105913891,1.0,29.666666666666668,4.710582997146029,0.10831154450043234,5296.278665439129,177,177,geolife,geolife_data_single_bsp,bsp,0.1,adaptive,8,0.0,34,5,2,9,0.4,0.28448275862068967,0.16111111111111112,0.04583333333333334,0,0,1,0,4,2,0.058823529411764705,1.0,2,1.0,30.686500000000002,46.4058,0,3,3,23,,0,0.6480000000000001,0.648,0.0612571936872396
0.25,1.8153321587745561,0.11080724186748675,3.0802323334137394,1.0,30.541666666666668,4.761135067303157,0.18956707229687805,7582.408740376098,179,179,geolife,geolife_data_single_bsp,bsp,0.1,adaptive,8,0.0,36,2,2,8,1.0,1.0,0.033482142857142856,0.033482142857142856,0,0,0,0,2,2,0.05555555555555555,1.0,2,1.0,31.325,44.1584,0,4,4,25,,0,0.6480000000000001,0.648,0.0612571936872396
0.041666666666666664,1.817307242882168,0.180183934942343,3.339907131553554,1.0,24.354166666666668,4.21921110483867,0.13851726827567631,7637.04024232782,2,2,geolife,geolife_hand_rbsp,rbsp,0.1,adaptive,8,0.015625,35,6,3,4,0.5,0.05059203444564047,1.3824404761904763,0.06994047619047619,2,0,1,0,3,3,0.08571428571428572,0.5,3,1.0,245.955,278.96365,0,11,11,46,,9,0.6480000000000001,0.648,0.0538014667406808
0.3125,1.342018813866348,0.13382508353024922,3.1001075154341127,0.8958333333333334,20.125,4.1007887835557915,0.2258391209401173,5627.135934901705,3,3,geolife,geolife_hand_rbsp,rbsp,0.1,adaptive,8,0.015625,40,4,1,5,0.25,0.1621621621621622,0.15416666666666665,0.025,0,0,2,0,2,1,0.025,0.5,1,1.0,247.911,281.2445,0,5,5,36,,9,0.6480000000000001,0.648,0.0538014667406808
0.4166666666666667,0.5833333333333334,0.20392084337510577,2.267202309501041,0.9791666666666666,13.875,3.6305793959463704,0.33474970607158344,2435.125,4,4,geolife,geolife_hand_rbsp,rbsp,0.1,adaptive,8,0.015625,31,3,2,14,0.6666666666666666,0.5714285714285714,0.14583333333333334,0.08333333333333333,0,0,2,1,1,1,0.06451612903225806,1.0,2,1.0,244.792,266.15395,0,14,14,48,,9,0.6480000000000001,0.648,0.0538014667406808
0.4791666666666667,0.6071278254943949,0.20419887372957232,2.7725159239997392,0.9166666666666666,17.354166666666668,3.8026128353328983,0.33094846225790486,2577.0274491337277,7,7,geolife,geolife_hand_rbsp,rbsp,0.1,adaptive,8,0.015625,40,5,2,6,0.4,0.3684210526315789,0.2261904761904762,0.08333333333333333,0,0,3,1,2,1,0.05,0.5,2,1.0,252.35649999999998,277.77025,0,8,8,41,,9,0.6480000000000001,0.648,0.0538014667406808
0.2916666666666667,1.0695378173561358,0.17331527689689633,2.768226589654107,1.0,20.9375,4.1531820308533725,0.30355793788887264,4493.138727208122,8,8,geolife,geolife_hand_rbsp,rbsp,0.1,adaptive,8,0.015625,42,6,2,4,0.3333333333333333,0.1024390243902439,0.35590277777777773,0.03645833333333333,1,0,0,0,5,2,0.047619047619047616,1.0,2,1.0,249.1535,272.74604999999997,0,5,5,42,,9,0.6480000000000001,0.648,0.0538014667406808
0.5625,0.4375,0.19618973092232408,1.8276226991759064,1.0,15.9375,3.768810655557035,0.4057210601888685,1826.34375,9,9,geolife,geolife_hand_rbsp,rbsp,0.1,adaptive,8,0.015625,35,5,2,8,0.4,0.05263157894736841,0.7916666666666667,0.041666666666666664,3,0,0,0,2,2,0.05714285714285714,1.0,2,1.0,243.801,275.36015000000003,0,10,10,48,,9,0.6480000000000001,0.648,0.0538014667406808
0.020833333333333332,1.8102119689268534,0.28788765848193393,3.7041809188206947,0.8333333333333334,14.625,3.4054511254248685,0.2670543251486006,7652.345823435404,12,12,geolife,geolife_hand_rbsp,rbsp,0.1,adaptive,8,0.015625,37,5,2,9,0.4,0.036065573770491806,1.3616071428571428,0.049107142857142856,2,0,1,0,2,2,0.05405405405405406,0.3333333333333333,2,1.0,252.7615,275.9626,0,10,10,48,,9,0.6480000000000001,0.648,0.0538014667406808
0.0,1.0,0.18279772163457855,2.8024569981990908,1.0,21.604166666666668,4.004526705568877,0.18279772163457855,4266.923927426191,14,14,geolife,geolife_hand_rbsp,rbsp,0.1,adaptive,8,0.015625,34,6,2,5,0.3333333333333333,0.09562260943476412,0.35014880952380956,0.033482142857142856,1,0,0,0,5,2,0.058823529411764705,1.0,2,1.0,246.6855,271.86135,0,9,9,48,,9,0.6480000000000001,0.648,0.0538014667406808
0.0625,2.15086633919664,0.11981855186952833,3.688576898094556,0.9166666666666666,27.666666666666668,4.615769557081125,0.12552409061626363,9037.253880804887,17,17,geolife,geolife_hand_rbsp,rbsp,0.1,adaptive,8,0.015625,32,3,1,3,0.3333333333333333,0.1111111111111111,0.5625,0.0625,2,0,1,1,0,0,0.03125,0.3333333333333333,1,1.0,248.2595,270.5943,0,2,2,24,,9,0.6480000000000001,0.648,0.0538014667406808
0.0,3.9221617712844963,0.23756764471383685,4.680167385497586,0.4583333333333333,17.9375,3.734618760956917,0.23756764471383685,16723.3196460921,18,18,geolife,geolife_hand_rbsp,rbsp,0.1,adaptive,8,0.015625,39,2,0,3,0.0,0.0,0.07291666666666666,0.0,0,0,1,0,1,0,0.0,0.0,0,1.0,249.70049999999998,283.10305,0,10,10,48,,9,0.6480000000000001,0.648,0.0538014667406808
0.4166666666666667,1.0449931176712752,0.16607137529952745,2.8065060922736884,1.0,22.479166666666668,4.155789192869288,0.3432269754827413,4392.102091791369,19,19,geolife,geolife_hand_rbsp,rbsp,0.1,adaptive,8,0.015625,35,5,2,5,0.4,0.24324324324324326,0.1376488095238095,0.033482142857142856,0,0,1,0,4,2,0.05714285714285714,1.0,2,1.0,249.452,275.16864999999996,0,13,13,48,,9,0.6480000000000001,0.648,0.0538014667406808
0.0,1.5802412864257638,0.19782584859729324,3.549940844918105,0.9166666666666666,25.583333333333332,4.240352576024406,0.19782584859729327,6657.782524795486,22,22,geolife,geolife_hand_rbsp,rbsp,0.1,adaptive,8,0.015625,34,3,1,4,0.3333333333333333,0.03773584905660377,1.1041666666666667,0.041666666666666664,1,0,2,1,0,0,0.029411764705882353,0.5,1,1.0,250.2845,286.3731,0,6,6,42,,9,0.6480000000000001,0.648,0.0538014667406808
0.9583333333333334,0.041666666666666664,0.21382169779769625,1.610758035732507,1.0,15.520833333333334,3.7029832676338974,0.744511635535637,173.9375,23,23,geolife,geolife_hand_rbsp,rbsp,0.1,adaptive,8,0.015625,36,2,1,6,0.5,0.020408163265306124,1.0208333333333333,0.020833333333333332,1,0,0,0,1,1,0.027777777777777776,1.0,1,1.0,248.41899999999998,269.7884,0,9,9,48,,9,0.6480000000000001,0.648,0.0538014667406808
1.0,0.0,0.19895500888846276,1.62579408874375,1.0,23.3125,4.106687719213931,0.8010449911115373,0.0,24,24,geolife,geolife_hand_rbsp,rbsp,0.1,adaptive,8,0.015625,30,4,3,7,0.75,0.5757575757575758,0.0982142857142857,0.05654761904761905,0,0,1,0,3,3,0.1,1.0,3,1.0,250.212,273.4924,0,15,15,48,,9,0.6480000000000001,0.648,0.0538014667406808
0.75,0.28451779686442463,0.22772572631735266,1.678529561147024,1.0,18.479166666666668,3.777024045401687,0.5222742736826474,1193.195488725217,27,27,geolife,geolife_hand_rbsp,rbsp,0.1,adaptive,8,0.015625,35,2,2,8,1.0,1.0,0.041666666666666664,0.041666666666666664,0,0,0,0,2,2,0.05714285714285714,1.0,2,1.0,246.1535,282.4526,0,13,13,48,,9,0.6480000000000001,0.648,0.0538014667406808
0.375,0.8056707077366045,0.17502628174200088,2.39661343277917,1.0,32.1875,4.576713978867004,0.19997371825799912,3389.400965573322,28,28,geolife,geolife_hand_rbsp,rbsp,0.1,adaptive,8,0.015625,34,3,0,0,0.0,0.0,0.10535714285714284,0.0,0,0,1,0,2,0,0.0,0.0,0,nan,247.5,281.74629999999996,0,15,15,48,,9,0.6480000000000001,0.648,0.0538014667406808
0.0,1.6358727256505878,0.18053453378125792,3.399427119591343,0.875,20.354166666666668,3.959768712943994,0.18053453378125792,6879.7125291537695,29,29,geolife,geolife_hand_rbsp,rbsp,0.1,adaptive,8,0.015625,38,5,2,5,0.4,0.2825112107623319,0.19910714285714284,0.05625,0,0,2,0,3,2,0.05263157894736842,1.0,2,1.0,246.4755,318.9463,0,8,8,48,,9,0.6480000000000001,0.648,0.0538014667406808
0.6875,0.3125,0.1830194840832202,1.852432067784582,1.0,19.604166666666668,3.9829072168131923,0.5164853613088841,1304.53125,32,32,geolife,geolife_hand_rbsp,rbsp,0.1,adaptive,8,0.015625,36,6,3,5,0.5,0.18884120171673818,0.4623015873015873,0.0873015873015873,1,0,3,1,2,2,0.08333333333333333,1.0,3,1.0,248.26,270.34575,0,9,9,45,,9,0.6480000000000001,0.648,0.0538014667406808
1.0,0.0,0.19176512120184105,1.6708316400799168,1.0,23.666666666666668,4.176455344692673,0.8082348787981589,0.0,33,33,geolife,geolife_hand_rbsp,rbsp,0.1,adaptive,8,0.015625,37,4,1,2,0.25,0.0625,0.4,0.025,1,0,2,0,1,1,0.02702702702702703,1.0,1,1.0,244.7225,269.81239999999997,0,11,11,48,,9,0.6480000000000001,0.648,0.0538014667406808
0.041666666666666664,1.3825141619791224,0.20067063521970152,2.386724230469373,0.9375,17.0625,3.820573720025388,0.1590039685530348,5779.992382765064,34,34,geolife,geolife_hand_rbsp,rbsp,0.1,adaptive,8,0.015625,29,6,2,8,0.3333333333333333,0.055944055944055944,1.1916666666666667,0.06666666666666667,1,0,3,1,2,1,0.06896551724137931,0.6666666666666666,2,1.0,246.27100000000002,269.67015,0,15,15,48,,9,0.6480000000000001,0.648,0.0538014667406808
0.5833333333333334,0.44241808286457895,0.1265928539243338,2.487657491958528,1.0,22.083333333333332,4.269473597557897,0.45674047940899953,1856.1027119495322,37,37,geolife,geolife_hand_rbsp,rbsp,0.1,adaptive,8,0.015625,40,5,2,5,0.4,0.09498680738786279,0.3759920634920635,0.03571428571428571,1,0,1,0,3,2,0.05,1.0,2,1.0,248.94850000000002,279.66724999999997,0,4,4,30,,9,0.6480000000000001,0.648,0.0538014667406808
0.16666666666666666,1.2800107208147604,0.19813196781838063,3.4332937843887916,0.9375,23.583333333333332,4.1917688472808665,0.17849515173952538,5377.571170345,38,38,geolife,geolife_hand_rbsp,rbsp,0.1,adaptive,8,0.015625,33,3,0,7,0.0,0.0,0.15625,0.0,0,0,2,0,1,0,0.0,0.0,0,1.0,248.6215,263.00455,0,12,12,48,,9,0.6480000000000001,0.648,0.0538014667406808
0.375,0.6422588984322123,0.19540215107281966,2.0329804069573503,1.0,20.395833333333332,3.982233689335962,0.21511353520730805,2683.847744362609,39,39,geolife,geolife_hand_rbsp,rbsp,0.1,adaptive,8,0.015625,41,2,1,3,0.5,0.06666666666666667,0.26785714285714285,0.017857142857142856,1,0,0,0,1,1,0.024390243902439025,1.0,1,1.0,240.72750000000002,257.0833,0,3,3,38,,9,0.6480000000000001,0.648,0.0538014667406808
0.9166666666666666,0.08333333333333333,0.20245364106893537,1.7128416515896572,1.0,17.895833333333332,3.9173286583194074,0.7142130255977314,347.875,42,42,geolife,geolife_hand_rbsp,rbsp,0.1,adaptive,8,0.015625,30,2,0,10,0.0,0.0,0.07291666666666666,0.0,0,0,1,0,1,0,0.0,0.0,0,1.0,242.486,273.0712,0,12,12,48,,9,0.6480000000000001,0.648,0.0538014667406808
0.4791666666666667,0.7872508074293746,0.16629490183613818,2.526122330621908,0.9791666666666666,21.041666666666668,4.110639424860396,0.3128717648305285,3302.9110114811815,43,43,geolife,geolife_hand_rbsp,rbsp,0.1,adaptive,8,0.015625,28,3,0,4,0.0,0.0,0.14583333333333334,0.0,0,0,2,0,1,0,0.0,0.0,0,1.0,248.7495,285.52875,0,17,17,48,,9,0.6480000000000001,0.648,0.0538014667406808
1.0,0.0,0.17897724010650987,1.7354363508388957,1.0,24.3125,4.219619551484192,0.8210227598934902,0.0,44,44,geolife,geolife_hand_rbsp,rbsp,0.1,adaptive,8,0.015625,39,1,0,2,0.0,0.0,0.0625,0.0,0,0,1,0,0,0,0.0,0.0,0,1.0,242.1635,264.7936,0,10,10,48,,9,0.6480000000000001,0.648,0.0538014667406808
0.0,1.1639595351060164,0.1955401846502065,2.8709923665030246,0.9375,18.895833333333332,3.991254085101246,0.1955401846502065,4917.6932957415565,52,52,geolife,geolife_hand_rbsp,rbsp,0.1,adaptive,8,0.015625,35,0,0,7,nan,nan,0.0,0.0,0,0,0,0,0,0,0.0,nan,0,1.0,245.8075,277.35815,0,9,9,48,,9,0.6480000000000001,0.648,0.0538014667406808
0.0,2.2360679774997876,0.19197269828761623,3.8561860389528095,0.9375,18.416666666666668,3.9280870098592504,0.19197269828761623,9376.163437272307,54,54,geolife,geolife_hand_rbsp,rbsp,0.1,adaptive,8,0.015625,38,3,2,8,0.6666666666666666,0.7058823529411765,0.07083333333333333,0.05,0,0,0,0,3,2,0.05263157894736842,1.0,2,1.0,246.8015,276.90094999999997,0,12,12,48,,9,0.6480000000000001,0.648,0.0538014667406808
0.0,1.78199352385591,0.163656224158715,3.9144363804714857,0.6458333333333334,16.8125,3.881722687503959,0.16365622415871503,7547.789017094273,58,58,geolife,geolife_hand_rbsp,rbsp,0.1,adaptive,8,0.015625,35,8,1,8,0.125,0.17408123791102514,0.3590277777777778,0.0625,1,0,2,1,5,0,0.02857142857142857,0.5,1,1.0,257.07500000000005,379.67204999999996,0,9,9,48,,9,0.6480000000000001,0.648,0.0538014667406808
0.6666666666666666,0.4368867239266072,0.16881118008076781,2.4446555526154428,0.9791666666666666,17.395833333333332,3.90853815250335,0.5103702479383909,1847.9134601278345,62,62,geolife,geolife_hand_rbsp,rbsp,0.1,adaptive,8,0.015625,35,4,3,9,0.75,0.2286501377410468,0.32410714285714287,0.07410714285714286,1,0,0,0,3,3,0.08571428571428572,1.0,3,1.0,248.656,280.98055,0,11,11,45,,9,0.6480000000000001,0.648,0.0538014667406808
0.08333333333333333,0.9166666666666666,0.1965419154683957,2.150104220331091,1.0,17.958333333333332,3.9104808354059934,0.2598401653027173,3826.625,64,64,geolife,geolife_hand_rbsp,rbsp,0.1,adaptive,8,0.015625,35,4,2,9,0.5,0.49218749999999994,0.17777777777777778,0.0875,0,0,2,1,2,1,0.05714285714285714,1.0,2,1.0,244.86399999999998,282.23834999999997,0,8,8,43,,9,0.6480000000000001,0.648,0.0538014667406808
1.0,0.0,0.18236759095768298,1.729137032201398,1.0,22.791666666666668,4.125923937713028,0.817632409042317,0.0,67,67,geolife,geolife_hand_rbsp,rbsp,0.1,adaptive,8,0.015625,37,5,3,6,0.6,0.11462450592885373,0.5647321428571429,0.06473214285714285,2,0,0,0,3,3,0.08108108108108109,1.0,3,1.0,247.8165,280.97055,0,11,11,48,,9,0.6480000000000001,0.648,0.0538014667406808
0.9791666666666666,0.041666666666666664,0.27735661998742134,1.4470177853099633,1.0,18.375,3.6933381989819107,0.7018100466792454,177.78849697609118,68,68,geolife,geolife_hand_rbsp,rbsp,0.1,adaptive,8,0.015625,33,6,3,10,0.5,0.3527980535279805,0.18348214285714284,0.06473214285714285,0,0,1,0,5,3,0.09090909090909091,1.0,3,1.0,245.69650000000001,278.62739999999997,0,10,10,48,,9,0.6480000000000001,0.648,0.0538014667406808
0.041666666666666664,1.1458333333333333,0.19019749233347397,2.468332567955109,0.9166666666666666,19.145833333333332,4.00248343068271,0.1485308256668073,4837.195207665279,69,69,geolife,geolife_hand_rbsp,rbsp,0.1,adaptive,8,0.015625,37,2,0,4,0.0,0.0,0.08333333333333333,0.0,0,0,1,0,1,0,0.0,0.0,0,1.0,244.17649999999998,267.0355,0,7,7,48,,9,0.6480000000000001,0.648,0.0538014667406808
0.0,1.9514406494693064,0.19221254475607086,3.6963273256857225,0.9166666666666666,17.854166666666668,3.901270857279973,0.19221254475607089,8209.429740030439,73,73,geolife,geolife_hand_rbsp,rbsp,0.1,adaptive,8,0.015625,31,3,1,9,0.3333333333333333,0.16,0.11160714285714285,0.017857142857142856,0,0,1,0,2,1,0.03225806451612903,0.5,1,1.0,254.481,321.71774999999997,0,8,8,39,,9,0.6480000000000001,0.648,0.0538014667406808
0.125,1.1841539258253537,0.18112414705984795,2.4382495845942875,1.0,20.270833333333332,3.987462546058145,0.07419804730869935,4980.019219442032,74,74,geolife,geolife_hand_rbsp,rbsp,0.1,adaptive,8,0.015625,38,3,1,4,0.3333333333333333,0.05970149253731343,0.29910714285714285,0.017857142857142856,1,0,0,0,2,1,0.02631578947368421,0.3333333333333333,1,1.0,240.04000000000002,282.75719999999995,0,7,7,42,,9,0.6480000000000001,0.648,0.0538014667406808
0.2708333333333333,2.0040774963569965,0.19377045828932424,4.459897126347903,0.625,20.1875,4.0156885835196645,0.13687478191429428,8535.99009150981,78,78,geolife,geolife_hand_rbsp,rbsp,0.1,adaptive,8,0.015625,30,4,2,9,0.5,0.042968750000000014,1.0666666666666664,0.04583333333333334,1,0,0,0,3,2,0.06666666666666667,0.5,2,1.0,238.2815,258.2701,0,15,15,48,,9,0.6480000000000001,0.648,0.0538014667406808
0.625,0.4988389981249825,0.15835528519972294,2.0177525309771993,1.0,19.25,3.963522321112738,0.4666447148002771,2087.8037015940718,79,79,geolife,geolife_hand_rbsp,rbsp,0.1,adaptive,8,0.015625,33,0,0,7,nan,nan,0.0,0.0,0,0,0,0,0,0,0.0,nan,0,1.0,249.6595,280.19555,0,8,8,43,,9,0.6480000000000001,0.648,0.0538014667406808
0.0,1.0833333333333333,0.16649646973919235,2.017686916180301,1.0,15.520833333333334,3.7189529252844653,0.16649646973919238,4622.500921378373,82,82,geolife,geolife_hand_rbsp,rbsp,0.1,adaptive,8,0.015625,37,4,4,10,1.0,1.0,0.09583333333333333,0.09583333333333333,0,0,0,0,4,4,0.10810810810810811,1.0,4,1.0,244.1045,274.23494999999997,0,10,10,48,,9,0.6480000000000001,0.648,0.0538014667406808
0.20833333333333334,1.0431472460805304,0.19129557524058052,2.0443679526320726,1.0,22.854166666666668,4.094723280336764,0.183932219387314,4434.632053452254,83,83,geolife,geolife_hand_rbsp,rbsp,0.1,adaptive,8,0.015625,38,5,3,8,0.6,0.3296089385474861,0.18645833333333334,0.06145833333333334,0,0,2,0,3,3,0.07894736842105263,1.0,3,1.0,242.394,267.74005,0,13,13,48,,9,0.6480000000000001,0.648,0.0538014667406808
0.14583333333333334,0.9684433619633032,0.190716054692582,2.8964813704524084,0.9375,21.833333333333332,4.148643041225575,0.14351160828379206,4124.149675633559,84,84,geolife,geolife_hand_rbsp,rbsp,0.1,adaptive,8,0.015625,38,4,3,6,0.75,0.6557377049180327,0.09077380952380952,0.05952380952380952,0,0,0,0,4,3,0.07894736842105263,1.0,3,1.0,242.663,282.60159999999996,0,12,12,48,,9,0.6480000000000001,0.648,0.0538014667406808
0.16666666666666666,1.4163274659577816,0.16021128965201503,2.475029478790514,1.0,19.729166666666668,3.929437801183735,0.02409512793132365,6010.675628283922,89,89,geolife,geolife_hand_rbsp,rbsp,0.1,adaptive,8,0.015625,33,3,0,4,0.0,0.0,0.3229166666666667,0.0,1,0,1,0,1,0,0.0,0.0,0,1.0,243.8255,277.17449999999997,0,6,6,45,,9,0.6480000000000001,0.648,0.0538014667406808
0.9375,0.0625,0.22600682365827507,1.5389993456336741,1.0,18.479166666666668,3.8048838257378272,0.711493176341725,260.90625,102,102,geolife,geolife_hand_rbsp,rbsp,0.1,adaptive,8,0.015625,32,5,1,7,0.2,0.06296851574212893,0.39702380952380956,0.025,1,0,2,0,2,1,0.03125,1.0,1,1.0,241.2475,257.85805,0,14,14,48,,9,0.6480000000000001,0.648,0.0538014667406808
0.7291666666666666,0.2708333333333333,0.17249456199250593,2.039165884033535,1.0,26.0625,4.3376515861163005,0.5566721046741607,1134.4447469760912,103,103,geolife,geolife_hand_rbsp,rbsp,0.1,adaptive,8,0.015625,36,4,3,5,0.75,0.7407407407407408,0.08035714285714285,0.05952380952380952,0,0,0,0,4,3,0.08333333333333333,0.5,3,1.0,242.4135,277.83305,0,13,13,48,,9,0.6480000000000001,0.648,0.0538014667406808
0.5208333333333334,0.4791666666666667,0.21594029783616153,1.8463369894074713,1.0,16.895833333333332,3.6954735306802102,0.3641741864227654,2044.567715225049,104,104,geolife,geolife_hand_rbsp,rbsp,0.1,adaptive,8,0.015625,41,3,2,7,0.6666666666666666,0.0541871921182266,1.0572916666666667,0.057291666666666664,1,0,1,1,1,1,0.04878048780487805,1.0,2,1.0,244.526,276.856,0,8,8,48,,9,0.6480000000000001,0.648,0.0538014667406808
1.0,0.0,0.1706805916351083,1.777780918777986,1.0,22.791666666666668,4.226850497509351,0.8293194083648917,0.0,112,112,geolife,geolife_hand_rbsp,rbsp,0.1,adaptive,8,0.015625,36,4,1,4,0.25,0.219435736677116,0.09494047619047619,0.020833333333333332,0,0,0,0,4,1,0.027777777777777776,1.0,1,1.0,240.519,265.80485,0,12,12,48,,9,0.6480000000000001,0.648,0.0538014667406808
0.0,2.308155521941346,0.24838064371822965,4.233830315538574,0.6458333333333334,16.8125,3.5624834995841153,0.24838064371822954,9800.124468951093,113,113,geolife,geolife_hand_rbsp,rbsp,0.1,adaptive,8,0.015625,36,7,2,8,0.2857142857142857,0.02218636546994756,2.5822916666666664,0.057291666666666664,4,0,1,1,2,1,0.05555555555555555,1.0,2,1.0,240.01,271.67745,0,11,11,48,,9,0.6480000000000001,0.648,0.0538014667406808
0.0,2.7290259748406895,0.2003612038157496,3.8687531820136143,0.9375,22.208333333333332,4.06138547416051,0.20036120381574954,11619.032636914419,119,119,geolife,geolife_hand_rbsp,rbsp,0.1,adaptive,8,0.015625,35,1,1,4,1.0,1.0,0.017857142857142856,0.017857142857142856,0,0,0,0,1,1,0.02857142857142857,1.0,1,1.0,240.9755,271.84119999999996,0,13,13,48,,9,0.6480000000000001,0.648,0.0538014667406808
0.8541666666666666,0.14583333333333334,0.23960552151097866,1.6281190154770433,1.0,16.333333333333332,3.5525791499167347,0.6145611451556879,622.2597394163191,122,122,geolife,geolife_hand_rbsp,rbsp,0.1,adaptive,8,0.015625,34,5,3,11,0.6,0.1743119266055046,0.32440476190476186,0.05654761904761904,1,0,0,0,4,3,0.08823529411764706,1.0,3,1.0,239.4195,271.49784999999997,0,16,16,48,,9,0.6480000000000001,0.648,0.0538014667406808
0.0,1.7077916509022735,0.14899188568861643,2.670930900983615,1.0,21.354166666666668,4.135126712517402,0.14899188568861643,7186.51461785413,128,128,geolife,geolife_hand_rbsp,rbsp,0.1,adaptive,8,0.015625,41,4,2,5,0.5,0.4067796610169492,0.08779761904761904,0.03571428571428571,0,0,0,0,4,2,0.04878048780487805,1.0,2,1.0,244.889,277.5263,0,8,8,44,,9,0.6480000000000001,0.648,0.0538014667406808
0.0,1.5037570809895613,0.18574293615457596,2.323717836849848,1.0,20.145833333333332,3.9804582393171852,0.18574293615457602,6412.148990197755,138,138,geolife,geolife_hand_rbsp,rbsp,0.1,adaptive,8,0.015625,37,3,0,5,0.0,0.0,1.3125,0.0,2,0,1,0,0,0,0.0,0.0,0,1.0,241.13299999999998,273.04955,0,11,11,48,,9,0.6480000000000001,0.648,0.0538014667406808
0.0,1.1898478827543353,0.26904443931872196,2.4150982675298125,1.0,14.625,3.4484589362408378,0.26904443931872196,5004.839681940878,142,142,geolife,geolife_hand_rbsp,rbsp,0.1,adaptive,8,0.015625,37,3,1,9,0.3333333333333333,0.03773584905660377,1.1041666666666667,0.041666666666666664,1,0,2,1,0,0,0.02702702702702703,0.5,1,1.0,239.336,274.20005,0,9,9,48,,9,0.6480000000000001,0.648,0.0538014667406808
0.20833333333333334,0.9383673033404714,0.16120675378376204,2.336495548559216,1.0,19.541666666666668,4.04857390656513,0.13949951169818,3946.263572546311,147,147,geolife,geolife_hand_rbsp,rbsp,0.1,adaptive,8,0.015625,35,0,0,4,nan,nan,0.0,0.0,0,0,0,0,0,0,0.0,nan,0,1.0,240.704,267.74095,0,7,7,41,,9,0.6480000000000001,0.648,0.0538014667406808
1.0,0.0,0.1995078987766168,1.627411127600869,1.0,18.208333333333332,3.874243545367145,0.8004921012233832,0.0,159,159,geolife,geolife_hand_rbsp,rbsp,0.1,adaptive,8,0.015625,33,2,0,5,0.0,0.0,1.0208333333333333,0.0,1,0,0,0,1,0,0.0,0.0,0,1.0,239.857,260.145,0,12,12,48,,9,0.6480000000000001,0.648,0.0538014667406808
0.3333333333333333,1.0690355937288494,0.18189465638170352,2.3618903723090514,1.0,20.75,4.025817901805773,0.250236761813666,4550.660916972259,167,167,geolife,geolife_hand_rbsp,rbsp,0.1,adaptive,8,0.015625,36,4,3,7,0.75,0.2727272727272727,0.34375,0.09375,1,0,1,1,2,2,0.08333333333333333,1.0,3,1.0,240.409,312.5438,0,5,5,37,,9,0.6480000000000001,0.648,0.0538014667406808
0.0,2.6732062040411955,0.18004131860786324,6.427599184316587,0.125,18.229166666666668,3.8744135816409577,0.18004131860786324,11276.069617002207,168,168,geolife,geolife_hand_rbsp,rbsp,0.1,adaptive,8,0.015625,42,4,0,2,0.0,0.0,0.5833333333333334,0.0,2,0,1,0,1,0,0.0,0.0,0,1.0,244.992,269.99135,0,4,4,48,,9,0.6480000000000001,0.648,0.0538014667406808
0.08333333333333333,1.324547117033087,0.16057225479277284,3.7424635750837645,0.7708333333333334,22.4375,4.222830468121446,0.13296237943357467,5565.030741180125,169,169,geolife,geolife_hand_rbsp,rbsp,0.1,adaptive,8,0.015625,34,2,2,7,1.0,1.0,0.0625,0.0625,0,0,1,1,1,1,0.058823529411764705,1.0,2,1.0,238.3705,274.37755,0,10,10,39,,9,0.6480000000000001,0.648,0.0538014667406808
0.8541666666666666,0.14583333333333334,0.20263512453170238,1.626873344977147,1.0,20.520833333333332,3.8962104178937182,0.6515315421349643,610.7067484880456,174,174,geolife,geolife_hand_rbsp,rbsp,0.1,adaptive,8,0.015625,39,5,1,5,0.2,0.014925373134328358,1.3958333333333333,0.020833333333333332,2,0,2,0,1,1,0.02564102564102564,1.0,1,1.0,241.9345,272.4061,0,9,9,48,,9,0.6480000000000001,0.648,0.0538014667406808
0.0,1.0172588984322124,0.17283478642979913,1.9054894209852844,1.0,15.6875,3.734332189061259,0.1728347864297992,4256.987238314791,177,177,geolife,geolife_hand_rbsp,rbsp,0.1,adaptive,8,0.015625,34,5,2,11,0.4,0.3275862068965517,0.16111111111111112,0.05277777777777778,0,0,1,0,4,2,0.058823529411764705,1.0,2,1.0,242.9245,267.1131,0,12,12,48,,9,0.6480000000000001,0.648,0.0538014667406808
0.4375,0.9375,0.19234105103594334,2.1926208850165945,1.0,18.291666666666668,3.8541283641568818,0.2610998150060451,3913.59375,179,179,geolife,geolife_hand_rbsp,rbsp,0.1,adaptive,8,0.015625,36,2,2,8,1.0,1.0,0.033482142857142856,0.033482142857142856,0,0,0,0,2,2,0.05555555555555555,1.0,2,1.0,243.4065,312.47395,0,9,9,44,,9,0.6480000000000001,0.648,0.0538014667406808
0.0,2.139141397447735,0.10096356894913476,3.149456597203723,1.0,35.583333333333336,4.974952105587444,0.10096356894913476,8965.462519336763,2,2,geolife,geolife_data_rbsp,rbsp,0.1,adaptive,8,0.015625,35,6,0,2,0.0,0.0,1.3824404761904763,0.0,2,0,1,0,3,0,0.0,0.0,0,1.0,214.25150000000002,262.47274999999996,0,0,0,20,,6,0.6480000000000001,0.648,0.0538014667406808
0.0,1.077665042944955,0.10232659036764764,2.6612787986620394,1.0,35.25,4.954513592542725,0.10232659036764764,4537.990578464378,3,3,geolife,geolife_data_rbsp,rbsp,0.1,adaptive,8,0.015625,40,4,0,4,0.0,0.0,0.15416666666666665,0.0,0,0,2,0,2,0,0.0,0.0,0,1.0,221.5625,413.32259999999974,0,0,0,20,,6,0.6480000000000001,0.648,0.0538014667406808
0.5625,0.4375,0.10236087254257213,2.5086323865167612,1.0,35.208333333333336,4.952186055719602,0.5727360835110108,1826.34375,4,4,geolife,geolife_data_rbsp,rbsp,0.1,adaptive,8,0.015625,31,3,0,7,0.0,0.0,0.14583333333333334,0.0,0,0,2,0,1,0,0.0,0.0,0,1.0,168.422,184.45325,0,0,0,20,,6,0.6480000000000001,0.648,0.0538014667406808
0.4791666666666667,0.6071278254943949,0.10174422138475665,2.799673676306949,1.0,35.958333333333336,4.974539810455187,0.37742244528191,2577.0274491337277,7,7,geolife,geolife_data_rbsp,rbsp,0.1,adaptive,8,0.015625,40,5,0,1,0.0,0.0,0.2261904761904762,0.0,0,0,3,0,2,0,0.0,0.0,0,1.0,170.163,190.58255,0,0,0,20,,6,0.6480000000000001,0.648,0.0538014667406808
0.10416666666666667,1.6180339887498942,0.10177661197075676,3.4586674276230815,1.0,36.604166666666664,4.986644981427965,0.11498701074949282,6775.331718636154,8,8,geolife,geolife_data_rbsp,rbsp,0.1,adaptive,8,0.015625,42,6,1,2,0.16666666666666666,0.04390243902439025,0.35590277777777773,0.015625,1,0,0,0,5,1,0.023809523809523808,0.5,1,1.0,176.82549999999998,208.86874999999998,0,0,0,20,,6,0.6480000000000001,0.648,0.0538014667406808
0.0,1.1951941016011038,0.10233586347542852,2.669549865049081,1.0,35.6875,4.973697339027642,0.10233586347542852,4990.753360899558,9,9,geolife,geolife_data_rbsp,rbsp,0.1,adaptive,8,0.015625,35,5,0,5,0.0,0.0,0.7916666666666667,0.0,3,0,0,0,2,0,0.0,0.0,0,1.0,174.7105,195.7303,0,0,0,20,,6,0.6480000000000001,0.648,0.0538014667406808
0.14583333333333334,2.144892322374465,0.10130892298564326,4.381026110904501,0.6875,36.583333333333336,4.9937912489506875,0.15712136640127292,9103.438939160053,12,12,geolife,geolife_data_rbsp,rbsp,0.1,adaptive,8,0.015625,37,5,0,2,0.0,0.0,1.3616071428571428,0.0,2,0,1,0,2,0,0.0,0.0,0,1.0,171.811,195.58215,0,0,0,20,,6,0.6480000000000001,0.648,0.0538014667406808
0.875,0.21509490250701582,0.10156522567606498,2.4437600630325593,1.0,36.25,4.98748218813317,0.773434774323935,906.8455626310682,14,14,geolife,geolife_data_rbsp,rbsp,0.1,adaptive,8,0.015625,34,6,1,7,0.16666666666666666,0.044623884402889925,0.35014880952380956,0.015625,1,0,0,0,5,1,0.029411764705882353,1.0,1,1.0,173.2415,189.696,0,0,0,20,,6,0.6480000000000001,0.648,0.0538014667406808
0.0,2.2170870131218807,0.10144240849215495,3.447082209208569,1.0,35.25,4.9618983822136835,0.10144240849215497,9312.860955549038,17,17,geolife,geolife_data_rbsp,rbsp,0.1,adaptive,8,0.015625,32,3,0,4,0.0,0.0,0.5625,0.0,2,0,1,0,0,0,0.0,0.0,0,1.0,171.95100000000002,186.70945,0,0,0,20,,6,0.6480000000000001,0.648,0.0538014667406808
0.0,4.25949839799283,0.1015507798150338,5.720835912987623,0.3541666666666667,36.375,4.984432448209935,0.1015507798150338,18105.555652091203,18,18,geolife,geolife_data_rbsp,rbsp,0.1,adaptive,8,0.015625,39,2,0,2,0.0,0.0,0.07291666666666666,0.0,0,0,1,0,1,0,0.0,0.0,0,1.0,177.038,200.88674999999998,0,0,0,20,,6,0.6480000000000001,0.648,0.0538014667406808
0.0,2.5692699978258884,0.10215823643337481,3.6038227210828233,1.0,35.375,4.954931347632834,0.10215823643337485,10871.833393983728,19,19,geolife,geolife_data_rbsp,rbsp,0.1,adaptive,8,0.015625,35,5,1,6,0.2,0.11351351351351353,0.1376488095238095,0.015625,0,0,1,0,4,1,0.02857142857142857,0.5,1,1.0,174.583,188.56145,0,0,0,20,,6,0.6480000000000001,0.648,0.0538014667406808
0.7291666666666666,0.375,0.10221346823539525,2.6059590841175626,1.0,35.75,4.963244153283793,0.6269531984312714,1565.4375,22,22,geolife,geolife_data_rbsp,rbsp,0.1,adaptive,8,0.015625,34,3,0,5,0.0,0.0,1.1041666666666667,0.0,1,0,2,0,0,0,0.0,0.0,0,1.0,176.6555,205.12915,0,0,0,20,,6,0.6480000000000001,0.648,0.0538014667406808
0.9791666666666666,0.041666666666666664,0.10190198866249862,2.3449676115921294,1.0,35.791666666666664,4.966671004851237,0.8772646780041681,177.78849697609118,23,23,geolife,geolife_data_rbsp,rbsp,0.1,adaptive,8,0.015625,36,2,0,3,0.0,0.0,1.0208333333333333,0.0,1,0,0,0,1,0,0.0,0.0,0,1.0,176.1515,197.20739999999998,0,0,0,20,,6,0.6480000000000001,0.648,0.0538014667406808
1.0,0.0,0.10230049074588325,2.3264675329354483,1.0,34.6875,4.938992335507886,0.8976995092541168,0.0,24,24,geolife,geolife_data_rbsp,rbsp,0.1,adaptive,8,0.015625,30,4,0,7,0.0,0.0,0.0982142857142857,0.0,0,0,1,0,3,0,0.0,0.0,0,1.0,175.68849999999998,195.2399,0,0,0,20,,6,0.6480000000000001,0.648,0.0538014667406808
0.75,0.28451779686442463,0.10191719014193963,2.450332305238729,1.0,35.6875,4.968899633443377,0.6480828098580603,1193.195488725217,27,27,geolife,geolife_data_rbsp,rbsp,0.1,adaptive,8,0.015625,35,2,0,3,0.0,0.0,0.041666666666666664,0.0,0,0,0,0,2,0,0.0,0.0,0,1.0,171.69799999999998,195.4701,0,0,0,20,,6,0.6480000000000001,0.648,0.0538014667406808
0.375,0.8056707077366045,0.10211959816928863,2.904256910240397,0.9166666666666666,35.333333333333336,4.953446862055517,0.36452264211570573,3389.400965573322,28,28,geolife,geolife_data_rbsp,rbsp,0.1,adaptive,8,0.015625,34,3,1,4,0.3333333333333333,0.16949152542372883,0.10535714285714284,0.017857142857142856,0,0,1,0,2,1,0.029411764705882353,0.5,1,1.0,182.6995,202.86055,0,0,0,20,,6,0.6480000000000001,0.648,0.0538014667406808
0.0,2.1641723335070657,0.10145387983946379,3.6128729212972748,0.8958333333333334,36.520833333333336,4.988927172440491,0.10145387983946375,9048.705269291799,29,29,geolife,geolife_data_rbsp,rbsp,0.1,adaptive,8,0.015625,38,5,0,3,0.0,0.0,0.19910714285714284,0.0,0,0,2,0,3,0,0.0,0.0,0,1.0,171.904,186.0812,0,0,0,20,,6,0.6480000000000001,0.648,0.0538014667406808
0.7708333333333334,0.5988179538171353,0.10402127604142032,2.4574439063961258,1.0,37.166666666666664,5.011613582124087,0.6668120572919131,2532.7390764798424,32,32,geolife,geolife_data_rbsp,rbsp,0.1,adaptive,8,0.015625,36,6,0,1,0.0,0.0,0.4623015873015873,0.0,1,0,3,0,2,0,0.0,0.0,0,1.0,173.914,197.44655,0,0,0,20,,6,0.6480000000000001,0.648,0.0538014667406808
1.0,0.0,0.10117339503965632,2.342814311558577,1.0,36.083333333333336,4.981567167718389,0.8988266049603437,0.0,33,33,geolife,geolife_data_rbsp,rbsp,0.1,adaptive,8,0.015625,37,4,0,3,0.0,0.0,0.4,0.0,1,0,2,0,1,0,0.0,0.0,0,1.0,170.27100000000002,184.2868,0,0,0,20,,6,0.6480000000000001,0.648,0.0538014667406808
0.041666666666666664,1.4799427531947655,0.10216027064308751,2.9829659106129998,1.0,35.416666666666664,4.9549422623142005,0.06049360397642086,6201.898756292502,34,34,geolife,geolife_data_rbsp,rbsp,0.1,adaptive,8,0.015625,29,6,0,4,0.0,0.0,1.1916666666666667,0.0,1,0,3,0,2,0,0.0,0.0,0,1.0,174.941,197.53045,0,0,0,20,,6,0.6480000000000001,0.648,0.0538014667406808
0.0,1.8022791313876192,0.10177132534588491,3.166119426473782,1.0,35.791666666666664,4.970128171343037,0.10177132534588491,7656.808145692835,37,37,geolife,geolife_data_rbsp,rbsp,0.1,adaptive,8,0.015625,40,5,0,3,0.0,0.0,0.3759920634920635,0.0,1,0,1,0,3,0,0.0,0.0,0,1.0,174.21800000000002,197.47754999999998,0,0,0,20,,6,0.6480000000000001,0.648,0.0538014667406808
0.25,1.2484540827780635,0.10287747722561473,3.6847180262575256,0.9791666666666666,34.416666666666664,4.92381221761597,0.25971947882796814,5242.49891250455,38,38,geolife,geolife_data_rbsp,rbsp,0.1,adaptive,8,0.015625,33,3,0,5,0.0,0.0,0.15625,0.0,0,0,2,0,1,0,0.0,0.0,0,1.0,170.7615,189.8775,0,0,0,20,,6,0.6480000000000001,0.648,0.0538014667406808
0.4375,0.5625,0.10139251987225172,2.6605845743701573,1.0,37.625,5.024483906391801,0.4487044361813312,2355.858243952183,39,39,geolife,geolife_data_rbsp,rbsp,0.1,adaptive,8,0.015625,41,2,0,1,0.0,0.0,0.26785714285714285,0.0,1,0,0,0,1,0,0.0,0.0,0,1.0,177.12,206.27585,0,0,0,20,,6,0.6480000000000001,0.648,0.0538014667406808
0.0,1.0,0.10232606544005708,2.638667752997178,1.0,34.6875,4.939783994274781,0.10232606544005711,4174.5,42,42,geolife,geolife_data_rbsp,rbsp,0.1,adaptive,8,0.015625,30,2,0,5,0.0,0.0,0.07291666666666666,0.0,0,0,1,0,1,0,0.0,0.0,0,1.0,170.562,202.41625,0,0,0,20,,6,0.6480000000000001,0.648,0.0538014667406808
0.22916666666666666,0.7708333333333334,0.09997664724036787,2.735688418915954,1.0,36.916666666666664,5.014415285989826,0.15845364214654836,3217.84375,43,43,geolife,geolife_data_rbsp,rbsp,0.1,adaptive,8,0.015625,28,3,0,4,0.0,0.0,0.14583333333333334,0.0,0,0,2,0,1,0,0.0,0.0,0,1.0,171.637,193.59575,0,0,0,20,,6,0.6480000000000001,0.648,0.0538014667406808
1.0,0.0,0.10013765284099561,2.3599038453110337,1.0,37.708333333333336,5.0274902236923245,0.8998623471590044,0.0,44,44,geolife,geolife_data_rbsp,rbsp,0.1,adaptive,8,0.015625,39,1,0,2,0.0,0.0,0.0625,0.0,0,0,1,0,0,0,0.0,0.0,0,1.0,173.864,195.43595,0,0,0,20,,6,0.6480000000000001,0.648,0.0538014667406808
0.0,1.3360007936265141,0.1019305814950145,2.8894875589174114,1.0,35.3125,4.953813292784645,0.10193058149501451,5660.639139133571,52,52,geolife,geolife_data_rbsp,rbsp,0.1,adaptive,8,0.015625,35,0,0,5,nan,nan,0.0,0.0,0,0,0,0,0,0,0.0,nan,0,1.0,173.3955,192.1681,0,0,0,20,,6,0.6480000000000001,0.648,0.0538014667406808
0.0,2.2360679774997876,0.10153855740523367,4.4953524246111645,0.9791666666666666,35.75,4.969531778487272,0.1015385574052337,9376.163437272307,54,54,geolife,geolife_data_rbsp,rbsp,0.1,adaptive,8,0.015625,38,3,0,4,0.0,0.0,0.07083333333333333,0.0,0,0,0,0,3,0,0.0,0.0,0,1.0,175.54649999999998,190.07500000000002,0,0,0,20,,6,0.6480000000000001,0.648,0.0538014667406808
0.0,1.6792617219650732,0.10164022092173863,4.323722726202168,0.7291666666666666,35.8125,4.975732927799046,0.10164022092173862,7106.437451269724,58,58,geolife,geolife_data_rbsp,rbsp,0.1,adaptive,8,0.015625,35,8,0,4,0.0,0.0,0.3590277777777778,0.0,1,0,2,0,5,0,0.0,0.0,0,1.0,175.6245,193.4707,0,0,0,20,,6,0.6480000000000001,0.648,0.0538014667406808
0.020833333333333332,1.4529647848500666,0.10083267171898543,3.7328391732989163,0.9791666666666666,37.0,5.017766316424107,0.07999933838565208,6128.968194319478,62,62,geolife,geolife_data_rbsp,rbsp,0.1,adaptive,8,0.015625,35,4,1,4,0.25,0.055096418732782364,0.32410714285714287,0.017857142857142856,1,0,0,0,3,1,0.02857142857142857,1.0,1,1.0,175.3635,202.5546,0,0,0,20,,6,0.6480000000000001,0.648,0.0538014667406808
0.08333333333333333,0.9166666666666666,0.10313915886469856,2.6112506727118294,1.0,34.291666666666664,4.922977101292505,0.09279113052221766,3826.625,64,64,geolife,geolife_data_rbsp,rbsp,0.1,adaptive,8,0.015625,35,4,0,8,0.0,0.0,0.17777777777777778,0.0,0,0,2,0,2,0,0.0,0.0,0,1.0,173.35250000000002,202.15005,0,0,0,20,,6,0.6480000000000001,0.648,0.0538014667406808
1.0,0.0,0.102580113519608,2.322224486458332,1.0,34.833333333333336,4.939797673132938,0.897419886480392,0.0,67,67,geolife,geolife_data_rbsp,rbsp,0.1,adaptive,8,0.015625,37,5,1,6,0.2,0.027667984189723317,0.5647321428571429,0.015625,2,0,0,0,3,1,0.02702702702702703,1.0,1,1.0,171.8605,189.6141,0,0,0,20,,6,0.6480000000000001,0.648,0.0538014667406808
0.0,2.0,0.10200700420040128,3.079406551856435,1.0,35.479166666666664,4.9601859716993895,0.10200700420040128,8533.847854852382,68,68,geolife,geolife_data_rbsp,rbsp,0.1,adaptive,8,0.015625,33,6,1,6,0.16666666666666666,0.08515815085158152,0.18348214285714284,0.015625,0,0,1,0,5,1,0.030303030303030304,1.0,1,1.0,172.43,195.27325,0,0,0,20,,6,0.6480000000000001,0.648,0.0538014667406808
0.041666666666666664,1.1458333333333333,0.10124390364428454,2.700826428958498,1.0,35.75,4.973124260233742,0.05957723697761785,4837.195207665279,69,69,geolife,geolife_data_rbsp,rbsp,0.1,adaptive,8,0.015625,37,2,0,4,0.0,0.0,0.08333333333333333,0.0,0,0,1,0,1,0,0.0,0.0,0,1.0,169.9715,186.48855,0,0,0,20,,6,0.6480000000000001,0.648,0.0538014667406808
0.0,2.981399391714969,0.10247008480947106,4.38953032947271,0.7916666666666666,35.291666666666664,4.952072069877896,0.10247008480947106,12664.19350456623,73,73,geolife,geolife_data_rbsp,rbsp,0.1,adaptive,8,0.015625,31,3,0,7,0.0,0.0,0.11160714285714285,0.0,0,0,1,0,2,0,0.0,0.0,0,1.0,177.17849999999999,192.16275,0,0,0,20,,6,0.6480000000000001,0.648,0.0538014667406808
0.0,1.5158499126606817,0.10231746231903593,2.856339360586425,1.0,35.020833333333336,4.950327747172273,0.10231746231903593,6395.5270109432895,74,74,geolife,geolife_data_rbsp,rbsp,0.1,adaptive,8,0.015625,38,3,0,2,0.0,0.0,0.29910714285714285,0.0,1,0,0,0,2,0,0.0,0.0,0,1.0,175.7055,206.72005,0,0,0,20,,6,0.6480000000000001,0.648,0.0538014667406808
0.2708333333333333,2.037068999169523,0.1011215919663358,3.3806820528706027,0.9166666666666666,36.583333333333336,5.000433623993045,0.25935796924608623,8663.472315858087,78,78,geolife,geolife_data_rbsp,rbsp,0.1,adaptive,8,0.015625,30,4,0,4,0.0,0.0,1.0666666666666664,0.0,1,0,0,0,3,0,0.0,0.0,0,1.0,172.699,230.3918,0,0,0,20,,6,0.6480000000000001,0.648,0.0538014667406808
0.0,2.020971962518415,0.09951440151326253,3.0387360681414823,1.0,38.0,5.040322877577764,0.09951440151326252,8485.366543533904,79,79,geolife,geolife_data_rbsp,rbsp,0.1,adaptive,8,0.015625,33,0,0,5,nan,nan,0.0,0.0,0,0,0,0,0,0,0.0,nan,0,1.0,173.55,193.05315,0,0,0,20,,6,0.6480000000000001,0.648,0.0538014667406808
0.0,2.42436076826777,0.10369425535488654,3.115353760424227,1.0,33.791666666666664,4.894732690734955,0.10369425535488656,10343.176263758118,82,82,geolife,geolife_data_rbsp,rbsp,0.1,adaptive,8,0.015625,37,4,1,5,0.25,0.26086956521739135,0.09583333333333333,0.025,0,0,0,0,4,1,0.02702702702702703,1.0,1,1.0,175.7645,190.12195,0,0,0,20,,6,0.6480000000000001,0.648,0.0538014667406808
0.0,1.6875,0.10290057466686436,2.936316317517859,1.0,34.770833333333336,4.932951946022847,0.10290057466686438,7200.434127531687,83,83,geolife,geolife_data_rbsp,rbsp,0.1,adaptive,8,0.015625,38,5,2,8,0.4,0.1955307262569832,0.18645833333333334,0.03645833333333333,0,0,2,0,3,2,0.05263157894736842,1.0,2,1.0,174.732,206.03650000000002,0,0,0,20,,6,0.6480000000000001,0.648,0.0538014667406808
0.14583333333333334,1.50867516385414,0.10164506748602803,2.882993289900305,1.0,36.125,4.979127416416879,0.13488144476577849,6432.280459707062,84,84,geolife,geolife_data_rbsp,rbsp,0.1,adaptive,8,0.015625,38,4,1,3,0.25,0.22950819672131148,0.09077380952380952,0.020833333333333332,0,0,0,0,4,1,0.02631578947368421,0.5,1,1.0,198.0575,243.5136,0,0,0,20,,6,0.6480000000000001,0.648,0.0538014667406808
0.0,2.6523139939383316,0.10315063420176022,3.7266456626415896,1.0,34.833333333333336,4.928283277835388,0.10315063420176018,11297.629591244287,89,89,geolife,geolife_data_rbsp,rbsp,0.1,adaptive,8,0.015625,33,3,0,4,0.0,0.0,0.3229166666666667,0.0,1,0,1,0,1,0,0.0,0.0,0,1.0,173.547,202.047,0,0,0,20,,6,0.6480000000000001,0.648,0.0538014667406808
0.9375,0.0625,0.10298801215779729,2.3521719425433534,1.0,34.270833333333336,4.9237636561483376,0.8345119878422027,260.90625,102,102,geolife,geolife_data_rbsp,rbsp,0.1,adaptive,8,0.015625,32,5,0,5,0.0,0.0,0.39702380952380956,0.0,1,0,2,0,2,0,0.0,0.0,0,1.0,175.055,195.86454999999998,0,0,0,20,,6,0.6480000000000001,0.648,0.0538014667406808
0.7708333333333334,0.22916666666666666,0.10184307060583718,2.419586923530604,1.0,35.729166666666664,4.969426005743839,0.6689902627274962,956.65625,103,103,geolife,geolife_data_rbsp,rbsp,0.1,adaptive,8,0.015625,36,4,0,2,0.0,0.0,0.08035714285714285,0.0,0,0,0,0,4,0,0.0,0.0,0,1.0,180.74099999999999,227.83569999999997,0,0,0,20,,6,0.6480000000000001,0.648,0.0538014667406808
0.125,1.0734773319704407,0.10132057535253075,3.0597969877965085,1.0,36.520833333333336,4.992825912230967,0.11372361929894785,4512.717810169998,104,104,geolife,geolife_data_rbsp,rbsp,0.1,adaptive,8,0.015625,41,3,1,5,0.3333333333333333,0.014778325123152709,1.0572916666666667,0.015625,1,0,1,0,1,1,0.024390243902439025,0.5,1,1.0,173.64499999999998,202.50475,0,0,0,20,,6,0.6480000000000001,0.648,0.0538014667406808
1.0,0.0,0.1020672305628314,2.329540801884904,1.0,35.208333333333336,4.953386694892989,0.8979327694371686,0.0,112,112,geolife,geolife_data_rbsp,rbsp,0.1,adaptive,8,0.015625,36,4,0,5,0.0,0.0,0.09494047619047619,0.0,0,0,0,0,4,0,0.0,0.0,0,1.0,172.0775,190.86195,0,0,0,20,,6,0.6480000000000001,0.648,0.0538014667406808
0.0,2.828427124746188,0.10148969427622777,5.387897380738257,0.6041666666666666,36.25,4.9830097643140885,0.10148969427622777,11938.69172940521,113,113,geolife,geolife_data_rbsp,rbsp,0.1,adaptive,8,0.015625,36,7,1,6,0.14285714285714285,0.006050826946349335,2.5822916666666664,0.015625,4,0,1,0,2,1,0.027777777777777776,1.0,1,1.0,176.73899999999998,209.22134999999997,0,0,0,20,,6,0.6480000000000001,0.648,0.0538014667406808
0.0,2.7290259748406895,0.1024497101028682,3.6292191028012053,1.0,34.979166666666664,4.946585257801311,0.10244971010286823,11619.032636914419,119,119,geolife,geolife_data_rbsp,rbsp,0.1,adaptive,8,0.015625,35,1,0,6,0.0,0.0,0.017857142857142856,0.0,0,0,0,0,1,0,0.0,0.0,0,1.0,169.445,196.69555,0,0,0,20,,6,0.6480000000000001,0.648,0.0538014667406808
0.0,1.0,0.10145387983946379,2.7481886561667,1.0,36.520833333333336,4.988927172440491,0.10145387983946375,4266.923927426191,122,122,geolife,geolife_data_rbsp,rbsp,0.1,adaptive,8,0.015625,34,5,0,7,0.0,0.0,0.32440476190476186,0.0,1,0,0,0,4,0,0.0,0.0,0,1.0,171.13150000000002,185.81625,0,0,0,20,,6,0.6480000000000001,0.648,0.0538014667406808
0.0,2.2730904242026875,0.10140686036307268,3.236557025621121,1.0,36.229166666666664,4.984002636780821,0.10140686036307267,9536.321455530613,128,128,geolife,geolife_data_rbsp,rbsp,0.1,adaptive,8,0.015625,41,4,1,3,0.25,0.23728813559322035,0.08779761904761904,0.020833333333333332,0,0,0,0,4,1,0.024390243902439025,1.0,1,1.0,169.96499999999997,181.88514999999998,0,0,0,20,,6,0.6480000000000001,0.648,0.0538014667406808
0.0,2.556929182258254,0.10186876502036966,3.589313298090245,1.0,34.479166666666664,4.9252628287007445,0.10186876502036972,10821.03061610652,138,138,geolife,geolife_data_rbsp,rbsp,0.1,adaptive,8,0.015625,37,3,0,6,0.0,0.0,1.3125,0.0,2,0,1,0,0,0,0.0,0.0,0,1.0,177.976,201.36984999999999,0,0,0,20,,6,0.6480000000000001,0.648,0.0538014667406808
0.0,2.0593822865518274,0.10209757825558065,4.070450393426471,1.0,35.333333333333336,4.956621808501412,0.10209757825558068,8621.47873080836,142,142,geolife,geolife_data_rbsp,rbsp,0.1,adaptive,8,0.015625,37,3,0,5,0.0,0.0,1.1041666666666667,0.0,1,0,2,0,0,0,0.0,0.0,0,1.0,175.2065,191.92354999999998,0,0,0,20,,6,0.6480000000000001,0.648,0.0538014667406808
0.0,1.3228640558970477,0.10132120431468807,2.944075281966519,1.0,36.541666666666664,4.989752990145514,0.10132120431468805,5597.167505178289,147,147,geolife,geolife_data_rbsp,rbsp,0.1,adaptive,8,0.015625,35,0,0,2,nan,nan,0.0,0.0,0,0,0,0,0,0,0.0,nan,0,1.0,174.5635,193.10465,0,0,0,20,,6,0.6480000000000001,0.648,0.0538014667406808
1.0,0.0,0.10256627875939474,2.3224534070261202,1.0,35.104166666666664,4.947347380375391,0.8974337212406053,0.0,159,159,geolife,geolife_data_rbsp,rbsp,0.1,adaptive,8,0.015625,33,2,0,4,0.0,0.0,1.0208333333333333,0.0,1,0,0,0,1,0,0.0,0.0,0,1.0,168.79500000000002,186.0063,0,0,0,20,,6,0.6480000000000001,0.648,0.0538014667406808
0.3333333333333333,1.0,0.09924103535298878,2.670756523703137,1.0,36.479166666666664,5.003725790396623,0.3199774126327392,4266.923927426188,167,167,geolife,geolife_data_rbsp,rbsp,0.1,adaptive,8,0.015625,36,4,2,5,0.5,0.09090909090909091,0.34375,0.03125,1,0,1,0,2,2,0.05555555555555555,1.0,2,1.0,177.0875,202.9606,0,0,0,20,,6,0.6480000000000001,0.648,0.0538014667406808
0.0,2.1221818159932435,0.1010459051430585,4.340328805758314,0.6666666666666666,37.25,5.009681633779934,0.10104590514305849,8996.0507989234,168,168,geolife,geolife_data_rbsp,rbsp,0.1,adaptive,8,0.015625,42,4,0,2,0.0,0.0,0.5833333333333334,0.0,2,0,1,0,1,0,0.0,0.0,0,1.0,169.30599999999998,192.0247,0,0,0,20,,6,0.6480000000000001,0.648,0.0538014667406808
0.08333333333333333,1.3763238123297235,0.10265362837557056,3.6357950123392495,0.8125,34.645833333333336,4.936142362850293,0.09327666101134563,5833.672939492998,169,169,geolife,geolife_data_rbsp,rbsp,0.1,adaptive,8,0.015625,34,2,0,7,0.0,0.0,0.0625,0.0,0,0,1,0,1,0,0.0,0.0,0,1.0,173.762,196.63055,0,0,0,20,,6,0.6480000000000001,0.648,0.0538014667406808
1.0,0.0,0.1010459051430585,2.3446591480522447,1.0,37.25,5.009681633779934,0.8989540948569416,0.0,174,174,geolife,geolife_data_rbsp,rbsp,0.1,adaptive,8,0.015625,39,5,0,1,0.0,0.0,1.3958333333333333,0.0,2,0,2,0,1,0,0.0,0.0,0,1.0,174.9905,204.86015,0,0,0,20,,6,0.6480000000000001,0.648,0.0538014667406808
0.0,1.4802879972742151,0.10298357470524128,2.933083096936388,1.0,34.770833333333336,4.9390821257531305,0.10298357470524126,6253.988611268269,177,177,geolife,geolife_data_rbsp,rbsp,0.1,adaptive,8,0.015625,34,5,1,7,0.2,0.15517241379310345,0.16111111111111112,0.025,0,0,1,0,4,1,0.029411764705882353,1.0,1,1.0,171.464,199.43035,0,0,0,20,,6,0.6480000000000001,0.648,0.0538014667406808
0.0,1.75,0.10093601433763334,3.214954798243952,1.0,36.083333333333336,4.9848049762895705,0.10093601433763331,7305.375,179,179,geolife,geolife_data_rbsp,rbsp,0.1,adaptive,8,0.015625,36,2,1,6,0.5,0.4666666666666667,0.033482142857142856,0.015625,0,0,0,0,2,1,0.027777777777777776,0.5,1,1.0,171.577,219.18849999999998,0,0,0,20,,6,0.6480000000000001,0.648,0.0538014667406808
0.0,1.6965404560310209,0.21912145384744022,3.047738971769043,0.9791666666666666,25.104166666666668,4.109081994018397,0.2191214538474401,7107.359796613455,2,2,geolife,geolife_dfbsp_tau_0.125,dfbsp,0.1,adaptive,8,0.015625,35,6,2,5,0.3333333333333333,0.02798708288482239,1.3824404761904763,0.03869047619047619,2,0,1,0,3,2,0.05714285714285714,0.5,2,1.0,36.832,48.50315,0,10,10,48,0.125,0,0.6480000000000001,0.648,0.0538014667406808
0.125,0.9267766952966369,0.1617631591563223,2.3702733016449913,1.0,19.208333333333332,4.0282531867937434,0.036763159156322264,3888.5962240161,3,3,geolife,geolife_dfbsp_tau_0.125,dfbsp,0.1,adaptive,8,0.015625,40,4,3,5,0.75,0.5945945945945947,0.15416666666666665,0.09166666666666667,0,0,2,1,2,2,0.075,1.0,3,1.0,38.825,51.82105,0,13,13,44,0.125,0,0.6480000000000001,0.648,0.0538014667406808
0.3958333333333333,0.6041666666666666,0.23925062590866672,1.6494813420385122,1.0,11.395833333333334,3.2532205885174967,0.3030947853169623,2522.09375,4,4,geolife,geolife_dfbsp_tau_0.125,dfbsp,0.1,adaptive,8,0.015625,31,3,2,14,0.6666666666666666,0.5714285714285714,0.14583333333333334,0.08333333333333333,0,0,2,1,1,1,0.06451612903225806,1.0,2,1.0,38.78,56.480599999999995,0,15,15,48,0.125,0,0.6480000000000001,0.648,0.0538014667406808
0.4791666666666667,0.6071278254943949,0.20150757456397161,2.3294566878226988,1.0,17.9375,3.811132885857953,0.32357653653355545,2577.027449133728,7,7,geolife,geolife_dfbsp_tau_0.125,dfbsp,0.1,adaptive,8,0.015625,40,5,2,5,0.4,0.3684210526315789,0.2261904761904762,0.08333333333333333,0,0,3,1,2,1,0.05,0.5,2,1.0,36.2085,47.29415,0,7,7,48,0.125,0,0.6480000000000001,0.648,0.0538014667406808
0.2916666666666667,1.0010499494289116,0.18198590169563522,2.5904903316453063,1.0,18.375,3.9673070852433505,0.3271600285619117,4209.237262827314,8,8,geolife,geolife_dfbsp_tau_0.125,dfbsp,0.1,adaptive,8,0.015625,42,6,3,5,0.5,0.16097560975609757,0.35590277777777773,0.057291666666666664,1,0,0,0,5,3,0.07142857142857142,1.0,3,1.0,36.993,44.229749999999996,0,8,8,48,0.125,0,0.6480000000000001,0.648,0.0538014667406808
0.8541666666666666,0.14583333333333334,0.22705651296605767,1.6115376705203053,1.0,13.895833333333334,3.5514879255805325,0.6271101537006089,608.78125,9,9,geolife,geolife_dfbsp_tau_0.125,dfbsp,0.1,adaptive,8,0.015625,35,5,2,8,0.4,0.05263157894736841,0.7916666666666667,0.041666666666666664,3,0,0,0,2,2,0.05714285714285714,1.0,2,1.0,39.3885,46.671299999999995,0,13,13,48,0.125,0,0.6480000000000001,0.648,0.0538014667406808
0.0625,1.739036805072713,0.1969444402332836,3.999663047487328,0.8958333333333334,18.916666666666668,3.9562351400077933,0.13444444023328359,7351.938392264411,12,12,geolife,geolife_dfbsp_tau_0.125,dfbsp,0.1,adaptive,8,0.015625,37,5,2,5,0.4,0.036065573770491806,1.3616071428571428,0.049107142857142856,2,0,1,0,2,2,0.05405405405405406,0.3333333333333333,2,1.0,37.3935,48.64355,0,9,9,48,0.125,0,0.6480000000000001,0.648,0.0538014667406808
0.2708333333333333,0.7291666666666666,0.2259403310101115,2.3764350692187937,1.0,23.020833333333332,3.9457936174087327,0.30755697547573196,3111.298697081597,14,14,geolife,geolife_dfbsp_tau_0.125,dfbsp,0.1,adaptive,8,0.015625,34,6,2,3,0.3333333333333333,0.09562260943476412,0.35014880952380956,0.033482142857142856,1,0,0,0,5,2,0.058823529411764705,1.0,2,1.0,38.783,47.43635,0,12,12,48,0.125,0,0.6480000000000001,0.648,0.0538014667406808
0.0625,2.0872800917979086,0.17972736529058345,3.6438829729867304,0.875,24.208333333333332,4.198485183757432,0.13779609415348268,8763.591622013228,17,17,geolife,geolife_dfbsp_tau_0.125,dfbsp,0.1,adaptive,8,0.015625,32,3,1,2,0.3333333333333333,0.1111111111111111,0.5625,0.0625,2,0,1,1,0,0,0.03125,0.3333333333333333,1,1.0,39.781499999999994,46.494899999999994,0,11,11,48,0.125,0,0.6480000000000001,0.648,0.0538014667406808
0.0,2.802007528163271,0.31372667525311854,3.8523601237353726,0.75,16.208333333333332,3.4760823834013945,0.31372667525311865,11912.429690616293,18,18,geolife,geolife_dfbsp_tau_0.125,dfbsp,0.1,adaptive,8,0.015625,39,2,1,6,0.5,0.4285714285714286,0.07291666666666666,0.03125,0,0,1,0,1,1,0.02564102564102564,0.5,1,1.0,36.950500000000005,46.816849999999995,0,12,12,48,0.125,0,0.6480000000000001,0.648,0.0538014667406808
0.4375,0.7601100286299701,0.2609924707097771,1.9693050999111403,1.0,13.520833333333334,3.3859586166355755,0.23461488294855962,3181.293233087826,19,19,geolife,geolife_dfbsp_tau_0.125,dfbsp,0.1,adaptive,8,0.015625,35,5,4,12,0.8,0.6972972972972973,0.1376488095238095,0.09598214285714285,0,0,1,0,4,4,0.11428571428571428,1.0,4,1.0,38.7345,52.06805,0,13,13,48,0.125,0,0.6480000000000001,0.648,0.0538014667406808
0.0,1.510794898345697,0.28503953894788936,3.1461170872548383,0.9166666666666666,19.791666666666668,3.5930663290102305,0.2850395389478893,6387.085032419914,22,22,geolife,geolife_dfbsp_tau_0.125,dfbsp,0.1,adaptive,8,0.015625,34,3,1,2,0.3333333333333333,0.03773584905660377,1.1041666666666667,0.041666666666666664,1,0,2,1,0,0,0.029411764705882353,0.5,1,1.0,39.4495,51.243849999999995,0,13,13,48,0.125,0,0.6480000000000001,0.648,0.0538014667406808
0.875,0.13362944921610614,0.2714894126408654,1.3786080060984378,1.0,20.708333333333332,3.8184197116677883,0.6035105873591345,559.2051221813043,23,23,geolife,geolife_dfbsp_tau_0.125,dfbsp,0.1,adaptive,8,0.015625,36,2,1,3,0.5,0.020408163265306124,1.0208333333333333,0.020833333333333332,1,0,0,0,1,1,0.027777777777777776,1.0,1,1.0,36.742000000000004,49.10699999999999,0,11,11,48,0.125,0,0.6480000000000001,0.648,0.0538014667406808
0.22916666666666666,0.7708333333333334,0.17588629994827953,1.969194143079582,1.0,22.479166666666668,4.12701161536662,0.076624793733945,3289.0871940576885,24,24,geolife,geolife_dfbsp_tau_0.125,dfbsp,0.1,adaptive,8,0.015625,30,4,3,8,0.75,0.5757575757575758,0.0982142857142857,0.05654761904761905,0,0,1,0,3,3,0.1,1.0,3,1.0,41.721999999999994,59.343349999999994,0,15,14,48,0.125,0,0.6480000000000001,0.648,0.0538014667406808
0.75,0.28451779686442463,0.3425120024528386,1.2603323929483101,1.0,14.75,3.2877135116861917,0.4074879975471613,1193.195488725217,27,27,geolife,geolife_dfbsp_tau_0.125,dfbsp,0.1,adaptive,8,0.015625,35,2,2,9,1.0,1.0,0.041666666666666664,0.041666666666666664,0,0,0,0,2,2,0.05714285714285714,1.0,2,1.0,38.6685,51.34375,0,16,16,48,0.125,0,0.6480000000000001,0.648,0.0538014667406808
0.375,0.7255922317655457,0.2285234389788863,2.2640161807184715,1.0,26.916666666666668,4.209370133106432,0.22941459292989086,3060.6052216832936,28,28,geolife,geolife_dfbsp_tau_0.125,dfbsp,0.1,adaptive,8,0.015625,34,3,1,2,0.3333333333333333,0.23728813559322037,0.10535714285714284,0.025,0,0,1,0,2,1,0.029411764705882353,0.5,1,1.0,39.2485,50.3205,0,12,12,48,0.125,0,0.6480000000000001,0.648,0.0538014667406808
0.020833333333333332,1.318454642786009,0.18492244718257042,2.744126879811883,0.8958333333333334,16.270833333333332,3.6951291325928004,0.16408911384923708,5524.899563556588,29,29,geolife,geolife_dfbsp_tau_0.125,dfbsp,0.1,adaptive,8,0.015625,38,5,4,7,0.8,0.6860986547085202,0.19910714285714284,0.13660714285714284,0,0,2,1,3,3,0.10526315789473684,1.0,4,1.0,37.829499999999996,46.98155,0,11,11,48,0.125,0,0.6480000000000001,0.648,0.0538014667406808
0.8541666666666666,0.14583333333333334,0.2338888816268847,1.5578943609664926,1.0,17.916666666666668,3.8425223043780536,0.6202777850397819,622.2597394163191,32,32,geolife,geolife_dfbsp_tau_0.125,dfbsp,0.1,adaptive,8,0.015625,36,6,2,6,0.3333333333333333,0.12875536480686695,0.4623015873015873,0.05952380952380952,1,0,3,1,2,1,0.05555555555555555,1.0,2,1.0,39.957,60.78914999999999,0,9,9,48,0.125,0,0.6480000000000001,0.648,0.0538014667406808
1.0,0.0,0.3220708033555015,1.1523306692241806,1.0,16.541666666666668,3.459421352353633,0.6779291966444984,0.0,33,33,geolife,geolife_dfbsp_tau_0.125,dfbsp,0.1,adaptive,8,0.015625,37,4,1,3,0.25,0.0625,0.4,0.025,1,0,2,0,1,1,0.02702702702702703,1.0,1,1.0,37.8275,52.67289999999999,0,11,11,48,0.125,0,0.6480000000000001,0.648,0.0538014667406808
0.3333333333333333,0.7270728111794096,0.2930259052505252,1.8326335260801774,1.0,14.083333333333334,3.379521008249858,0.28022613759089204,3069.7798356137228,34,34,geolife,geolife_dfbsp_tau_0.125,dfbsp,0.1,adaptive,8,0.015625,29,6,1,12,0.16666666666666666,0.03496503496503496,1.1916666666666667,0.041666666666666664,1,0,3,1,2,0,0.034482758620689655,0.3333333333333333,1,1.0,39.679,50.006949999999996,0,16,16,48,0.125,0,0.6480000000000001,0.648,0.0538014667406808
0.2708333333333333,1.1141397638462305,0.15227686391793188,2.427524852636011,1.0,24.291666666666668,4.303698914367999,0.18630697808751392,4725.927780110904,37,37,geolife,geolife_dfbsp_tau_0.125,dfbsp,0.1,adaptive,8,0.015625,40,5,3,4,0.6,0.16886543535620052,0.3759920634920635,0.06349206349206349,1,0,1,0,3,3,0.075,1.0,3,1.0,38.079499999999996,52.55105,0,8,8,47,0.125,0,0.6480000000000001,0.648,0.0538014667406808
0.2916666666666667,1.206787416111397,0.28334353158108044,3.3277698087476746,0.8125,16.916666666666668,3.5531014460531885,0.32281798762718933,5068.56141250455,38,38,geolife,geolife_dfbsp_tau_0.125,dfbsp,0.1,adaptive,8,0.015625,33,3,1,8,0.3333333333333333,0.2,0.15625,0.03125,0,0,2,0,1,1,0.030303030303030304,0.5,1,1.0,39.2155,52.36535,0,14,14,48,0.125,0,0.6480000000000001,0.648,0.0538014667406808
0.375,0.8577212659340537,0.15847677501844967,2.4951797475127395,1.0,24.75,4.292587238910932,0.21652322498155033,3616.209998778182,39,39,geolife,geolife_dfbsp_tau_0.125,dfbsp,0.1,adaptive,8,0.015625,41,2,1,2,0.5,0.06666666666666667,0.26785714285714285,0.017857142857142856,1,0,0,0,1,1,0.024390243902439025,1.0,1,1.0,37.5405,46.139900000000004,0,7,7,48,0.125,0,0.6480000000000001,0.648,0.0538014667406808
0.9166666666666666,0.08333333333333333,0.23026759020207957,1.5649488600980808,1.0,12.458333333333334,3.4573938528695347,0.6863990764645872,347.875,42,42,geolife,geolife_dfbsp_tau_0.125,dfbsp,0.1,adaptive,8,0.015625,30,2,1,12,0.5,0.4285714285714286,0.07291666666666666,0.03125,0,0,1,0,1,1,0.03333333333333333,1.0,1,1.0,39.9725,45.6107,0,15,15,48,0.125,0,0.6480000000000001,0.648,0.0538014667406808
0.3333333333333333,0.8219967525565771,0.19251149105579682,2.34352013785619,1.0,15.3125,3.6534527676983224,0.269900566105619,3469.545688679797,43,43,geolife,geolife_dfbsp_tau_0.125,dfbsp,0.1,adaptive,8,0.015625,28,3,1,9,0.3333333333333333,0.14285714285714285,0.14583333333333334,0.020833333333333332,0,0,2,0,1,1,0.03571428571428571,0.5,1,1.0,41.6495,56.09749999999999,0,15,15,48,0.125,0,0.6480000000000001,0.648,0.0538014667406808
0.8958333333333334,0.10416666666666667,0.2103187642801274,1.6050411579486656,1.0,20.5,3.973705441292927,0.6855145690532058,444.47124244022797,44,44,geolife,geolife_dfbsp_tau_0.125,dfbsp,0.1,adaptive,8,0.015625,39,1,0,4,0.0,0.0,0.0625,0.0,0,0,1,0,0,0,0.0,0.0,0,1.0,38.111000000000004,50.42305,0,8,8,48,0.125,0,0.6480000000000001,0.648,0.0538014667406808
0.5416666666666666,0.4583333333333333,0.19251051938014782,2.224670105706367,1.0,29.229166666666668,4.187611754303494,0.3491561472865188,1926.7909894163195,52,52,geolife,geolife_dfbsp_tau_0.125,dfbsp,0.1,adaptive,8,0.015625,35,0,0,4,nan,nan,0.0,0.0,0,0,0,0,0,0,0.0,nan,0,1.0,38.641,44.52585,0,12,12,48,0.125,0,0.6480000000000001,0.648,0.0538014667406808
0.0,1.7224089680456036,0.23628764463259774,3.119530235073011,0.9375,16.5625,3.640244736236133,0.23628764463259777,7246.902454416239,54,54,geolife,geolife_dfbsp_tau_0.125,dfbsp,0.1,adaptive,8,0.015625,38,3,3,8,1.0,1.0,0.07083333333333333,0.07083333333333333,0,0,0,0,3,3,0.07894736842105263,1.0,3,1.0,39.679,59.16724999999999,0,15,15,48,0.125,0,0.6480000000000001,0.648,0.0538014667406808
0.0,1.6792617219650732,0.21181321870044936,3.374382462296511,0.75,12.6875,3.431342845386018,0.21181321870044936,7106.437451269724,58,58,geolife,geolife_dfbsp_tau_0.125,dfbsp,0.1,adaptive,8,0.015625,35,8,5,12,0.625,0.495164410058027,0.3590277777777778,0.17777777777777776,1,0,2,2,5,3,0.14285714285714285,1.0,5,1.0,40.5805,53.61984999999999,0,13,13,48,0.125,0,0.6480000000000001,0.648,0.0538014667406808
0.020833333333333332,1.0309433619633037,0.22506323404789932,2.4430813367552084,0.9791666666666666,14.645833333333334,3.575762534908088,0.20422990071456604,4390.832421097698,62,62,geolife,geolife_dfbsp_tau_0.125,dfbsp,0.1,adaptive,8,0.015625,35,4,3,10,0.75,0.2286501377410468,0.32410714285714287,0.07410714285714286,1,0,0,0,3,3,0.08571428571428572,1.0,3,1.0,40.018,50.94345,0,11,11,48,0.125,0,0.6480000000000001,0.648,0.0538014667406808
0.0,1.103553390593273,0.22006304742075897,2.040254680689156,1.0,13.5,3.519957097083966,0.22006304742075908,4630.913460127832,64,64,geolife,geolife_dfbsp_tau_0.125,dfbsp,0.1,adaptive,8,0.015625,35,4,2,11,0.5,0.49218749999999994,0.17777777777777778,0.0875,0,0,2,1,2,1,0.05714285714285714,1.0,2,1.0,39.834,53.73754999999999,0,13,13,48,0.125,0,0.6480000000000001,0.648,0.0538014667406808
1.0,0.0,0.26639950649880895,1.3460016484156787,1.0,20.270833333333332,3.8192712668087956,0.733600493501191,0.0,67,67,geolife,geolife_dfbsp_tau_0.125,dfbsp,0.1,adaptive,8,0.015625,37,5,3,6,0.6,0.11462450592885373,0.5647321428571429,0.06473214285714285,2,0,0,0,3,3,0.08108108108108109,1.0,3,1.0,37.819500000000005,47.849999999999994,0,12,12,48,0.125,0,0.6480000000000001,0.648,0.0538014667406808
0.5625,0.4583333333333333,0.28586682409157843,1.4504496521122263,1.0,12.270833333333334,3.205081056446384,0.2766331759084216,1917.1634969760914,68,68,geolife,geolife_dfbsp_tau_0.125,dfbsp,0.1,adaptive,8,0.015625,33,6,3,12,0.5,0.3527980535279805,0.18348214285714284,0.06473214285714285,0,0,1,0,5,3,0.09090909090909091,1.0,3,1.0,40.147,53.93035,0,12,12,48,0.125,0,0.6480000000000001,0.648,0.0538014667406808
0.5,0.6208122890254862,0.24628121722463772,1.8725548558878786,1.0,16.895833333333332,3.653331266403997,0.2537187827753622,2610.7467105382616,69,69,geolife,geolife_dfbsp_tau_0.125,dfbsp,0.1,adaptive,8,0.015625,37,2,0,4,0.0,0.0,0.08333333333333333,0.0,0,0,1,0,1,0,0.0,0.0,0,1.0,39.6025,60.5777,0,9,9,48,0.125,0,0.6480000000000001,0.648,0.0538014667406808
0.08333333333333333,1.4207709379431195,0.23744815272312483,3.8498000088061164,0.7083333333333334,16.333333333333332,3.655959699094959,0.15411481938979146,6031.6476424664115,73,73,geolife,geolife_dfbsp_tau_0.125,dfbsp,0.1,adaptive,8,0.015625,31,3,1,9,0.3333333333333333,0.16,0.11160714285714285,0.017857142857142856,0,0,1,0,2,1,0.03225806451612903,0.5,1,1.0,40.312,56.84384999999998,0,11,11,48,0.125,0,0.6480000000000001,0.648,0.0538014667406808
0.375,0.9499322448437019,0.21866563889940774,2.4667451571575185,1.0,19.9375,3.924737775775864,0.2577721547085291,3975.0478710415714,74,74,geolife,geolife_dfbsp_tau_0.125,dfbsp,0.1,adaptive,8,0.015625,38,3,0,4,0.0,0.0,0.29910714285714285,0.0,1,0,0,0,2,0,0.0,0.0,0,1.0,38.64149999999999,54.08944999999998,0,9,9,48,0.125,0,0.6480000000000001,0.648,0.0538014667406808
0.4166666666666667,0.9720920973542247,0.2697837373153833,2.3826005770262744,0.875,17.4375,3.5451657514392454,0.23335051762453127,4114.803288882244,78,78,geolife,geolife_dfbsp_tau_0.125,dfbsp,0.1,adaptive,8,0.015625,30,4,2,8,0.5,0.03906250000000001,1.0666666666666664,0.041666666666666664,1,0,0,0,3,2,0.06666666666666667,0.5,2,1.0,41.4485,50.38625,0,15,15,48,0.125,0,0.6480000000000001,0.648,0.0538014667406808
0.4583333333333333,0.8530056647916492,0.22614993759152247,1.895740635182003,1.0,18.8125,3.723622756575456,0.2712579031324101,3566.2724515940718,79,79,geolife,geolife_dfbsp_tau_0.125,dfbsp,0.1,adaptive,8,0.015625,33,0,0,6,nan,nan,0.0,0.0,0,0,0,0,0,0,0.0,nan,0,1.0,39.3005,49.343199999999996,0,13,13,48,0.125,0,0.6480000000000001,0.648,0.0538014667406808
0.0,1.2916666666666667,0.21286336414166898,1.8072919644581598,1.0,13.0,3.365786025087121,0.21286336414166906,5511.44340625883,82,82,geolife,geolife_dfbsp_tau_0.125,dfbsp,0.1,adaptive,8,0.015625,37,4,4,11,1.0,1.0,0.09583333333333333,0.09583333333333333,0,0,0,0,4,4,0.10810810810810811,1.0,4,1.0,37.6425,45.5127,0,12,12,48,0.125,0,0.6480000000000001,0.648,0.0538014667406808
0.5416666666666666,0.6666666666666666,0.20201944613735626,1.8740916692952467,1.0,22.145833333333332,4.0532394175786015,0.33964722052931046,2844.6159516174594,83,83,geolife,geolife_dfbsp_tau_0.125,dfbsp,0.1,adaptive,8,0.015625,38,5,4,6,0.8,0.6648044692737429,0.18645833333333334,0.12395833333333332,0,0,2,1,3,3,0.10526315789473684,1.0,4,1.0,38.1005,50.4113,0,15,15,48,0.125,0,0.6480000000000001,0.648,0.0538014667406808
0.22916666666666666,0.8226100286299699,0.28141505792744226,2.191970757395002,1.0,19.0,3.7264158079776926,0.09202147960874751,3501.889936217239,84,84,geolife,geolife_dfbsp_tau_0.125,dfbsp,0.1,adaptive,8,0.015625,38,4,3,6,0.75,0.6557377049180327,0.09077380952380952,0.05952380952380952,0,0,0,0,4,3,0.07894736842105263,1.0,3,1.0,38.1015,53.28485,0,14,14,48,0.125,0,0.6480000000000001,0.648,0.0538014667406808
0.3333333333333333,0.855033970007138,0.22418457977004902,2.325292850052784,1.0,18.729166666666668,3.8342439177011194,0.10914875356328439,3600.3140710343564,89,89,geolife,geolife_dfbsp_tau_0.125,dfbsp,0.1,adaptive,8,0.015625,33,3,0,4,0.0,0.0,0.3229166666666667,0.0,1,0,1,0,1,0,0.0,0.0,0,1.0,38.129000000000005,48.6723,0,9,9,48,0.125,0,0.6480000000000001,0.648,0.0538014667406808
0.9375,0.0625,0.3069541457815286,1.2381365698776239,1.0,16.3125,3.459693465055094,0.6305458542184714,260.90625,102,102,geolife,geolife_dfbsp_tau_0.125,dfbsp,0.1,adaptive,8,0.015625,32,5,1,7,0.2,0.10494752623688154,0.39702380952380956,0.041666666666666664,1,0,2,1,2,0,0.03125,1.0,1,1.0,37.887,43.1321,0,15,15,48,0.125,0,0.6480000000000001,0.648,0.0538014667406808
0.5833333333333334,0.433925565098879,0.24965928489902786,1.7238474388991696,1.0,18.625,3.782480407661712,0.3336740484343055,1831.4897307550189,103,103,geolife,geolife_dfbsp_tau_0.125,dfbsp,0.1,adaptive,8,0.015625,36,4,3,7,0.75,0.7407407407407408,0.08035714285714285,0.05952380952380952,0,0,0,0,4,3,0.08333333333333333,0.5,3,1.0,38.265,49.50625,0,11,11,48,0.125,0,0.6480000000000001,0.648,0.0538014667406808
0.5208333333333334,0.4791666666666667,0.20817472150678404,1.9332784893064536,1.0,16.875,3.695971991202791,0.31265861182654925,2044.567715225049,104,104,geolife,geolife_dfbsp_tau_0.125,dfbsp,0.1,adaptive,8,0.015625,41,3,1,6,0.3333333333333333,0.014778325123152709,1.0572916666666667,0.015625,1,0,1,0,1,1,0.024390243902439025,0.5,1,1.0,37.412,51.20689999999999,0,9,9,48,0.125,0,0.6480000000000001,0.648,0.0538014667406808
1.0,0.0,0.22169214000918583,1.5263517522030352,1.0,19.6875,3.9460740391921587,0.7783078599908141,0.0,112,112,geolife,geolife_dfbsp_tau_0.125,dfbsp,0.1,adaptive,8,0.015625,36,4,2,8,0.5,0.54858934169279,0.09494047619047619,0.05208333333333333,0,0,0,0,4,2,0.05555555555555555,1.0,2,1.0,39.063,49.5348,0,12,12,48,0.125,0,0.6480000000000001,0.648,0.0538014667406808
0.125,1.5844289974002788,0.28108564649500883,3.831619786472744,0.6458333333333334,16.541666666666668,3.5277565151226002,0.15608564649500892,6648.396320305048,113,113,geolife,geolife_dfbsp_tau_0.125,dfbsp,0.1,adaptive,8,0.015625,36,7,2,8,0.2857142857142857,0.02218636546994756,2.5822916666666664,0.057291666666666664,4,0,1,1,2,1,0.05555555555555555,1.0,2,1.0,38.388000000000005,58.03394999999999,0,11,11,48,0.125,0,0.6480000000000001,0.648,0.0538014667406808
0.0,1.5791456223588185,0.2468416740848901,2.8367156947760126,1.0,23.270833333333332,3.992108233632097,0.24684167408489008,6680.6271561079,119,119,geolife,geolife_dfbsp_tau_0.125,dfbsp,0.1,adaptive,8,0.015625,35,1,1,3,1.0,1.0,0.017857142857142856,0.017857142857142856,0,0,0,0,1,1,0.02857142857142857,1.0,1,1.0,39.5775,58.346849999999996,0,15,15,48,0.125,0,0.6480000000000001,0.648,0.0538014667406808
0.875,0.125,0.3007296348848707,1.4309796124861105,1.0,19.395833333333332,3.590226939909536,0.5742703651151292,533.3654909282735,122,122,geolife,geolife_dfbsp_tau_0.125,dfbsp,0.1,adaptive,8,0.015625,34,5,4,11,0.8,0.22935779816513766,0.32440476190476186,0.0744047619047619,1,0,0,0,4,4,0.11764705882352941,1.0,4,1.0,39.335499999999996,56.41844999999999,0,16,16,48,0.125,0,0.6480000000000001,0.648,0.0538014667406808
0.0,1.4678102502561756,0.2044330511846786,2.2921507239822088,1.0,15.6875,3.6668548141869355,0.20443305118467855,6185.239735986487,128,128,geolife,geolife_dfbsp_tau_0.125,dfbsp,0.1,adaptive,8,0.015625,41,4,3,8,0.75,0.7627118644067797,0.08779761904761904,0.06696428571428571,0,0,0,0,4,3,0.07317073170731707,1.0,3,1.0,37.061,50.348449999999985,0,12,12,48,0.125,0,0.6480000000000001,0.648,0.0538014667406808
0.8333333333333334,0.3321723314583158,0.20138491506964476,1.8328247440903327,1.0,17.229166666666668,3.790057739471463,0.6319484182636886,1412.0141068698558,138,138,geolife,geolife_dfbsp_tau_0.125,dfbsp,0.1,adaptive,8,0.015625,37,3,1,9,0.3333333333333333,0.047619047619047616,1.3125,0.0625,2,0,1,1,0,0,0.02702702702702703,1.0,1,1.0,37.931,48.02345,0,11,11,48,0.125,0,0.6480000000000001,0.648,0.0538014667406808
0.0,1.3624368670764573,0.33390372207451025,2.522326866535978,1.0,12.458333333333334,3.1053896225589486,0.33390372207451025,5752.692125566961,142,142,geolife,geolife_dfbsp_tau_0.125,dfbsp,0.1,adaptive,8,0.015625,37,3,2,8,0.6666666666666666,0.09433962264150941,1.1041666666666667,0.10416666666666666,1,0,2,2,0,0,0.05405405405405406,1.0,2,1.0,37.473,44.33965,0,12,12,48,0.125,0,0.6480000000000001,0.648,0.0538014667406808
0.22916666666666666,0.8571278254943948,0.23919128368895662,2.0794937577714188,1.0,17.4375,3.6544598190446274,0.02809963698833876,3595.6209687891337,147,147,geolife,geolife_dfbsp_tau_0.125,dfbsp,0.1,adaptive,8,0.015625,35,0,0,7,nan,nan,0.0,0.0,0,0,0,0,0,0,0.0,nan,0,1.0,38.5225,52.26725,0,12,12,48,0.125,0,0.6480000000000001,0.648,0.0538014667406808
1.0,0.0,0.26718714400258187,1.3385785981086278,1.0,20.708333333333332,3.7768467468832405,0.7328128559974182,0.0,159,159,geolife,geolife_dfbsp_tau_0.125,dfbsp,0.1,adaptive,8,0.015625,33,2,0,3,0.0,0.0,1.0208333333333333,0.0,1,0,0,0,1,0,0.0,0.0,0,1.0,39.2485,47.1994,0,14,14,48,0.125,0,0.6480000000000001,0.648,0.0538014667406808
0.6041666666666666,0.6648923887182564,0.18513902409363736,2.1561687328998294,1.0,19.8125,3.979355998876322,0.4190276425730292,2807.048910209951,167,167,geolife,geolife_dfbsp_tau_0.125,dfbsp,0.1,adaptive,8,0.015625,36,4,3,5,0.75,0.2727272727272727,0.34375,0.09375,1,0,1,1,2,2,0.08333333333333333,1.0,3,1.0,37.8855,57.74544999999997,0,8,8,42,0.125,0,0.6480000000000001,0.648,0.0538014667406808
0.0,2.288848695123605,0.250131696256663,5.555533551869921,0.25,17.0,3.6295099676379596,0.250131696256663,9683.612099115564,168,168,geolife,geolife_dfbsp_tau_0.125,dfbsp,0.1,adaptive,8,0.015625,42,4,1,4,0.25,0.03571428571428571,0.5833333333333334,0.020833333333333332,2,0,1,0,1,1,0.023809523809523808,0.3333333333333333,1,1.0,37.841,48.652499999999996,0,9,9,48,0.125,0,0.6480000000000001,0.648,0.0538014667406808
0.4166666666666667,0.9653254360514353,0.1848024823230386,3.064261632405287,0.8125,20.041666666666668,3.9859230253638187,0.24938092520591817,4067.129370100349,169,169,geolife,geolife_dfbsp_tau_0.125,dfbsp,0.1,adaptive,8,0.015625,34,2,2,9,1.0,1.0,0.0625,0.0625,0,0,1,1,1,1,0.058823529411764705,1.0,2,1.0,38.347,48.798849999999995,0,14,14,48,0.125,0,0.6480000000000001,0.648,0.0538014667406808
1.0,0.0,0.19189230497760212,1.681022073541187,1.0,21.4375,4.0592350258357,0.8081076950223979,0.0,174,174,geolife,geolife_dfbsp_tau_0.125,dfbsp,0.1,adaptive,8,0.015625,39,5,1,5,0.2,0.014925373134328358,1.3958333333333333,0.020833333333333332,2,0,2,0,1,1,0.02564102564102564,1.0,1,1.0,36.7965,52.1379,0,10,10,48,0.125,0,0.6480000000000001,0.648,0.0538014667406808
0.20833333333333334,0.808925565098879,0.19640597995067652,1.788674426798999,1.0,16.291666666666668,3.7060450336201427,0.21924731629910443,3448.9156899322516,177,177,geolife,geolife_dfbsp_tau_0.125,dfbsp,0.1,adaptive,8,0.015625,34,5,3,8,0.6,0.45689655172413784,0.16111111111111112,0.0736111111111111,0,0,1,0,4,3,0.08823529411764706,1.0,3,1.0,39.41,50.84929999999999,0,12,12,47,0.125,0,0.6480000000000001,0.648,0.0538014667406808
0.3125,1.1041666666666667,0.2244034889750045,2.1434598278237096,1.0,15.375,3.5602764293152878,0.2412657934886694,4609.34375,179,179,geolife,geolife_dfbsp_tau_0.125,dfbsp,0.1,adaptive,8,0.015625,36,2,2,9,1.0,1.0,0.033482142857142856,0.033482142857142856,0,0,0,0,2,2,0.05555555555555555,1.0,2,1.0,37.864000000000004,45.6085,0,10,10,48,0.125,0,0.6480000000000001,0.648,0.0538014667406808
0.0,2.158437432503331,0.10757922944868718,3.0686928143611247,1.0,30.895833333333332,4.740107283971491,0.10757922944868718,9050.631128968014,2,2,geolife,geolife_data_rdfbsp_tau_0.125,rdfbsp,0.1,adaptive,8,0.015625,35,6,1,5,0.16666666666666666,0.012917115177610333,1.3824404761904763,0.017857142857142856,2,0,1,0,3,1,0.02857142857142857,0.5,1,1.0,201.413,219.15879999999999,0,0,0,20,0.125,6,0.6480000000000001,0.648,0.0538014667406808
0.0,1.4341082111873191,0.10568986645944083,2.6781178406090618,1.0,33.208333333333336,4.8598183636127885,0.10568986645944083,6061.408780329427,3,3,geolife,geolife_data_rdfbsp_tau_0.125,rdfbsp,0.1,adaptive,8,0.015625,40,4,0,4,0.0,0.0,0.15416666666666665,0.0,0,0,2,0,2,0,0.0,0.0,0,1.0,200.676,233.1863,0,3,0,23,0.125,6,0.6480000000000001,0.648,0.0538014667406808
0.4375,0.8327847075210473,0.1056852823128383,2.470670399268998,1.0,28.583333333333332,4.672159800567727,0.44441167374074464,3480.1494560366577,4,4,geolife,geolife_data_rdfbsp_tau_0.125,rdfbsp,0.1,adaptive,8,0.015625,31,3,0,11,0.0,0.0,0.14583333333333334,0.0,0,0,2,0,1,0,0.0,0.0,0,1.0,199.87849999999997,236.96869999999998,0,0,0,20,0.125,6,0.6480000000000001,0.648,0.0538014667406808
0.4791666666666667,0.5467216809816519,0.10659915790382236,2.6478287779009686,1.0,31.166666666666668,4.819848423137098,0.3725675087628442,2315.2790938645967,7,7,geolife,geolife_data_rdfbsp_tau_0.125,rdfbsp,0.1,adaptive,8,0.015625,40,5,1,3,0.2,0.07894736842105263,0.2261904761904762,0.017857142857142856,0,0,3,0,2,1,0.025,0.5,1,1.0,201.64600000000002,269.5125,0,0,0,20,0.125,6,0.6480000000000001,0.648,0.0538014667406808
0.041666666666666664,1.7430339887498942,0.09912932771790402,3.454074780731398,1.0,34.145833333333336,4.926272073349378,0.05746266105123735,7297.144218636154,8,8,geolife,geolife_data_rdfbsp_tau_0.125,rdfbsp,0.1,adaptive,8,0.015625,42,6,2,3,0.3333333333333333,0.1024390243902439,0.35590277777777773,0.03645833333333333,1,0,0,0,5,2,0.047619047619047616,0.5,2,1.0,198.94,221.33759999999998,0,0,0,20,0.125,6,0.6480000000000001,0.648,0.0538014667406808
0.0,1.0,0.10914147982320914,2.569722194658019,1.0,29.583333333333332,4.7425818926867445,0.10914147982320914,4174.5,9,9,geolife,geolife_data_rdfbsp_tau_0.125,rdfbsp,0.1,adaptive,8,0.015625,35,5,0,5,0.0,0.0,0.7916666666666667,0.0,3,0,0,0,2,0,0.0,0.0,0,1.0,193.75799999999998,211.1903,0,0,0,20,0.125,6,0.6480000000000001,0.648,0.0538014667406808
0.14583333333333334,2.144892322374465,0.10920503760405043,4.283579867715472,0.6875,28.916666666666668,4.723186972191116,0.1492252517828658,9103.438939160053,12,12,geolife,geolife_data_rdfbsp_tau_0.125,rdfbsp,0.1,adaptive,8,0.015625,37,5,0,6,0.0,0.0,1.3616071428571428,0.0,2,0,1,0,2,0,0.0,0.0,0,1.0,205.99349999999998,233.7693,0,0,0,20,0.125,6,0.6480000000000001,0.648,0.0538014667406808
0.875,0.21509490250701582,0.10713432601596741,2.3632537495454438,1.0,29.75,4.760197849336259,0.7678656739840326,906.8455626310682,14,14,geolife,geolife_data_rdfbsp_tau_0.125,rdfbsp,0.1,adaptive,8,0.015625,34,6,2,9,0.3333333333333333,0.09562260943476412,0.35014880952380956,0.033482142857142856,1,0,0,0,5,2,0.058823529411764705,1.0,2,1.0,197.2855,209.9668,0,0,0,20,0.125,6,0.6480000000000001,0.648,0.0538014667406808
0.0,2.110574907888678,0.10750274812348082,3.3675891181852964,0.9791666666666666,33.854166666666664,4.8993534113586845,0.10750274812348075,8873.95167867958,17,17,geolife,geolife_data_rdfbsp_tau_0.125,rdfbsp,0.1,adaptive,8,0.015625,32,3,0,3,0.0,0.0,0.5625,0.0,2,0,1,0,0,0,0.0,0.0,0,1.0,196.4265,218.0967,0,2,0,26,0.125,6,0.6480000000000001,0.648,0.0538014667406808
0.0,4.015277579134391,0.09270575706574803,5.026750593078052,0.3958333333333333,39.791666666666664,5.126491372009958,0.09270575706574806,17104.529965319398,18,18,geolife,geolife_data_rdfbsp_tau_0.125,rdfbsp,0.1,adaptive,8,0.015625,39,2,0,0,0.0,0.0,0.07291666666666666,0.0,0,0,1,0,1,0,0.0,0.0,0,nan,200.83749999999998,228.7574,0,0,0,20,0.125,6,0.6480000000000001,0.648,0.0538014667406808
0.0,2.5692699978258884,0.1097469819782773,3.5315290098282066,1.0,28.833333333333332,4.711439115549717,0.1097469819782773,10871.833393983728,19,19,geolife,geolife_data_rdfbsp_tau_0.125,rdfbsp,0.1,adaptive,8,0.015625,35,5,1,8,0.2,0.11351351351351353,0.1376488095238095,0.015625,0,0,1,0,4,1,0.02857142857142857,0.5,1,1.0,198.095,213.03685,0,0,0,20,0.125,6,0.6480000000000001,0.648,0.0538014667406808
0.7291666666666666,0.375,0.10892076011215203,2.5245000536506463,1.0,28.75,4.716562429712897,0.6202459065545146,1565.4375,22,22,geolife,geolife_data_rdfbsp_tau_0.125,rdfbsp,0.1,adaptive,8,0.015625,34,3,0,7,0.0,0.0,1.1041666666666667,0.0,1,0,2,0,0,0,0.0,0.0,0,1.0,199.5475,221.70835,0,0,0,20,0.125,6,0.6480000000000001,0.648,0.0538014667406808
1.0,0.0,0.10898801897338696,2.244683609898946,1.0,29.395833333333332,4.72586245125142,0.891011981026613,0.0,23,23,geolife,geolife_data_rdfbsp_tau_0.125,rdfbsp,0.1,adaptive,8,0.015625,36,2,0,5,0.0,0.0,1.0208333333333333,0.0,1,0,0,0,1,0,0.0,0.0,0,1.0,197.889,225.66629999999998,0,0,0,20,0.125,6,0.6480000000000001,0.648,0.0538014667406808
0.5,0.5650647005337013,0.10686432406593503,2.476207964412294,1.0,32.666666666666664,4.87892509460148,0.39313567593406495,2366.33939033379,24,24,geolife,geolife_data_rdfbsp_tau_0.125,rdfbsp,0.1,adaptive,8,0.015625,30,4,2,10,0.5,0.3636363636363637,0.0982142857142857,0.03571428571428571,0,0,1,0,3,2,0.06666666666666667,1.0,2,1.0,205.0405,227.69674999999998,0,0,0,20,0.125,6,0.6480000000000001,0.648,0.0538014667406808
0.75,0.28451779686442463,0.1091211136118758,2.4963955214920057,1.0,27.604166666666668,4.642193630781904,0.6408788863881242,1193.195488725217,27,27,geolife,geolife_data_rdfbsp_tau_0.125,rdfbsp,0.1,adaptive,8,0.015625,35,2,1,7,0.5,0.5,0.041666666666666664,0.020833333333333332,0,0,0,0,2,1,0.02857142857142857,1.0,1,1.0,201.6295,221.52485,0,1,0,21,0.125,6,0.6480000000000001,0.648,0.0538014667406808
0.375,0.8842972764081827,0.10643249496658197,3.1856035878619537,0.7708333333333334,30.416666666666668,4.772681723147199,0.3688355389129991,3725.6773132701114,28,28,geolife,geolife_data_rdfbsp_tau_0.125,rdfbsp,0.1,adaptive,8,0.015625,34,3,1,5,0.3333333333333333,0.16949152542372883,0.10535714285714284,0.017857142857142856,0,0,1,0,2,1,0.029411764705882353,0.5,1,1.0,197.9665,224.58565,0,0,0,20,0.125,6,0.6480000000000001,0.648,0.0538014667406808
0.0,2.1641723335070657,0.10970199383919722,3.509427001847208,0.8958333333333334,29.916666666666668,4.740479423996132,0.10970199383919726,9048.705269291799,29,29,geolife,geolife_data_rdfbsp_tau_0.125,rdfbsp,0.1,adaptive,8,0.015625,38,5,1,5,0.2,0.08968609865470852,0.19910714285714284,0.017857142857142856,0,0,2,0,3,1,0.02631578947368421,0.5,1,1.0,199.14499999999998,248.04759999999993,0,0,0,20,0.125,6,0.6480000000000001,0.648,0.0538014667406808
0.6458333333333334,0.6919395654236474,0.10488422538290815,2.537468125754354,1.0,31.020833333333332,4.805624564186652,0.5409491079504253,2906.3087173311656,32,32,geolife,geolife_data_rdfbsp_tau_0.125,rdfbsp,0.1,adaptive,8,0.015625,36,6,0,3,0.0,0.0,0.4623015873015873,0.0,1,0,3,0,2,0,0.0,0.0,0,1.0,195.6495,217.87335,0,0,0,20,0.125,6,0.6480000000000001,0.648,0.0538014667406808
0.8958333333333334,0.429490169335173,0.10425918009264144,2.3289075037881184,1.0,32.125,4.817310321694103,0.7915741532406919,1830.2907016689508,33,33,geolife,geolife_data_rdfbsp_tau_0.125,rdfbsp,0.1,adaptive,8,0.015625,37,4,0,4,0.0,0.0,0.4,0.0,1,0,2,0,1,0,0.0,0.0,0,1.0,199.3785,224.1488,0,0,0,20,0.125,6,0.6480000000000001,0.648,0.0538014667406808
0.041666666666666664,1.29968283980938,0.10623646603411108,2.8153117446119444,1.0,32.166666666666664,4.834815838107209,0.0645697993674444,5456.801327773277,34,34,geolife,geolife_data_rdfbsp_tau_0.125,rdfbsp,0.1,adaptive,8,0.015625,29,6,1,8,0.16666666666666666,0.02097902097902098,1.1916666666666667,0.025,1,0,3,0,2,1,0.034482758620689655,0.3333333333333333,1,1.0,203.6855,224.6772,0,0,0,20,0.125,6,0.6480000000000001,0.648,0.0538014667406808
0.0,2.1072194672341586,0.10686382136986237,3.1959859257058874,1.0,30.583333333333332,4.76564546968181,0.10686382136986237,8962.174911563192,37,37,geolife,geolife_data_rdfbsp_tau_0.125,rdfbsp,0.1,adaptive,8,0.015625,40,5,0,4,0.0,0.0,0.3759920634920635,0.0,1,0,1,0,3,0,0.0,0.0,0,1.0,195.473,214.12135,0,0,0,20,0.125,6,0.6480000000000001,0.648,0.0538014667406808
0.0,3.0217264838942715,0.11270722513582497,3.750339661931509,0.9791666666666666,28.645833333333332,4.692363723831886,0.11270722513582498,12799.674439029004,38,38,geolife,geolife_data_rdfbsp_tau_0.125,rdfbsp,0.1,adaptive,8,0.015625,33,3,0,7,0.0,0.0,0.15625,0.0,0,0,2,0,1,0,0.0,0.0,0,1.0,198.60399999999998,216.17340000000002,0,5,0,31,0.125,6,0.6480000000000001,0.648,0.0538014667406808
0.125,1.3642769077603323,0.09880295216269136,2.7372122224768947,1.0,37.666666666666664,5.028835926818313,0.13879400389089147,5711.679277253621,39,39,geolife,geolife_data_rdfbsp_tau_0.125,rdfbsp,0.1,adaptive,8,0.015625,41,2,0,1,0.0,0.0,0.26785714285714285,0.0,1,0,0,0,1,0,0.0,0.0,0,1.0,200.224,219.97320000000002,0,0,0,20,0.125,6,0.6480000000000001,0.648,0.0538014667406808
0.0,1.5794039229342058,0.10953809919992287,2.5605360746251455,1.0,26.729166666666668,4.582124563166272,0.1095380991999229,6661.763370290769,42,42,geolife,geolife_data_rdfbsp_tau_0.125,rdfbsp,0.1,adaptive,8,0.015625,30,2,0,7,0.0,0.0,0.07291666666666666,0.0,0,0,1,0,1,0,0.0,0.0,0,1.0,201.1565,218.35299999999998,0,2,0,24,0.125,6,0.6480000000000001,0.648,0.0538014667406808
0.041666666666666664,1.0705161731427129,0.1163902892732215,2.8139235223106365,1.0,29.229166666666668,4.682927743330979,0.07472362260655481,4503.996074749367,43,43,geolife,geolife_data_rdfbsp_tau_0.125,rdfbsp,0.1,adaptive,8,0.015625,28,3,0,8,0.0,0.0,0.14583333333333334,0.0,0,0,2,0,1,0,0.0,0.0,0,1.0,203.111,258.4604,0,6,0,35,0.125,6,0.6480000000000001,0.648,0.0538014667406808
0.8333333333333334,0.43695137418771407,0.10482437547144478,2.321818245201842,1.0,31.791666666666668,4.836756944441348,0.7285089578618885,1831.5942030127487,44,44,geolife,geolife_data_rdfbsp_tau_0.125,rdfbsp,0.1,adaptive,8,0.015625,39,1,0,3,0.0,0.0,0.0625,0.0,0,0,1,0,0,0,0.0,0.0,0,1.0,195.5385,221.1513,0,0,0,20,0.125,6,0.6480000000000001,0.648,0.0538014667406808
0.0,1.6186485376305708,0.11010929327266282,2.948322910977732,1.0,29.6875,4.704632986485393,0.11010929327266283,6873.683796472117,52,52,geolife,geolife_data_rdfbsp_tau_0.125,rdfbsp,0.1,adaptive,8,0.015625,35,0,0,6,nan,nan,0.0,0.0,0,0,0,0,0,0,0.0,nan,0,1.0,202.933,266.04475,0,2,0,25,0.125,6,0.6480000000000001,0.648,0.0538014667406808
0.0,2.167214817395683,0.11051989936153377,4.194186080991513,0.9791666666666666,28.520833333333332,4.668237107228298,0.11051989936153378,9076.574101401218,54,54,geolife,geolife_data_rdfbsp_tau_0.125,rdfbsp,0.1,adaptive,8,0.015625,38,3,3,7,1.0,1.0,0.07083333333333333,0.07083333333333333,0,0,0,0,3,3,0.07894736842105263,1.0,3,1.0,191.38299999999998,216.67185,0,2,0,27,0.125,6,0.6480000000000001,0.648,0.0538014667406808
0.0,1.6792617219650732,0.10970813789741608,4.224427617398114,0.7291666666666666,29.229166666666668,4.71331340900417,0.10970813789741606,7106.437451269724,58,58,geolife,geolife_data_rdfbsp_tau_0.125,rdfbsp,0.1,adaptive,8,0.015625,35,8,0,7,0.0,0.0,0.3590277777777778,0.0,1,0,2,0,5,0,0.0,0.0,0,1.0,201.90800000000002,223.88594999999998,0,0,0,20,0.125,6,0.6480000000000001,0.648,0.0538014667406808
0.020833333333333332,1.5184125541703144,0.1069776359990503,3.5818633646131395,0.9791666666666666,30.208333333333332,4.776897244120817,0.08614430266571697,6405.657478585289,62,62,geolife,geolife_data_rdfbsp_tau_0.125,rdfbsp,0.1,adaptive,8,0.015625,35,4,1,5,0.25,0.055096418732782364,0.32410714285714287,0.017857142857142856,1,0,0,0,3,1,0.02857142857142857,1.0,1,1.0,201.7885,241.0222,0,0,0,20,0.125,6,0.6480000000000001,0.648,0.0538014667406808
0.0,1.3409844267628614,0.11084820996026924,2.6603359150883956,1.0,29.5625,4.67751708820055,0.11084820996026928,5648.5178028168375,64,64,geolife,geolife_data_rdfbsp_tau_0.125,rdfbsp,0.1,adaptive,8,0.015625,35,4,0,8,0.0,0.0,0.17777777777777778,0.0,0,0,2,0,2,0,0.0,0.0,0,1.0,200.131,219.4538,0,4,0,32,0.125,6,0.6480000000000001,0.648,0.0538014667406808
1.0,0.0,0.10889249559258717,2.245277293690394,1.0,31.791666666666668,4.787880050366117,0.8911075044074129,0.0,67,67,geolife,geolife_data_rdfbsp_tau_0.125,rdfbsp,0.1,adaptive,8,0.015625,37,5,2,7,0.4,0.059288537549407105,0.5647321428571429,0.033482142857142856,2,0,0,0,3,2,0.05405405405405406,1.0,2,1.0,199.45999999999998,216.2402,0,0,0,20,0.125,6,0.6480000000000001,0.648,0.0538014667406808
0.0,2.0242141179201742,0.10945371689099302,2.9893950476351825,1.0,28.479166666666668,4.699045031576573,0.109453716890993,8631.693642215732,68,68,geolife,geolife_data_rdfbsp_tau_0.125,rdfbsp,0.1,adaptive,8,0.015625,33,6,2,10,0.3333333333333333,0.18248175182481752,0.18348214285714284,0.033482142857142856,0,0,1,0,5,2,0.06060606060606061,1.0,2,1.0,204.972,260.08875,0,0,0,20,0.125,6,0.6480000000000001,0.648,0.0538014667406808
0.041666666666666664,1.1458333333333333,0.10459790110384241,2.65370142826093,1.0,33.604166666666664,4.8675402674635535,0.06293123443717576,4837.195207665279,69,69,geolife,geolife_data_rdfbsp_tau_0.125,rdfbsp,0.1,adaptive,8,0.015625,37,2,0,4,0.0,0.0,0.08333333333333333,0.0,0,0,1,0,1,0,0.0,0.0,0,1.0,198.8,213.5274,0,0,0,20,0.125,6,0.6480000000000001,0.648,0.0538014667406808
0.0,2.981399391714969,0.1090206275541268,4.173981149101206,0.7916666666666666,27.5625,4.639437945234964,0.10902062755412682,12664.19350456623,73,73,geolife,geolife_data_rdfbsp_tau_0.125,rdfbsp,0.1,adaptive,8,0.015625,31,3,1,9,0.3333333333333333,0.16,0.11160714285714285,0.017857142857142856,0,0,1,0,2,1,0.03225806451612903,0.5,1,1.0,199.345,216.11625,0,0,0,20,0.125,6,0.6480000000000001,0.648,0.0538014667406808
0.0,1.8311820714352376,0.10344290642773447,2.845765768814575,1.0,31.0,4.80605497806508,0.10344290642773446,7736.804706881277,74,74,geolife,geolife_data_rdfbsp_tau_0.125,rdfbsp,0.1,adaptive,8,0.015625,38,3,0,3,0.0,0.0,0.29910714285714285,0.0,1,0,0,0,2,0,0.0,0.0,0,1.0,202.4925,234.35995,0,0,0,20,0.125,6,0.6480000000000001,0.648,0.0538014667406808
0.2708333333333333,2.0040774963569965,0.10749428803583116,3.5847286287192133,0.7916666666666666,28.291666666666668,4.69009340188133,0.25727749905701763,8535.99009150981,78,78,geolife,geolife_data_rdfbsp_tau_0.125,rdfbsp,0.1,adaptive,8,0.015625,30,4,1,8,0.25,0.019531250000000003,1.0666666666666664,0.020833333333333332,1,0,0,0,3,1,0.03333333333333333,0.25,1,1.0,203.19549999999998,224.73555,0,1,0,22,0.125,6,0.6480000000000001,0.648,0.0538014667406808
0.0,2.1640240169373937,0.10348926171612532,3.0964485609222936,1.0,32.125,4.869041721863604,0.10348926171612531,9101.799791458647,79,79,geolife,geolife_data_rdfbsp_tau_0.125,rdfbsp,0.1,adaptive,8,0.015625,33,0,0,6,nan,nan,0.0,0.0,0,0,0,0,0,0,0.0,nan,0,1.0,198.85649999999998,223.53035,0,0,0,20,0.125,6,0.6480000000000001,0.648,0.0538014667406808
0.0,2.0491808286457887,0.1091386990704115,3.0129687356485086,1.0,29.104166666666668,4.722109667425207,0.10913869907041147,8735.162549945419,82,82,geolife,geolife_data_rdfbsp_tau_0.125,rdfbsp,0.1,adaptive,8,0.015625,37,4,1,8,0.25,0.26086956521739135,0.09583333333333333,0.025,0,0,0,0,4,1,0.02702702702702703,1.0,1,1.0,204.808,231.08375,0,0,0,20,0.125,6,0.6480000000000001,0.648,0.0538014667406808
0.0,2.016326257283668,0.11002818316925257,3.0959329210248465,1.0,33.25,4.853794000816087,0.11002818316925254,8586.64427461953,83,83,geolife,geolife_data_rdfbsp_tau_0.125,rdfbsp,0.1,adaptive,8,0.015625,38,5,2,8,0.4,0.1955307262569832,0.18645833333333334,0.03645833333333333,0,0,2,0,3,2,0.05263157894736842,1.0,2,1.0,192.66,218.88055,0,5,0,26,0.125,6,0.6480000000000001,0.648,0.0538014667406808
0.14583333333333334,1.50867516385414,0.10556224640248967,2.843986255097261,1.0,30.645833333333332,4.7987582178840595,0.13879862368224014,6432.280459707062,84,84,geolife,geolife_data_rdfbsp_tau_0.125,rdfbsp,0.1,adaptive,8,0.015625,38,4,3,7,0.75,0.6557377049180327,0.09077380952380952,0.05952380952380952,0,0,0,0,4,3,0.07894736842105263,1.0,3,1.0,203.304,235.20605,0,0,0,20,0.125,6,0.6480000000000001,0.648,0.0538014667406808
0.0,2.809462044421139,0.10439595427602566,3.721823244547919,0.9583333333333334,29.75,4.707622480148076,0.10439595427602562,11960.99901296292,89,89,geolife,geolife_data_rdfbsp_tau_0.125,rdfbsp,0.1,adaptive,8,0.015625,33,3,1,6,0.3333333333333333,0.0967741935483871,0.3229166666666667,0.03125,1,0,1,0,1,1,0.030303030303030304,0.3333333333333333,1,1.0,202.7305,239.8976,0,0,0,20,0.125,6,0.6480000000000001,0.648,0.0538014667406808
0.9375,0.0625,0.10957344082555698,2.274207733719755,1.0,27.625,4.616054464326513,0.827926559174443,260.90625,102,102,geolife,geolife_data_rdfbsp_tau_0.125,rdfbsp,0.1,adaptive,8,0.015625,32,5,1,8,0.2,0.04497751124437781,0.39702380952380956,0.017857142857142856,1,0,2,0,2,1,0.03125,1.0,1,1.0,199.349,226.56535,0,1,0,22,0.125,6,0.6480000000000001,0.648,0.0538014667406808
0.4583333333333333,1.6664623986651634,0.11046976480595182,2.56492633117189,1.0,30.9375,4.819935926182775,0.34786356852738143,7070.3469556012615,103,103,geolife,geolife_data_rdfbsp_tau_0.125,rdfbsp,0.1,adaptive,8,0.015625,36,4,1,5,0.25,0.25925925925925924,0.08035714285714285,0.020833333333333332,0,0,0,0,4,1,0.027777777777777776,0.5,1,1.0,203.066,223.58165,0,2,0,30,0.125,6,0.6480000000000001,0.648,0.0538014667406808
0.125,1.0734773319704407,0.10817301996168129,2.9695878720329634,1.0,30.916666666666668,4.78280793048844,0.12057606390809843,4512.717810169998,104,104,geolife,geolife_data_rdfbsp_tau_0.125,rdfbsp,0.1,adaptive,8,0.015625,41,3,1,6,0.3333333333333333,0.014778325123152709,1.0572916666666667,0.015625,1,0,1,0,1,1,0.024390243902439025,0.5,1,1.0,197.938,223.7485,0,0,0,20,0.125,6,0.6480000000000001,0.648,0.0538014667406808
1.0,0.0,0.10911048051398055,2.2428900203971485,1.0,30.645833333333332,4.762493079591582,0.8908895194860195,0.0,112,112,geolife,geolife_data_rdfbsp_tau_0.125,rdfbsp,0.1,adaptive,8,0.015625,36,4,0,7,0.0,0.0,0.09494047619047619,0.0,0,0,0,0,4,0,0.0,0.0,0,1.0,202.555,244.34844999999999,0,0,0,20,0.125,6,0.6480000000000001,0.648,0.0538014667406808
0.0,2.811168226313976,0.11033479042355258,5.284731083297252,0.4375,28.104166666666668,4.688422213349931,0.11033479042355256,11867.757482018691,113,113,geolife,geolife_data_rdfbsp_tau_0.125,rdfbsp,0.1,adaptive,8,0.015625,36,7,2,9,0.2857142857142857,0.015732150060508272,2.5822916666666664,0.040625,4,0,1,0,2,2,0.05555555555555555,1.0,2,1.0,206.3985,236.0744,0,0,0,20,0.125,6,0.6480000000000001,0.648,0.0538014667406808
0.0,2.7290259748406895,0.1091576411548108,3.5408160176174572,1.0,30.333333333333332,4.754588883783252,0.10915764115481079,11619.032636914419,119,119,geolife,geolife_data_rdfbsp_tau_0.125,rdfbsp,0.1,adaptive,8,0.015625,35,1,1,8,1.0,1.0,0.017857142857142856,0.017857142857142856,0,0,0,0,1,1,0.02857142857142857,1.0,1,1.0,200.8835,234.7067,0,0,0,20,0.125,6,0.6480000000000001,0.648,0.0538014667406808
0.0,1.0,0.1098672474580361,2.642805319251954,1.0,28.666666666666668,4.708426019595698,0.10986724745803607,4266.923927426191,122,122,geolife,geolife_data_rdfbsp_tau_0.125,rdfbsp,0.1,adaptive,8,0.015625,34,5,2,12,0.4,0.11926605504587158,0.32440476190476186,0.03869047619047619,1,0,0,0,4,2,0.058823529411764705,1.0,2,1.0,196.98149999999998,239.0879,0,0,0,20,0.125,6,0.6480000000000001,0.648,0.0538014667406808
0.0,2.5875966988889987,0.10425302310081992,3.243511251730501,1.0,30.520833333333332,4.803463055982176,0.10425302310081991,10846.05317838405,128,128,geolife,geolife_data_rdfbsp_tau_0.125,rdfbsp,0.1,adaptive,8,0.015625,41,4,1,5,0.25,0.23728813559322035,0.08779761904761904,0.020833333333333332,0,0,0,0,4,1,0.024390243902439025,1.0,1,1.0,200.59050000000002,235.4247,0,0,0,20,0.125,6,0.6480000000000001,0.648,0.0538014667406808
0.0,2.556929182258254,0.11007967510435039,3.5209053802634034,1.0,28.125,4.682067830696311,0.11007967510435042,10821.03061610652,138,138,geolife,geolife_data_rdfbsp_tau_0.125,rdfbsp,0.1,adaptive,8,0.015625,37,3,0,9,0.0,0.0,1.3125,0.0,2,0,1,0,0,0,0.0,0.0,0,1.0,197.683,223.55935,0,0,0,20,0.125,6,0.6480000000000001,0.648,0.0538014667406808
0.0,2.396863659592205,0.11031215508079412,4.09206482282927,1.0,30.6875,4.740749195218978,0.11031215508079407,10087.91000655167,142,142,geolife,geolife_data_rdfbsp_tau_0.125,rdfbsp,0.1,adaptive,8,0.015625,37,3,0,6,0.0,0.0,1.1041666666666667,0.0,1,0,2,0,0,0,0.0,0.0,0,1.0,196.86149999999998,216.12369999999999,0,2,0,25,0.125,6,0.6480000000000001,0.648,0.0538014667406808
0.0,1.4255958577878847,0.1120609580944792,2.8763376412927593,1.0,28.791666666666668,4.682781849586945,0.1120609580944792,6038.5190710028355,147,147,geolife,geolife_data_rdfbsp_tau_0.125,rdfbsp,0.1,adaptive,8,0.015625,35,0,0,5,nan,nan,0.0,0.0,0,0,0,0,0,0,0.0,nan,0,1.0,199.4305,234.13395,0,1,0,26,0.125,6,0.6480000000000001,0.648,0.0538014667406808
0.5625,1.1708637943093938,0.10629262012450524,2.365722520956392,1.0,28.041666666666668,4.64926446002254,0.4562073798754947,4899.747557392912,159,159,geolife,geolife_data_rdfbsp_tau_0.125,rdfbsp,0.1,adaptive,8,0.015625,33,2,1,6,0.5,0.020408163265306124,1.0208333333333333,0.020833333333333332,1,0,0,0,1,1,0.030303030303030304,1.0,1,1.0,197.74599999999998,237.03175,0,0,0,20,0.125,6,0.6480000000000001,0.648,0.0538014667406808
0.3333333333333333,1.8825390816451615,0.10489706484444346,3.387148876720824,0.6666666666666666,31.104166666666668,4.820649968955021,0.32563344212419393,7936.725204301481,167,167,geolife,geolife_data_rdfbsp_tau_0.125,rdfbsp,0.1,adaptive,8,0.015625,36,4,2,5,0.5,0.09090909090909091,0.34375,0.03125,1,0,1,0,2,2,0.05555555555555555,1.0,2,1.0,200.7105,220.8998,0,0,0,20,0.125,6,0.6480000000000001,0.648,0.0538014667406808
0.0,2.1221818159932435,0.10459979926223656,4.29366231365635,0.6666666666666666,32.8125,4.876302391732831,0.1045997992622366,8996.0507989234,168,168,geolife,geolife_data_rdfbsp_tau_0.125,rdfbsp,0.1,adaptive,8,0.015625,42,4,0,3,0.0,0.0,0.5833333333333334,0.0,2,0,1,0,1,0,0.0,0.0,0,1.0,202.8675,245.32844999999998,0,0,0,20,0.125,6,0.6480000000000001,0.648,0.0538014667406808
0.0,1.6600346828064743,0.10715721828452592,3.7901334131117923,0.8125,32.604166666666664,4.877629813379525,0.10715721828452589,7011.567265391364,169,169,geolife,geolife_data_rdfbsp_tau_0.125,rdfbsp,0.1,adaptive,8,0.015625,34,2,0,7,0.0,0.0,0.0625,0.0,0,0,1,0,1,0,0.0,0.0,0,1.0,201.13549999999998,226.9439,0,0,0,20,0.125,6,0.6480000000000001,0.648,0.0538014667406808
1.0,0.0,0.10856644471880328,2.249339304507855,1.0,29.75,4.7466053692404095,0.8914335552811967,0.0,174,174,geolife,geolife_data_rdfbsp_tau_0.125,rdfbsp,0.1,adaptive,8,0.015625,39,5,0,4,0.0,0.0,1.3958333333333333,0.0,2,0,2,0,1,0,0.0,0.0,0,1.0,210.098,243.50905,0,0,0,20,0.125,6,0.6480000000000001,0.648,0.0538014667406808
0.0,2.1425736031211318,0.10743362452738897,3.0037825016362185,1.0,32.0,4.805967536712756,0.10743362452738892,8994.804107865377,177,177,geolife,geolife_data_rdfbsp_tau_0.125,rdfbsp,0.1,adaptive,8,0.015625,34,5,2,8,0.4,0.28448275862068967,0.16111111111111112,0.04583333333333334,0,0,1,0,4,2,0.058823529411764705,1.0,2,1.0,195.9665,223.14939999999999,0,2,0,22,0.125,6,0.6480000000000001,0.648,0.0538014667406808
0.0,1.9139595351060157,0.11014005507172946,3.127783798249878,1.0,28.416666666666668,4.647298067833105,0.11014005507172943,8015.834821444779,179,179,geolife,geolife_data_rdfbsp_tau_0.125,rdfbsp,0.1,adaptive,8,0.015625,36,2,1,7,0.5,0.4666666666666667,0.033482142857142856,0.015625,0,0,0,0,2,1,0.027777777777777776,0.5,1,1.0,202.9735,233.54575,0,3,0,24,0.125,6,0.6480000000000001,0.648,0.0538014667406808
0.020833333333333332,1.4015988839046487,0.21177809012684565,1.758232484304455,1.0,9.708333333333334,3.0520700876785587,0.19094475679351228,5921.208552451649,2,2,geolife,geolife_dfbsp_tau_0.25,dfbsp,0.1,adaptive,8,0.015625,35,6,5,11,0.8333333333333334,0.2766415500538213,1.3824404761904763,0.38244047619047616,2,1,1,1,3,3,0.14285714285714285,0.5,5,1.0,39.11,46.46085,0,12,4,48,0.25,0,0.6480000000000001,0.648,0.0538014667406808
0.0,1.077665042944955,0.23611680567844365,2.3183977862013916,1.0,15.916666666666666,3.5814513452642722,0.23611680567844373,4537.990578464378,3,3,geolife,geolife_dfbsp_tau_0.25,dfbsp,0.1,adaptive,8,0.015625,40,4,4,7,1.0,1.0,0.15416666666666665,0.15416666666666665,0,0,2,2,2,2,0.1,1.0,4,1.0,37.5965,52.55,0,17,15,48,0.25,0,0.6480000000000001,0.648,0.0538014667406808
0.8333333333333334,0.16666666666666666,0.2778818215350685,1.5065935032956788,1.0,9.9375,2.9815053290317426,0.5554515117982649,695.75,4,4,geolife,geolife_dfbsp_tau_0.25,dfbsp,0.1,adaptive,8,0.015625,31,3,3,12,1.0,1.0,0.14583333333333334,0.14583333333333334,0,0,2,2,1,1,0.0967741935483871,1.0,3,1.0,40.22,50.42585,0,15,14,48,0.25,0,0.6480000000000001,0.648,0.0538014667406808
0.4583333333333333,0.6883673033404714,0.244770092662939,2.1370316283498645,1.0,15.5,3.4933266899556252,0.30612552479935706,2912.266064986539,7,7,geolife,geolife_dfbsp_tau_0.25,dfbsp,0.1,adaptive,8,0.015625,40,5,3,8,0.6,0.4473684210526316,0.2261904761904762,0.10119047619047619,0,0,3,1,2,2,0.075,1.0,3,1.0,37.707499999999996,57.75449999999999,0,11,9,48,0.25,0,0.6480000000000001,0.648,0.0538014667406808
0.10416666666666667,1.313625603915858,0.18788339863948858,2.6068429364431918,1.0,14.958333333333334,3.621835923902321,0.08371673197282192,5521.719764049859,8,8,geolife,geolife_dfbsp_tau_0.25,dfbsp,0.1,adaptive,8,0.015625,42,6,3,4,0.5,0.16097560975609757,0.35590277777777773,0.057291666666666664,1,0,0,0,5,3,0.07142857142857142,1.0,3,1.0,38.8615,51.01905,0,10,8,48,0.25,0,0.6480000000000001,0.648,0.0538014667406808
0.0,1.0,0.2882666132619422,1.578603371914044,1.0,8.4375,2.748605931933119,0.2882666132619423,4174.5,9,9,geolife,geolife_dfbsp_tau_0.25,dfbsp,0.1,adaptive,8,0.015625,35,5,2,11,0.4,0.05263157894736841,0.7916666666666667,0.041666666666666664,3,0,0,0,2,2,0.05714285714285714,1.0,2,1.0,38.072,68.73779999999996,0,11,11,48,0.25,0,0.6480000000000001,0.648,0.0538014667406808
0.020833333333333332,1.9457345022856452,0.2846997778596929,3.510160343895461,0.7083333333333334,13.541666666666666,3.2709351216261324,0.2638664445263596,8207.2046669397,12,12,geolife,geolife_dfbsp_tau_0.25,dfbsp,0.1,adaptive,8,0.015625,37,5,3,7,0.6,0.08196721311475409,1.3616071428571428,0.11160714285714285,2,0,1,1,2,2,0.08108108108108109,0.6666666666666666,3,1.0,39.476,46.96055,0,9,8,48,0.25,0,0.6480000000000001,0.648,0.0538014667406808
0.8541666666666666,0.16309223176554563,0.25154699425119065,1.545646207629879,1.0,13.75,3.408207954727963,0.6026196724154761,691.2684883147909,14,14,geolife,geolife_dfbsp_tau_0.25,dfbsp,0.1,adaptive,8,0.015625,34,6,4,9,0.6666666666666666,0.21461963450913724,0.35014880952380956,0.07514880952380952,1,0,0,0,5,4,0.11764705882352941,1.0,4,1.0,39.185,49.90755,0,10,8,48,0.25,0,0.6480000000000001,0.648,0.0538014667406808
0.10416666666666667,1.5971437240889916,0.20732619322619825,2.974346919175609,0.8958333333333334,18.3125,3.866660636843157,0.10315952655953152,6724.325012154371,17,17,geolife,geolife_dfbsp_tau_0.25,dfbsp,0.1,adaptive,8,0.015625,32,3,1,4,0.3333333333333333,0.1111111111111111,0.5625,0.0625,2,0,1,1,0,0,0.03125,0.3333333333333333,1,1.0,39.865,55.99855,0,11,10,44,0.25,0,0.6480000000000001,0.648,0.0538014667406808
0.0,3.0814053272440547,0.27425882972982935,4.406712462399052,0.6458333333333334,18.25,3.694111919054811,0.27425882972982935,13104.054896117545,18,18,geolife,geolife_dfbsp_tau_0.25,dfbsp,0.1,adaptive,8,0.015625,39,2,1,3,0.5,0.5714285714285715,0.07291666666666666,0.041666666666666664,0,0,1,1,1,0,0.02564102564102564,0.5,1,1.0,37.713499999999996,62.90824999999999,0,11,11,48,0.25,0,0.6480000000000001,0.648,0.0538014667406808
0.3958333333333333,0.7281425962420554,0.2796343446571979,1.697673242815579,1.0,13.125,3.205799719495633,0.223820299608145,3057.9450129761913,19,19,geolife,geolife_dfbsp_tau_0.25,dfbsp,0.1,adaptive,8,0.015625,35,5,4,9,0.8,0.6972972972972973,0.1376488095238095,0.09598214285714285,0,0,1,0,4,4,0.11428571428571428,1.0,4,1.0,39.3755,50.33475,0,12,10,46,0.25,0,0.6480000000000001,0.648,0.0538014667406808
0.0,1.4364759295753886,0.3017438919347658,2.9849037092792616,0.875,13.708333333333334,3.2691872983228585,0.3017438919347657,6010.983825325614,22,22,geolife,geolife_dfbsp_tau_0.25,dfbsp,0.1,adaptive,8,0.015625,34,3,2,6,0.6666666666666666,0.09433962264150941,1.1041666666666667,0.10416666666666666,1,0,2,2,0,0,0.058823529411764705,1.0,2,1.0,40.272,49.8132,0,11,11,48,0.25,0,0.6480000000000001,0.648,0.0538014667406808
0.041666666666666664,1.3709037183015542,0.17852015261857615,2.27031675132449,1.0,16.416666666666668,3.758385500602918,0.13685348595190952,5790.7830234635285,23,23,geolife,geolife_dfbsp_tau_0.25,dfbsp,0.1,adaptive,8,0.015625,36,2,1,5,0.5,0.020408163265306124,1.0208333333333333,0.020833333333333332,1,0,0,0,1,1,0.027777777777777776,1.0,1,1.0,39.182500000000005,54.177949999999996,0,9,5,48,0.25,0,0.6480000000000001,0.648,0.0538014667406808
0.5208333333333334,0.4791666666666667,0.2951642194247501,1.4411501664105193,1.0,15.75,3.4140641681315884,0.22566911390858332,2000.28125,24,24,geolife,geolife_dfbsp_tau_0.25,dfbsp,0.1,adaptive,8,0.015625,30,4,4,9,1.0,1.0,0.0982142857142857,0.0982142857142857,0,0,1,1,3,3,0.13333333333333333,1.0,4,1.0,39.449,45.773199999999996,0,18,18,48,0.25,0,0.6480000000000001,0.648,0.0538014667406808
0.7291666666666666,0.6120916229970081,0.2796393402388249,1.752835788180399,1.0,17.291666666666668,3.566516459863434,0.5134313793911301,2575.5037660553294,27,27,geolife,geolife_dfbsp_tau_0.25,dfbsp,0.1,adaptive,8,0.015625,35,2,2,4,1.0,1.0,0.041666666666666664,0.041666666666666664,0,0,0,0,2,2,0.05714285714285714,1.0,2,1.0,37.366,44.98779999999999,0,16,15,48,0.25,0,0.6480000000000001,0.648,0.0538014667406808
0.375,0.890621551934208,0.22610946644742103,2.665500656300833,1.0,25.958333333333332,4.126661785800717,0.2151966781122111,3763.0812174666353,28,28,geolife,geolife_dfbsp_tau_0.25,dfbsp,0.1,adaptive,8,0.015625,34,3,2,2,0.6666666666666666,0.40677966101694923,0.10535714285714284,0.04285714285714286,0,0,1,0,2,2,0.058823529411764705,1.0,2,1.0,39.5295,46.9278,0,16,15,48,0.25,0,0.6480000000000001,0.648,0.0538014667406808
0.22916666666666666,1.602073023643106,0.20408379126721268,2.491721038754602,0.8958333333333334,14.666666666666666,3.513218330670535,0.19757396763184512,6705.728149434926,29,29,geolife,geolife_dfbsp_tau_0.25,dfbsp,0.1,adaptive,8,0.015625,38,5,3,7,0.6,0.5291479820627802,0.19910714285714284,0.10535714285714284,0,0,2,1,3,2,0.07894736842105263,1.0,3,1.0,39.2095,46.2722,0,11,6,47,0.25,0,0.6480000000000001,0.648,0.0538014667406808
0.9166666666666666,0.08333333333333333,0.29625663608658115,1.279847379289969,1.0,16.729166666666668,3.5964337725046516,0.6204100305800856,347.875,32,32,geolife,geolife_dfbsp_tau_0.25,dfbsp,0.1,adaptive,8,0.015625,36,6,2,4,0.3333333333333333,0.12875536480686695,0.4623015873015873,0.05952380952380952,1,0,3,1,2,1,0.05555555555555555,1.0,2,1.0,39.517,47.890699999999995,0,14,14,48,0.25,0,0.6480000000000001,0.648,0.0538014667406808
0.8125,0.25,0.18545451697032297,1.7933732261193462,1.0,15.645833333333334,3.6971663868055553,0.627045483029677,1055.1779909282734,33,33,geolife,geolife_dfbsp_tau_0.25,dfbsp,0.1,adaptive,8,0.015625,37,4,2,5,0.5,0.3125,0.4,0.125,1,0,2,2,1,0,0.05405405405405406,1.0,2,1.0,37.285,44.58965,0,8,4,48,0.25,0,0.6480000000000001,0.648,0.0538014667406808
0.20833333333333334,0.9663495064760467,0.2683372967905788,1.827249091685592,1.0,8.708333333333334,2.870714935594869,0.30138323853938365,4065.301327773277,34,34,geolife,geolife_dfbsp_tau_0.25,dfbsp,0.1,adaptive,8,0.015625,29,6,3,15,0.5,0.09090909090909091,1.1916666666666667,0.10833333333333334,1,0,3,1,2,2,0.10344827586206896,0.6666666666666666,3,1.0,38.751999999999995,49.566199999999995,0,15,12,48,0.25,0,0.6480000000000001,0.648,0.0538014667406808
0.5416666666666666,0.5358614448278826,0.16936109862226964,2.216769735035951,1.0,16.645833333333332,3.798297445019697,0.3761461079940566,2273.6509299178147,37,37,geolife,geolife_dfbsp_tau_0.25,dfbsp,0.1,adaptive,8,0.015625,40,5,3,6,0.6,0.2612137203166227,0.3759920634920635,0.09821428571428571,1,0,1,1,3,2,0.075,1.0,3,1.0,37.0865,46.06995,0,10,4,47,0.25,0,0.6480000000000001,0.648,0.0538014667406808
0.25,1.2609335635398486,0.18038468123181595,3.018617927829967,1.0,27.229166666666668,4.37377435755039,0.17987696434792436,5349.830917821365,38,38,geolife,geolife_dfbsp_tau_0.25,dfbsp,0.1,adaptive,8,0.015625,33,3,2,4,0.6666666666666666,0.6,0.15625,0.09375,0,0,2,1,1,1,0.06060606060606061,0.5,2,1.0,39.6395,51.659099999999995,0,17,15,42,0.25,0,0.6480000000000001,0.648,0.0538014667406808
0.375,0.9262091338612782,0.16009880628738885,2.7476396972493524,1.0,24.520833333333332,4.282165635260173,0.21490119371261115,3910.444375994548,39,39,geolife,geolife_dfbsp_tau_0.25,dfbsp,0.1,adaptive,8,0.015625,41,2,1,2,0.5,0.06666666666666667,0.26785714285714285,0.017857142857142856,1,0,0,0,1,1,0.024390243902439025,1.0,1,1.0,38.958,51.24115,0,10,8,48,0.25,0,0.6480000000000001,0.648,0.0538014667406808
0.9166666666666666,0.08333333333333333,0.3050307557127166,1.2702227048503978,1.0,10.229166666666666,3.0586104169817627,0.61163591095395,347.875,42,42,geolife,geolife_dfbsp_tau_0.25,dfbsp,0.1,adaptive,8,0.015625,30,2,2,12,1.0,1.0,0.07291666666666666,0.07291666666666666,0,0,1,1,1,1,0.06666666666666667,1.0,2,1.0,40.105000000000004,50.520399999999995,0,19,16,48,0.25,0,0.6480000000000001,0.648,0.0538014667406808
0.625,0.375,0.23465475366753208,1.7991526526401707,1.0,15.916666666666666,3.6197875673398254,0.39034524633246787,1565.4375,43,43,geolife,geolife_dfbsp_tau_0.25,dfbsp,0.1,adaptive,8,0.015625,28,3,1,5,0.3333333333333333,0.42857142857142855,0.14583333333333334,0.0625,0,0,2,1,1,0,0.03571428571428571,0.5,1,1.0,40.1885,51.49864999999999,0,13,12,48,0.25,0,0.6480000000000001,0.648,0.0538014667406808
1.0,0.0,0.2783308116708244,1.3135886591916763,1.0,9.4375,2.8971256326968606,0.7216691883291756,0.0,44,44,geolife,geolife_dfbsp_tau_0.25,dfbsp,0.1,adaptive,8,0.015625,39,1,1,7,1.0,1.0,0.0625,0.0625,0,0,1,1,0,0,0.02564102564102564,1.0,1,1.0,38.733000000000004,48.47195,0,7,6,48,0.25,0,0.6480000000000001,0.648,0.0538014667406808
0.5416666666666666,0.4583333333333333,0.2589996635685054,2.0933295825690426,1.0,19.041666666666668,3.680180614006193,0.32120650475057166,1926.7909894163195,52,52,geolife,geolife_dfbsp_tau_0.25,dfbsp,0.1,adaptive,8,0.015625,35,0,0,5,nan,nan,0.0,0.0,0,0,0,0,0,0,0.0,nan,0,1.0,39.071,45.68215,0,12,11,48,0.25,0,0.6480000000000001,0.648,0.0538014667406808
0.0,1.3497508074293745,0.18303319060347997,2.8591221478382813,0.9583333333333334,17.895833333333332,3.8237312518385314,0.18303319060347992,5666.471249385547,54,54,geolife,geolife_dfbsp_tau_0.25,dfbsp,0.1,adaptive,8,0.015625,38,3,3,7,1.0,1.0,0.07083333333333333,0.07083333333333333,0,0,0,0,3,3,0.07894736842105263,1.0,3,1.0,38.436499999999995,49.57899999999999,0,13,8,48,0.25,0,0.6480000000000001,0.648,0.0538014667406808
0.0,1.6015966790201184,0.2811889822461519,3.2393945771856427,0.7291666666666666,10.333333333333334,3.0293845704995763,0.2811889822461518,6769.903851637985,58,58,geolife,geolife_dfbsp_tau_0.25,dfbsp,0.1,adaptive,8,0.015625,35,8,4,11,0.5,0.4545454545454545,0.3590277777777778,0.16319444444444442,1,0,2,2,5,2,0.11428571428571428,1.0,4,1.0,38.308,46.28365,0,15,15,48,0.25,0,0.6480000000000001,0.648,0.0538014667406808
0.020833333333333332,1.1706976105570404,0.24557598357118238,2.4404880989213384,0.9791666666666666,13.5,3.4217254455064015,0.22474265023784903,4984.592320553885,62,62,geolife,geolife_dfbsp_tau_0.25,dfbsp,0.1,adaptive,8,0.015625,35,4,3,10,0.75,0.2286501377410468,0.32410714285714287,0.07410714285714286,1,0,0,0,3,3,0.08571428571428572,1.0,3,1.0,39.085499999999996,46.64615,0,16,12,48,0.25,0,0.6480000000000001,0.648,0.0538014667406808
0.7291666666666666,0.3333333333333333,0.23069640928640509,1.6511253699996786,1.0,13.4375,3.454665957001719,0.49847025738026157,1403.0529909282734,64,64,geolife,geolife_dfbsp_tau_0.25,dfbsp,0.1,adaptive,8,0.015625,35,4,2,7,0.5,0.49218749999999994,0.17777777777777778,0.0875,0,0,2,1,2,1,0.05714285714285714,1.0,2,1.0,39.537000000000006,46.37565,0,15,14,48,0.25,0,0.6480000000000001,0.648,0.0538014667406808
0.4583333333333333,0.7708333333333334,0.18788882824622744,1.9909175311815837,1.0,19.9375,3.9804019531096877,0.270444505087106,3260.2047167370024,67,67,geolife,geolife_dfbsp_tau_0.25,dfbsp,0.1,adaptive,8,0.015625,37,5,2,5,0.4,0.059288537549407105,0.5647321428571429,0.033482142857142856,2,0,0,0,3,2,0.05405405405405406,1.0,2,1.0,38.091499999999996,47.1112,0,10,7,48,0.25,0,0.6480000000000001,0.648,0.0538014667406808
0.4375,0.5833333333333334,0.2987783748788844,1.5078809170485858,1.0,13.75,3.2944531887972146,0.2172399214178423,2444.752492440228,68,68,geolife,geolife_dfbsp_tau_0.25,dfbsp,0.1,adaptive,8,0.015625,33,6,4,7,0.6666666666666666,0.5231143552311436,0.18348214285714284,0.09598214285714285,0,0,1,0,5,4,0.12121212121212122,1.0,4,1.0,39.493,55.253299999999996,0,15,13,48,0.25,0,0.6480000000000001,0.648,0.0538014667406808
0.0,1.4222239046089376,0.22517241356952053,2.084165029462208,1.0,13.1875,3.377599020678321,0.22517241356952059,5981.8309201816,69,69,geolife,geolife_dfbsp_tau_0.25,dfbsp,0.1,adaptive,8,0.015625,37,2,2,8,1.0,1.0,0.08333333333333333,0.08333333333333333,0,0,1,1,1,1,0.05405405405405406,1.0,2,1.0,39.2225,50.02324999999999,0,9,5,48,0.25,0,0.6480000000000001,0.648,0.0538014667406808
0.08333333333333333,1.9785374473744224,0.2872923547169755,4.219155064992221,0.6875,16.958333333333332,3.5490332090785555,0.2435159898561036,8379.218152420863,73,73,geolife,geolife_dfbsp_tau_0.25,dfbsp,0.1,adaptive,8,0.015625,31,3,1,5,0.3333333333333333,0.16,0.11160714285714285,0.017857142857142856,0,0,1,0,2,1,0.03225806451612903,0.5,1,1.0,40.25,48.981849999999994,0,11,10,48,0.25,0,0.6480000000000001,0.648,0.0538014667406808
0.5416666666666666,0.7588578099425808,0.2626671679126635,2.1678957010362567,1.0,24.666666666666668,3.9945286935720907,0.27899949875400315,3180.1456154041794,74,74,geolife,geolife_dfbsp_tau_0.25,dfbsp,0.1,adaptive,8,0.015625,38,3,0,2,0.0,0.0,0.29910714285714285,0.0,1,0,0,0,2,0,0.0,0.0,0,1.0,40.1055,54.91939999999999,0,11,11,48,0.25,0,0.6480000000000001,0.648,0.0538014667406808
0.2708333333333333,2.0040774963569965,0.3253200520390272,4.393491288579352,0.5625,17.125,3.3848641790704472,0.13216378434284878,8535.99009150981,78,78,geolife,geolife_dfbsp_tau_0.25,dfbsp,0.1,adaptive,8,0.015625,30,4,3,7,0.75,0.06250000000000001,1.0666666666666664,0.06666666666666667,1,0,0,0,3,3,0.1,0.75,3,1.0,39.713499999999996,57.91959999999998,0,18,17,48,0.25,0,0.6480000000000001,0.648,0.0538014667406808
0.6041666666666666,0.4561025463956702,0.18521122699582282,1.8034841887317492,1.0,14.229166666666666,3.5274518881396637,0.4189554396708439,1912.2702254897695,79,79,geolife,geolife_dfbsp_tau_0.25,dfbsp,0.1,adaptive,8,0.015625,33,0,0,8,nan,nan,0.0,0.0,0,0,0,0,0,0,0.0,nan,0,1.0,39.073499999999996,67.45714999999997,0,13,7,42,0.25,0,0.6480000000000001,0.648,0.0538014667406808
0.3958333333333333,0.8452435189160145,0.17371703557131704,1.856680175988558,1.0,17.520833333333332,3.7807652128352403,0.22211629776201627,3564.180570842452,82,82,geolife,geolife_dfbsp_tau_0.25,dfbsp,0.1,adaptive,8,0.015625,37,4,4,5,1.0,1.0,0.09583333333333333,0.09583333333333333,0,0,0,0,4,4,0.10810810810810811,1.0,4,1.0,38.608999999999995,56.329,0,17,12,48,0.25,0,0.6480000000000001,0.648,0.0538014667406808
0.4375,1.0602987720178236,0.1721107879942315,2.029495733926477,1.0,23.5,4.249162291790999,0.29284377527410776,4503.346669706775,83,83,geolife,geolife_dfbsp_tau_0.25,dfbsp,0.1,adaptive,8,0.015625,38,5,4,5,0.8,0.6648044692737429,0.18645833333333334,0.12395833333333332,0,0,2,1,3,3,0.10526315789473684,1.0,4,1.0,38.053,46.86005,0,15,12,41,0.25,0,0.6480000000000001,0.648,0.0538014667406808
0.14583333333333334,1.8739837066897003,0.22465458822726903,2.3058406557606363,1.0,12.541666666666666,3.3265256475425637,0.22318273750434034,7919.706753697785,84,84,geolife,geolife_dfbsp_tau_0.25,dfbsp,0.1,adaptive,8,0.015625,38,4,4,9,1.0,1.0,0.09077380952380952,0.09077380952380952,0,0,0,0,4,4,0.10526315789473684,1.0,4,1.0,37.4905,45.89915,0,8,4,43,0.25,0,0.6480000000000001,0.648,0.0538014667406808
0.3333333333333333,1.0897667060239709,0.264328429868158,2.0961118137159054,1.0,13.604166666666666,3.4261220719731096,0.20455434686229176,4609.017671670984,89,89,geolife,geolife_dfbsp_tau_0.25,dfbsp,0.1,adaptive,8,0.015625,33,3,1,6,0.3333333333333333,0.0967741935483871,0.3229166666666667,0.03125,1,0,1,0,1,1,0.030303030303030304,0.3333333333333333,1,1.0,39.909,49.9697,0,9,8,48,0.25,0,0.6480000000000001,0.648,0.0538014667406808
0.2916666666666667,0.9166666666666666,0.18960267839658987,1.9405864444532375,1.0,14.395833333333334,3.5660873040643484,0.2013281769684708,3855.507477320685,102,102,geolife,geolife_dfbsp_tau_0.25,dfbsp,0.1,adaptive,8,0.015625,32,5,3,9,0.6,0.2653673163418291,0.39702380952380956,0.10535714285714286,1,0,2,1,2,2,0.09375,1.0,3,1.0,39.232,48.59824999999999,0,12,6,38,0.25,0,0.6480000000000001,0.648,0.0538014667406808
0.1875,1.2013671096195315,0.17968810592415949,2.5823428169736777,1.0,23.4375,4.2156914957303995,0.0389159900430282,5113.749508060539,103,103,geolife,geolife_dfbsp_tau_0.25,dfbsp,0.1,adaptive,8,0.015625,36,4,4,5,1.0,1.0,0.08035714285714285,0.08035714285714285,0,0,0,0,4,4,0.1111111111111111,1.0,4,1.0,39.5785,55.90525,0,13,9,48,0.25,0,0.6480000000000001,0.648,0.0538014667406808
0.5208333333333334,0.4791666666666667,0.2824994689607048,1.6092809038858056,1.0,14.229166666666666,3.36041076090105,0.3948931686643246,2044.567715225049,104,104,geolife,geolife_dfbsp_tau_0.25,dfbsp,0.1,adaptive,8,0.015625,41,3,2,7,0.6666666666666666,0.0541871921182266,1.0572916666666667,0.057291666666666664,1,0,1,1,1,1,0.04878048780487805,1.0,2,1.0,37.7175,52.51744999999998,0,11,10,48,0.25,0,0.6480000000000001,0.648,0.0538014667406808
0.9375,0.0625,0.2781281414811175,1.3265411580368436,1.0,19.0,3.678004734845476,0.6593718585188825,260.90625,112,112,geolife,geolife_dfbsp_tau_0.25,dfbsp,0.1,adaptive,8,0.015625,36,4,3,7,0.75,0.8119122257053293,0.09494047619047619,0.07708333333333334,0,0,0,0,4,3,0.08333333333333333,1.0,3,1.0,39.176500000000004,54.79305,0,14,13,48,0.25,0,0.6480000000000001,0.648,0.0538014667406808
0.0,1.0380922317655457,0.3076649046146959,2.3794584408085817,0.9583333333333334,8.625,2.7013844257549753,0.307664904614696,4336.253994362609,113,113,geolife,geolife_dfbsp_tau_0.25,dfbsp,0.1,adaptive,8,0.015625,36,7,3,12,0.42857142857142855,0.11899959661153693,2.5822916666666664,0.3072916666666667,4,1,1,1,2,1,0.08333333333333333,1.0,3,1.0,38.2415,47.190749999999994,0,11,10,48,0.25,0,0.6480000000000001,0.648,0.0538014667406808
0.4166666666666667,1.2257748778539854,0.1840044612084758,2.7770136618946677,1.0,19.645833333333332,3.963902282601078,0.23266220545819086,5220.60375765011,119,119,geolife,geolife_dfbsp_tau_0.25,dfbsp,0.1,adaptive,8,0.015625,35,1,1,6,1.0,1.0,0.017857142857142856,0.017857142857142856,0,0,0,0,1,1,0.02857142857142857,1.0,1,1.0,38.188,44.579249999999995,0,14,9,48,0.25,0,0.6480000000000001,0.648,0.0538014667406808
0.0,1.0,0.3127662614176374,1.7071176904882288,1.0,7.0,2.5353908834710626,0.31276626141763736,4266.923927426191,122,122,geolife,geolife_dfbsp_tau_0.25,dfbsp,0.1,adaptive,8,0.015625,34,5,4,16,0.8,0.22935779816513766,0.32440476190476186,0.0744047619047619,1,0,0,0,4,4,0.11764705882352941,1.0,4,1.0,38.698,50.1822,0,16,15,48,0.25,0,0.6480000000000001,0.648,0.0538014667406808
0.0,1.3296021313480721,0.191140604450132,1.9886979927211081,1.0,18.5,3.8190419984280193,0.19114060445013195,5585.731131027103,128,128,geolife,geolife_dfbsp_tau_0.25,dfbsp,0.1,adaptive,8,0.015625,41,4,4,6,1.0,1.0,0.08779761904761904,0.08779761904761904,0,0,0,0,4,4,0.0975609756097561,1.0,4,1.0,39.576,64.59339999999997,0,14,10,48,0.25,0,0.6480000000000001,0.648,0.0538014667406808
0.75,0.41550566479164913,0.2249916835707949,1.7974429335525055,1.0,15.75,3.560083140369382,0.5250083164292051,1759.8891068698558,138,138,geolife,geolife_dfbsp_tau_0.25,dfbsp,0.1,adaptive,8,0.015625,37,3,1,9,0.3333333333333333,0.047619047619047616,1.3125,0.0625,2,0,1,1,0,0,0.02702702702702703,1.0,1,1.0,39.4435,51.000299999999996,0,14,12,48,0.25,0,0.6480000000000001,0.648,0.0538014667406808
0.08333333333333333,1.0885709937367587,0.28679619488545943,2.0335399442026403,1.0,12.979166666666666,3.2812170659027036,0.20346286155212615,4566.981043217328,142,142,geolife,geolife_dfbsp_tau_0.25,dfbsp,0.1,adaptive,8,0.015625,37,3,2,6,0.6666666666666666,0.09433962264150941,1.1041666666666667,0.10416666666666666,1,0,2,2,0,0,0.05405405405405406,1.0,2,1.0,38.681,50.91769999999999,0,12,10,48,0.25,0,0.6480000000000001,0.648,0.0538014667406808
0.0625,1.5608171513276574,0.1277106242942271,3.2350798985173914,1.0,34.25,4.797868520882493,0.06521062429422712,6577.974638370936,147,147,geolife,geolife_dfbsp_tau_0.25,dfbsp,0.1,adaptive,8,0.015625,35,0,0,1,nan,nan,0.0,0.0,0,0,0,0,0,0,0.0,nan,0,1.0,37.986999999999995,52.09189999999998,0,11,11,28,0.25,0,0.6480000000000001,0.648,0.0538014667406808
0.625,0.375,0.36304656231013405,1.1469249264020691,1.0,14.854166666666666,3.191448429691219,0.26195343768986606,1600.0964727848204,159,159,geolife,geolife_dfbsp_tau_0.25,dfbsp,0.1,adaptive,8,0.015625,33,2,0,4,0.0,0.0,1.0208333333333333,0.0,1,0,0,0,1,0,0.0,0.0,0,1.0,40.18,56.375849999999986,0,15,15,48,0.25,0,0.6480000000000001,0.648,0.0538014667406808
0.7916666666666666,0.22916666666666666,0.2769897451343178,1.6199147531188567,1.0,15.083333333333334,3.4110681444694317,0.5146769215323489,977.8367333685014,167,167,geolife,geolife_dfbsp_tau_0.25,dfbsp,0.1,adaptive,8,0.015625,36,4,3,7,0.75,0.2727272727272727,0.34375,0.09375,1,0,1,1,2,2,0.08333333333333333,1.0,3,1.0,39.712,46.13005,0,8,7,48,0.25,0,0.6480000000000001,0.648,0.0538014667406808
0.0,2.313530326258872,0.2673106838342501,5.757077754550447,0.1875,17.020833333333332,3.5731807906036845,0.26731068383425,9785.21765486999,168,168,geolife,geolife_dfbsp_tau_0.25,dfbsp,0.1,adaptive,8,0.015625,42,4,1,4,0.25,0.03571428571428571,0.5833333333333334,0.020833333333333332,2,0,1,0,1,1,0.023809523809523808,0.3333333333333333,1,1.0,37.2215,51.24605,0,9,9,48,0.25,0,0.6480000000000001,0.648,0.0538014667406808
0.20833333333333334,1.1736587693847687,0.2260592744535305,2.717062221026444,0.8125,17.166666666666668,3.538678914706731,0.12182410749152695,4963.773848932989,169,169,geolife,geolife_dfbsp_tau_0.25,dfbsp,0.1,adaptive,8,0.015625,34,2,1,9,0.5,0.3333333333333333,0.0625,0.020833333333333332,0,0,1,0,1,1,0.029411764705882353,0.5,1,1.0,38.7755,46.3399,0,15,12,48,0.25,0,0.6480000000000001,0.648,0.0538014667406808
0.3541666666666667,0.6458333333333334,0.22070285976861195,1.7863562609223838,1.0,13.208333333333334,3.454851246095538,0.29588150791363726,2696.03125,174,174,geolife,geolife_dfbsp_tau_0.25,dfbsp,0.1,adaptive,8,0.015625,39,5,3,7,0.6,0.1044776119402985,1.3958333333333333,0.14583333333333331,2,0,2,2,1,1,0.07692307692307693,1.0,3,1.0,39.522,49.5816,0,9,5,48,0.25,0,0.6480000000000001,0.648,0.0538014667406808
0.0,1.414213562373094,0.26346252689867156,2.079530471666947,1.0,10.416666666666666,3.0773036504275306,0.2634625268986715,5969.345864702605,177,177,geolife,geolife_dfbsp_tau_0.25,dfbsp,0.1,adaptive,8,0.015625,34,5,3,11,0.6,0.689655172413793,0.16111111111111112,0.1111111111111111,0,0,1,1,4,2,0.08823529411764706,1.0,3,1.0,38.5805,44.2014,0,12,9,48,0.25,0,0.6480000000000001,0.648,0.0538014667406808
0.08333333333333333,2.0118189687703083,0.15660868311645484,2.604700161965159,1.0,24.979166666666668,4.286030662470002,0.10238048024834256,8464.290338443274,179,179,geolife,geolife_dfbsp_tau_0.25,dfbsp,0.1,adaptive,8,0.015625,36,2,2,6,1.0,1.0,0.033482142857142856,0.033482142857142856,0,0,0,0,2,2,0.05555555555555555,1.0,2,1.0,38.948,47.2692,0,11,6,35,0.25,0,0.6480000000000001,0.648,0.0538014667406808
0.20833333333333334,1.7387550609630074,0.13527458059255937,2.687576096161513,1.0,18.479166666666668,4.072326200203176,0.09031682931725095,7299.05260838474,2,2,geolife,geolife_data_rdfbsp_tau_0.25,rdfbsp,0.1,adaptive,8,0.015625,35,6,3,6,0.5,0.07319698600645855,1.3824404761904763,0.10119047619047619,2,0,1,1,3,2,0.08571428571428572,0.5,3,1.0,198.60649999999998,223.0859,0,5,0,35,0.25,6,0.6480000000000001,0.648,0.0538014667406808
0.0,1.7717938503281718,0.1549567705981262,2.5248602436214687,0.9583333333333334,16.354166666666668,3.8375907598397814,0.15495677059812624,7416.392287225523,3,3,geolife,geolife_data_rdfbsp_tau_0.25,rdfbsp,0.1,adaptive,8,0.015625,40,4,2,7,0.5,0.3243243243243244,0.15416666666666665,0.05,0,0,2,0,2,2,0.05,0.5,2,1.0,194.893,224.75279999999998,0,8,1,43,0.25,6,0.6480000000000001,0.648,0.0538014667406808
0.125,1.4157797401561567,0.18322503181804642,1.9505889313258098,1.0,12.354166666666666,3.469006727101941,0.05822503181804647,5928.415253806634,4,4,geolife,geolife_data_rdfbsp_tau_0.25,rdfbsp,0.1,adaptive,8,0.015625,31,3,1,14,0.3333333333333333,0.14285714285714285,0.14583333333333334,0.020833333333333332,0,0,2,0,1,1,0.03225806451612903,0.5,1,1.0,201.47199999999998,239.82205,0,14,0,48,0.25,6,0.6480000000000001,0.648,0.0538014667406808
0.4791666666666667,0.5984983762782888,0.17117243780884442,2.426729154285488,0.9791666666666666,15.541666666666666,3.7853153858931203,0.3283378060917549,2539.6348269524233,7,7,geolife,geolife_data_rdfbsp_tau_0.25,rdfbsp,0.1,adaptive,8,0.015625,40,5,2,8,0.4,0.17105263157894737,0.2261904761904762,0.03869047619047619,0,0,3,0,2,2,0.05,1.0,2,1.0,194.0675,211.24425,0,8,0,43,0.25,6,0.6480000000000001,0.648,0.0538014667406808
0.0,1.7948211680083073,0.09830799464741934,3.5368779639778585,1.0,31.6875,4.817497042277195,0.09830799464741935,7594.3155132768525,8,8,geolife,geolife_data_rdfbsp_tau_0.25,rdfbsp,0.1,adaptive,8,0.015625,42,6,4,5,0.6666666666666666,0.21951219512195125,0.35590277777777773,0.078125,1,0,0,0,5,4,0.09523809523809523,1.0,4,1.0,196.442,217.06074999999998,0,4,1,13,0.25,6,0.6480000000000001,0.648,0.0538014667406808
0.1875,0.8125,0.18165930993356105,1.9357161643709706,1.0,13.666666666666666,3.582498587387269,0.047470545661087354,3391.78125,9,9,geolife,geolife_data_rdfbsp_tau_0.25,rdfbsp,0.1,adaptive,8,0.015625,35,5,2,11,0.4,0.05263157894736841,0.7916666666666667,0.041666666666666664,3,0,0,0,2,2,0.05714285714285714,1.0,2,1.0,197.554,222.86695,0,11,0,48,0.25,6,0.6480000000000001,0.648,0.0538014667406808
0.0,2.173822186962054,0.0999425978819277,3.8771407192757184,0.6666666666666666,20.645833333333332,4.24374935592607,0.09994259788192772,9142.211220875002,12,12,geolife,geolife_data_rdfbsp_tau_0.25,rdfbsp,0.1,adaptive,8,0.015625,37,5,1,7,0.2,0.013114754098360656,1.3616071428571428,0.017857142857142856,2,0,1,0,2,1,0.02702702702702703,0.3333333333333333,1,1.0,195.99,214.88174999999998,0,6,0,24,0.25,6,0.6480000000000001,0.648,0.0538014667406808
0.0625,1.3607022603955155,0.14785772899512042,2.1126839946744016,1.0,14.916666666666666,3.760041232957286,0.08535772899512035,5783.627404876622,14,14,geolife,geolife_data_rdfbsp_tau_0.25,rdfbsp,0.1,adaptive,8,0.015625,34,6,4,12,0.6666666666666666,0.21461963450913724,0.35014880952380956,0.07514880952380952,1,0,0,0,5,4,0.11764705882352941,1.0,4,1.0,201.269,228.63025,0,11,0,45,0.25,6,0.6480000000000001,0.648,0.0538014667406808
0.16666666666666666,1.4211541195462924,0.09932805289056401,2.9131613413404778,1.0,32.729166666666664,4.8122496121446705,0.13487797933705156,6034.101211068093,17,17,geolife,geolife_data_rdfbsp_tau_0.25,rdfbsp,0.1,adaptive,8,0.015625,32,3,0,1,0.0,0.0,0.5625,0.0,2,0,1,0,0,0,0.0,0.0,0,1.0,198.46699999999998,214.00424999999998,0,1,0,11,0.25,6,0.6480000000000001,0.648,0.0538014667406808
0.020833333333333332,3.0978286668977772,0.10885773226403846,5.601989856801683,0.3541666666666667,25.875,4.471405045931355,0.08802439893070511,13070.778860022736,18,18,geolife,geolife_data_rdfbsp_tau_0.25,rdfbsp,0.1,adaptive,8,0.015625,39,2,0,2,0.0,0.0,0.07291666666666666,0.0,0,0,1,0,1,0,0.0,0.0,0,1.0,202.9235,230.6854,0,2,0,21,0.25,6,0.6480000000000001,0.648,0.0538014667406808
0.2708333333333333,1.0163717594580073,0.15466860017244177,2.1618454135709384,1.0,14.104166666666666,3.617797646001979,0.17712814800112606,4260.699660421225,19,19,geolife,geolife_data_rdfbsp_tau_0.25,rdfbsp,0.1,adaptive,8,0.015625,35,5,3,10,0.6,0.4702702702702703,0.1376488095238095,0.06473214285714285,0,0,1,0,4,3,0.08571428571428572,1.0,3,1.0,203.612,231.43805,0,9,0,44,0.25,6,0.6480000000000001,0.648,0.0538014667406808
0.041666666666666664,1.489322409934671,0.131395166057217,2.462425432735134,1.0,19.9375,4.018616707617419,0.08972849939055035,6262.672435257664,22,22,geolife,geolife_data_rdfbsp_tau_0.25,rdfbsp,0.1,adaptive,8,0.015625,34,3,1,7,0.3333333333333333,0.056603773584905655,1.1041666666666667,0.0625,1,0,2,1,0,0,0.029411764705882353,0.5,1,1.0,198.3145,233.74449999999996,0,7,0,39,0.25,6,0.6480000000000001,0.648,0.0538014667406808
0.041666666666666664,1.6715847495312455,0.156535967394613,1.9337713050088379,1.0,15.416666666666666,3.719377225202648,0.11486930072794631,7131.671348552947,23,23,geolife,geolife_data_rdfbsp_tau_0.25,rdfbsp,0.1,adaptive,8,0.015625,36,2,1,7,0.5,0.020408163265306124,1.0208333333333333,0.020833333333333332,1,0,0,0,1,1,0.027777777777777776,1.0,1,1.0,199.792,226.46585,0,7,0,47,0.25,6,0.6480000000000001,0.648,0.0538014667406808
0.375,0.6681472460805308,0.1333591364843095,2.1893502814950874,1.0,17.166666666666668,3.979402222467769,0.2416408635156905,2844.1630731076625,24,24,geolife,geolife_data_rdfbsp_tau_0.25,rdfbsp,0.1,adaptive,8,0.015625,30,4,3,8,0.75,0.5757575757575758,0.0982142857142857,0.05654761904761905,0,0,1,0,3,3,0.1,1.0,3,1.0,207.85000000000002,231.494,0,7,0,38,0.25,6,0.6480000000000001,0.648,0.0538014667406808
0.0625,1.1551931544395044,0.13767403229328773,2.859924591097355,0.9166666666666666,18.729166666666668,3.854989203557459,0.07517403229328769,4892.552512918056,27,27,geolife,geolife_data_rdfbsp_tau_0.25,rdfbsp,0.1,adaptive,8,0.015625,35,2,2,9,1.0,1.0,0.041666666666666664,0.041666666666666664,0,0,0,0,2,2,0.05714285714285714,1.0,2,1.0,201.70049999999998,229.49349999999998,0,9,0,38,0.25,6,0.6480000000000001,0.648,0.0538014667406808
0.0625,2.2327486520715953,0.11583349853784003,3.0635129848167266,0.9166666666666666,22.541666666666668,4.3327161616733525,0.05333349853784005,9464.096564622945,28,28,geolife,geolife_data_rdfbsp_tau_0.25,rdfbsp,0.1,adaptive,8,0.015625,34,3,3,6,1.0,1.0,0.10535714285714284,0.10535714285714284,0,0,1,1,2,2,0.08823529411764706,1.0,3,1.0,206.1385,231.88129999999998,0,5,0,25,0.25,6,0.6480000000000001,0.648,0.0538014667406808
0.0,2.329320922310344,0.10643115941706872,3.0608169465965442,0.9166666666666666,19.770833333333332,4.16698424099609,0.10643115941706875,9831.352454377395,29,29,geolife,geolife_data_rdfbsp_tau_0.25,rdfbsp,0.1,adaptive,8,0.015625,38,5,3,5,0.6,0.7174887892376681,0.19910714285714284,0.14285714285714285,0,0,2,2,3,1,0.07894736842105263,1.0,3,1.0,199.7865,216.90545,0,4,0,21,0.25,6,0.6480000000000001,0.648,0.0538014667406808
0.375,1.072336165729158,0.11418789186025917,2.407506973648529,1.0,24.1875,4.3802969702871115,0.30870734315661746,4511.595930570631,32,32,geolife,geolife_data_rdfbsp_tau_0.25,rdfbsp,0.1,adaptive,8,0.015625,36,6,2,4,0.3333333333333333,0.09871244635193133,0.4623015873015873,0.04563492063492063,1,0,3,0,2,2,0.05555555555555555,1.0,2,1.0,203.45850000000002,235.78205,0,2,0,22,0.25,6,0.6480000000000001,0.648,0.0538014667406808
0.0,2.40860340379199,0.13414549252003713,2.1930265437405354,1.0,16.354166666666668,3.8619780568248108,0.13414549252003713,10249.605334255677,33,33,geolife,geolife_data_rdfbsp_tau_0.25,rdfbsp,0.1,adaptive,8,0.015625,37,4,2,7,0.5,0.21874999999999997,0.4,0.0875,1,0,2,1,1,1,0.05405405405405406,1.0,2,1.0,201.3275,216.3758,0,7,0,43,0.25,6,0.6480000000000001,0.648,0.0538014667406808
0.14583333333333334,1.7660669476031206,0.1590964355492075,2.2440792214675582,1.0,16.083333333333332,3.8387253086435553,0.18418880575984922,7388.623793454309,34,34,geolife,geolife_data_rdfbsp_tau_0.25,rdfbsp,0.1,adaptive,8,0.015625,29,6,2,12,0.3333333333333333,0.07342657342657342,1.1916666666666667,0.0875,1,0,3,1,2,1,0.06896551724137931,0.6666666666666666,2,1.0,204.98450000000003,225.96839999999997,0,12,0,38,0.25,6,0.6480000000000001,0.648,0.0538014667406808
0.5625,0.5150281114945493,0.13415779181514778,2.2248279202837375,1.0,19.520833333333332,4.093435819396602,0.42834220818485225,2186.6821799178147,37,37,geolife,geolife_data_rdfbsp_tau_0.25,rdfbsp,0.1,adaptive,8,0.015625,40,5,4,6,0.8,0.33509234828496043,0.3759920634920635,0.1259920634920635,1,0,1,1,3,3,0.1,1.0,4,1.0,196.67849999999999,218.0621,0,6,1,34,0.25,6,0.6480000000000001,0.648,0.0538014667406808
0.08333333333333333,1.7890320065230298,0.14175018153215527,2.8633973291022365,0.9583333333333334,17.458333333333332,3.8519788055270414,0.058416848198821925,7549.462217278207,38,38,geolife,geolife_data_rdfbsp_tau_0.25,rdfbsp,0.1,adaptive,8,0.015625,33,3,2,10,0.6666666666666666,0.6,0.15625,0.09375,0,0,2,1,1,1,0.06060606060606061,1.0,2,1.0,200.663,217.38255,0,10,0,34,0.25,6,0.6480000000000001,0.648,0.0538014667406808
0.08333333333333333,1.3053511301977576,0.13653579541278008,2.6573454393236546,1.0,23.875,4.332216488844571,0.09356585952219698,5516.280190342677,39,39,geolife,geolife_data_rdfbsp_tau_0.25,rdfbsp,0.1,adaptive,8,0.015625,41,2,1,3,0.5,0.06666666666666667,0.26785714285714285,0.017857142857142856,1,0,0,0,1,1,0.024390243902439025,1.0,1,1.0,200.974,227.82295,0,3,0,27,0.25,6,0.6480000000000001,0.648,0.0538014667406808
0.0,1.7083333333333333,0.17070018833165365,2.0434741720879943,1.0,11.854166666666666,3.459351221073454,0.17070018833165365,7131.4375,42,42,geolife,geolife_data_rdfbsp_tau_0.25,rdfbsp,0.1,adaptive,8,0.015625,30,2,1,11,0.5,0.4285714285714286,0.07291666666666666,0.03125,0,0,1,0,1,1,0.03333333333333333,1.0,1,1.0,196.365,221.60899999999998,0,11,0,48,0.25,6,0.6480000000000001,0.648,0.0538014667406808
0.2708333333333333,0.8924415445206527,0.166239485680251,2.507078312306919,0.9791666666666666,15.604166666666666,3.7532179862388113,0.10459384765308233,3735.3166801077496,43,43,geolife,geolife_data_rdfbsp_tau_0.25,rdfbsp,0.1,adaptive,8,0.015625,28,3,1,10,0.3333333333333333,0.42857142857142855,0.14583333333333334,0.0625,0,0,2,1,1,0,0.03571428571428571,0.5,1,1.0,198.638,225.8467,0,10,0,37,0.25,6,0.6480000000000001,0.648,0.0538014667406808
0.5625,0.7207655781770352,0.15741806891250953,1.88858512213734,1.0,14.916666666666666,3.6599611849205034,0.40508193108749047,3018.3916210415714,44,44,geolife,geolife_data_rdfbsp_tau_0.25,rdfbsp,0.1,adaptive,8,0.015625,39,1,1,7,1.0,1.0,0.0625,0.0625,0,0,1,1,0,0,0.02564102564102564,1.0,1,1.0,198.4345,218.2264,0,7,0,48,0.25,6,0.6480000000000001,0.648,0.0538014667406808
0.0,1.232995128834865,0.16773008467303807,2.2262691431460624,1.0,15.041666666666666,3.7350945257328654,0.16773008467303804,5216.834273191989,52,52,geolife,geolife_data_rdfbsp_tau_0.25,rdfbsp,0.1,adaptive,8,0.015625,35,0,0,10,nan,nan,0.0,0.0,0,0,0,0,0,0,0.0,nan,0,1.0,205.373,243.09879999999998,0,10,0,48,0.25,6,0.6480000000000001,0.648,0.0538014667406808
0.0,2.1033926086073267,0.09150414648694953,3.1453118659667436,0.9583333333333334,26.979166666666668,4.629059493148987,0.09150414648694954,8846.038753794148,54,54,geolife,geolife_data_rdfbsp_tau_0.25,rdfbsp,0.1,adaptive,8,0.015625,38,3,2,3,0.6666666666666666,0.7058823529411765,0.07083333333333333,0.05,0,0,0,0,3,2,0.05263157894736842,1.0,2,1.0,201.4015,228.60854999999998,0,1,0,10,0.25,6,0.6480000000000001,0.648,0.0538014667406808
0.10416666666666667,1.5750950552984067,0.1639527498297267,3.0959667036944487,0.8333333333333334,14.229166666666666,3.6600866644884498,0.05978608316306005,6671.593701269724,58,58,geolife,geolife_data_rdfbsp_tau_0.25,rdfbsp,0.1,adaptive,8,0.015625,35,8,3,11,0.375,0.23404255319148937,0.3590277777777778,0.08402777777777778,1,0,2,0,5,3,0.08571428571428572,1.0,3,1.0,202.4525,227.99975,0,11,0,48,0.25,6,0.6480000000000001,0.648,0.0538014667406808
0.020833333333333332,1.662336185238073,0.12889867883791956,2.8626916033974013,0.9791666666666666,20.145833333333332,4.077051260291167,0.10806534550458625,7012.746368517808,62,62,geolife,geolife_data_rdfbsp_tau_0.25,rdfbsp,0.1,adaptive,8,0.015625,35,4,3,7,0.75,0.2286501377410468,0.32410714285714287,0.07410714285714286,1,0,0,0,3,3,0.08571428571428572,1.0,3,1.0,200.111,222.2877,0,7,0,35,0.25,6,0.6480000000000001,0.648,0.0538014667406808
0.08333333333333333,0.9166666666666666,0.1784578483916209,2.071450399381225,1.0,13.729166666666666,3.5870487477695967,0.09512451505828752,3826.625,64,64,geolife,geolife_data_rdfbsp_tau_0.25,rdfbsp,0.1,adaptive,8,0.015625,35,4,2,12,0.5,0.296875,0.17777777777777778,0.05277777777777778,0,0,2,0,2,2,0.05714285714285714,1.0,2,1.0,204.548,230.18115,0,12,0,46,0.25,6,0.6480000000000001,0.648,0.0538014667406808
0.0,1.4155056647916489,0.14738814820084217,2.241978597623843,1.0,18.520833333333332,3.9608787686161544,0.1473881482008422,6036.44052673627,67,67,geolife,geolife_data_rdfbsp_tau_0.25,rdfbsp,0.1,adaptive,8,0.015625,37,5,3,9,0.6,0.11462450592885373,0.5647321428571429,0.06473214285714285,2,0,0,0,3,3,0.08108108108108109,1.0,3,1.0,206.0695,226.5358,0,7,0,34,0.25,6,0.6480000000000001,0.648,0.0538014667406808
0.5208333333333334,0.8153699420153561,0.13429370715607056,2.3218002389759116,1.0,24.770833333333332,4.249433233685707,0.38653962617726273,3461.1707288301873,68,68,geolife,geolife_data_rdfbsp_tau_0.25,rdfbsp,0.1,adaptive,8,0.015625,33,6,3,8,0.5,0.3527980535279805,0.18348214285714284,0.06473214285714285,0,0,1,0,5,3,0.09090909090909091,1.0,3,1.0,197.0935,224.1477,0,6,0,24,0.25,6,0.6480000000000001,0.648,0.0538014667406808
0.0,1.7347373078818784,0.1455512704047419,2.7981650837870773,0.8958333333333334,18.5,4.047947364781572,0.14555127040474186,7267.330628163494,69,69,geolife,geolife_data_rdfbsp_tau_0.25,rdfbsp,0.1,adaptive,8,0.015625,37,2,0,6,0.0,0.0,0.08333333333333333,0.0,0,0,1,0,1,0,0.0,0.0,0,1.0,202.8295,216.79845,0,6,0,41,0.25,6,0.6480000000000001,0.648,0.0538014667406808
0.0625,1.6522423122906507,0.13218571929589376,3.1022210812928055,0.875,16.0625,3.853185725644178,0.06968571929589368,6998.358959213685,73,73,geolife,geolife_data_rdfbsp_tau_0.25,rdfbsp,0.1,adaptive,8,0.015625,31,3,2,8,0.6666666666666666,0.72,0.11160714285714285,0.08035714285714285,0,0,1,1,2,1,0.06451612903225806,1.0,2,1.0,200.281,222.8656,0,8,0,29,0.25,6,0.6480000000000001,0.648,0.0538014667406808
0.1875,1.4590182030490604,0.13726245406395604,2.6903504168623296,1.0,19.8125,4.0626722795261845,0.12047442242094013,6145.399812939686,74,74,geolife,geolife_data_rdfbsp_tau_0.25,rdfbsp,0.1,adaptive,8,0.015625,38,3,2,5,0.6666666666666666,0.16417910447761194,0.29910714285714285,0.049107142857142856,1,0,0,0,2,2,0.05263157894736842,0.6666666666666666,2,1.0,200.148,219.4923,0,5,0,38,0.25,6,0.6480000000000001,0.648,0.0538014667406808
0.0625,1.9170365900361928,0.1461543251466498,4.574215339399484,0.5833333333333334,16.4375,3.918093167426589,0.08365432514664979,8115.199749584473,78,78,geolife,geolife_data_rdfbsp_tau_0.25,rdfbsp,0.1,adaptive,8,0.015625,30,4,3,8,0.75,0.06250000000000001,1.0666666666666664,0.06666666666666667,1,0,0,0,3,3,0.1,0.75,3,1.0,203.9015,232.0264,0,8,0,37,0.25,6,0.6480000000000001,0.648,0.0538014667406808
0.25,0.9740918167179476,0.14907816357278467,2.1451617881060367,1.0,17.8125,3.8440974806617874,0.17840066294951232,4107.016411107375,79,79,geolife,geolife_data_rdfbsp_tau_0.25,rdfbsp,0.1,adaptive,8,0.015625,33,0,0,7,nan,nan,0.0,0.0,0,0,0,0,0,0,0.0,nan,0,1.0,198.284,224.6536,0,7,0,35,0.25,6,0.6480000000000001,0.648,0.0538014667406808
0.5208333333333334,0.6458333333333334,0.16833701599580217,1.977754496450878,1.0,13.145833333333334,3.5364884558757237,0.3524963173375311,2755.7217031294144,82,82,geolife,geolife_data_rdfbsp_tau_0.25,rdfbsp,0.1,adaptive,8,0.015625,37,4,3,10,0.75,0.7391304347826088,0.09583333333333333,0.07083333333333333,0,0,0,0,4,3,0.08108108108108109,1.0,3,1.0,196.3945,218.361,0,10,0,48,0.25,6,0.6480000000000001,0.648,0.0538014667406808
0.6041666666666666,0.6793727744111809,0.13307725987525312,2.2743025791388636,1.0,19.25,4.0749936951206545,0.47940478468185144,2875.3229314563855,83,83,geolife,geolife_data_rdfbsp_tau_0.25,rdfbsp,0.1,adaptive,8,0.015625,38,5,2,6,0.4,0.1955307262569832,0.18645833333333334,0.03645833333333333,0,0,2,0,3,2,0.05263157894736842,1.0,2,1.0,199.373,222.5024,0,4,0,35,0.25,6,0.6480000000000001,0.648,0.0538014667406808
0.4166666666666667,0.7636844635310913,0.1460118890955067,2.518149453628222,1.0,22.208333333333332,4.209012865402294,0.27065477757115997,3233.912206974174,84,84,geolife,geolife_data_rdfbsp_tau_0.25,rdfbsp,0.1,adaptive,8,0.015625,38,4,4,8,1.0,1.0,0.09077380952380952,0.09077380952380952,0,0,0,0,4,4,0.10526315789473684,1.0,4,1.0,200.835,226.04084999999998,0,5,0,27,0.25,6,0.6480000000000001,0.648,0.0538014667406808
0.3125,1.6853362486050845,0.12978358722289873,2.7502597765897803,1.0,19.958333333333332,4.163340070971948,0.23433935553931107,7173.341304182816,89,89,geolife,geolife_data_rdfbsp_tau_0.25,rdfbsp,0.1,adaptive,8,0.015625,33,3,0,5,0.0,0.0,0.3229166666666667,0.0,1,0,1,0,1,0,0.0,0.0,0,1.0,203.824,241.3423,0,5,0,33,0.25,6,0.6480000000000001,0.648,0.0538014667406808
0.22916666666666666,1.7246239801941472,0.1255436813065651,2.3800535136388463,1.0,15.166666666666666,3.928499258742763,0.17252323992851135,7240.125871241366,102,102,geolife,geolife_data_rdfbsp_tau_0.25,rdfbsp,0.1,adaptive,8,0.015625,32,5,2,10,0.4,0.10794602698650674,0.39702380952380956,0.04285714285714286,1,0,2,0,2,2,0.0625,1.0,2,1.0,198.12849999999997,237.982,0,8,0,30,0.25,6,0.6480000000000001,0.648,0.0538014667406808
0.08333333333333333,1.877850106381621,0.12161721758918646,3.2556335706200237,0.8541666666666666,23.479166666666668,4.405149576907796,0.03846238115909826,7904.686785208606,103,103,geolife,geolife_data_rdfbsp_tau_0.25,rdfbsp,0.1,adaptive,8,0.015625,36,4,3,5,0.75,0.7407407407407408,0.08035714285714285,0.05952380952380952,0,0,0,0,4,3,0.08333333333333333,1.0,3,1.0,200.5185,227.41379999999998,0,4,0,27,0.25,6,0.6480000000000001,0.648,0.0538014667406808
0.125,0.9699239413771678,0.1520214840059452,2.2585439164533687,1.0,16.770833333333332,3.885838479432834,0.02702148400594519,4087.1123258508965,104,104,geolife,geolife_data_rdfbsp_tau_0.25,rdfbsp,0.1,adaptive,8,0.015625,41,3,2,6,0.6666666666666666,0.0541871921182266,1.0572916666666667,0.057291666666666664,1,0,1,1,1,1,0.04878048780487805,1.0,2,1.0,197.18,230.67014999999998,0,5,0,47,0.25,6,0.6480000000000001,0.648,0.0538014667406808
0.14583333333333334,1.4375,0.16121839320688416,1.9196546079210155,1.0,15.020833333333334,3.643070406047944,0.020707163564552565,6133.703145675144,112,112,geolife,geolife_data_rdfbsp_tau_0.25,rdfbsp,0.1,adaptive,8,0.015625,36,4,2,11,0.5,0.40752351097178685,0.09494047619047619,0.03869047619047619,0,0,0,0,4,2,0.05555555555555555,1.0,2,1.0,200.4735,229.0998,0,10,0,43,0.25,6,0.6480000000000001,0.648,0.0538014667406808
0.0,2.972005218846418,0.10479280067705193,4.425563014689867,0.6458333333333334,28.333333333333332,4.628880034421169,0.10479280067705188,12566.68336472336,113,113,geolife,geolife_data_rdfbsp_tau_0.25,rdfbsp,0.1,adaptive,8,0.015625,36,7,2,5,0.2857142857142857,0.02218636546994756,2.5822916666666664,0.057291666666666664,4,0,1,1,2,1,0.05555555555555555,1.0,2,1.0,199.813,227.4996,0,4,0,21,0.25,6,0.6480000000000001,0.648,0.0538014667406808
0.3333333333333333,1.08099420079703,0.1321019478219028,2.793282836641436,1.0,18.75,4.022010453885839,0.20123138551143058,4582.060060773731,119,119,geolife,geolife_data_rdfbsp_tau_0.25,rdfbsp,0.1,adaptive,8,0.015625,35,1,1,6,1.0,1.0,0.017857142857142856,0.017857142857142856,0,0,0,0,1,1,0.02857142857142857,1.0,1,1.0,201.87,264.7963,0,4,0,33,0.25,6,0.6480000000000001,0.648,0.0538014667406808
0.0,1.0,0.19977921160211595,2.1255181222135904,1.0,11.083333333333334,3.379948407590767,0.1997792116021159,4266.923927426191,122,122,geolife,geolife_data_rdfbsp_tau_0.25,rdfbsp,0.1,adaptive,8,0.015625,34,5,4,16,0.8,0.22935779816513766,0.32440476190476186,0.0744047619047619,1,0,0,0,4,4,0.11764705882352941,1.0,4,1.0,223.4405,321.6721,0,16,0,48,0.25,6,0.6480000000000001,0.648,0.0538014667406808
0.25,1.5853163488381796,0.17124543435756723,2.479007810235085,1.0,15.0,3.6925806903432026,0.15769442121758862,6660.068147270231,128,128,geolife,geolife_data_rdfbsp_tau_0.25,rdfbsp,0.1,adaptive,8,0.015625,41,4,3,8,0.75,0.7627118644067797,0.08779761904761904,0.06696428571428571,0,0,0,0,4,3,0.07317073170731707,1.0,3,1.0,268.22450000000003,495.0555499999998,0,8,0,42,0.25,6,0.6480000000000001,0.648,0.0538014667406808
0.1875,0.9155056647916492,0.13791233553623825,2.317284712717379,1.0,23.1875,4.23330280735274,0.27107553346199714,3885.6490766307693,138,138,geolife,geolife_data_rdfbsp_tau_0.25,rdfbsp,0.1,adaptive,8,0.015625,37,3,0,7,0.0,0.0,1.3125,0.0,2,0,1,0,0,0,0.0,0.0,0,1.0,203.082,250.17449999999997,0,7,0,33,0.25,6,0.6480000000000001,0.648,0.0538014667406808
0.0,2.455215619885161,0.152866407876688,3.3913691333691944,0.8125,15.958333333333334,3.8740801918455268,0.15286640787668804,10273.88498080836,142,142,geolife,geolife_data_rdfbsp_tau_0.25,rdfbsp,0.1,adaptive,8,0.015625,37,3,0,8,0.0,0.0,1.1041666666666667,0.0,1,0,2,0,0,0,0.0,0.0,0,1.0,197.973,237.53300000000002,0,8,0,46,0.25,6,0.6480000000000001,0.648,0.0538014667406808
0.020833333333333332,1.3456543132672323,0.13574500449714122,2.592355669926655,1.0,19.666666666666668,4.002175281121532,0.11491167116380785,5673.707776177616,147,147,geolife,geolife_data_rdfbsp_tau_0.25,rdfbsp,0.1,adaptive,8,0.015625,35,0,0,6,nan,nan,0.0,0.0,0,0,0,0,0,0,0.0,nan,0,1.0,202.01,247.32649999999998,0,6,0,40,0.25,6,0.6480000000000001,0.648,0.0538014667406808
0.5833333333333334,0.49392091526040355,0.167977160211625,1.8540396913599528,1.0,13.708333333333334,3.6038170729430736,0.41535617312170836,2064.4789648295196,159,159,geolife,geolife_data_rdfbsp_tau_0.25,rdfbsp,0.1,adaptive,8,0.015625,33,2,1,10,0.5,0.020408163265306124,1.0208333333333333,0.020833333333333332,1,0,0,0,1,1,0.030303030303030304,1.0,1,1.0,202.186,235.78689999999997,0,10,0,48,0.25,6,0.6480000000000001,0.648,0.0538014667406808
0.3958333333333333,1.2884441344349458,0.12056033706804076,2.5553806659270406,1.0,28.1875,4.574321971136846,0.27527299626529256,5485.339222879935,167,167,geolife,geolife_data_rdfbsp_tau_0.25,rdfbsp,0.1,adaptive,8,0.015625,36,4,2,4,0.5,0.09090909090909091,0.34375,0.03125,1,0,1,0,2,2,0.05555555555555555,1.0,2,1.0,197.4765,239.66969999999998,0,3,1,23,0.25,6,0.6480000000000001,0.648,0.0538014667406808
0.0,2.639470346474002,0.11680218141314931,4.146754837129074,0.6875,22.958333333333332,4.356108697253908,0.11680218141314931,11103.248153802204,168,168,geolife,geolife_data_rdfbsp_tau_0.25,rdfbsp,0.1,adaptive,8,0.015625,42,4,0,2,0.0,0.0,0.5833333333333334,0.0,2,0,1,0,1,0,0.0,0.0,0,1.0,203.349,223.3559,0,2,0,30,0.25,6,0.6480000000000001,0.648,0.0538014667406808
0.041666666666666664,1.7075632901757993,0.14227604813695122,3.370830569635815,0.8125,18.1875,3.9512294546144844,0.10060938147028455,7191.356071977308,169,169,geolife,geolife_data_rdfbsp_tau_0.25,rdfbsp,0.1,adaptive,8,0.015625,34,2,1,9,0.5,0.3333333333333333,0.0625,0.020833333333333332,0,0,1,0,1,1,0.029411764705882353,0.5,1,1.0,201.08499999999998,227.0018,0,9,0,42,0.25,6,0.6480000000000001,0.648,0.0538014667406808
0.4166666666666667,1.1666666666666667,0.17640173013919966,1.8738416480502087,1.0,15.916666666666666,3.793451562173187,0.24026493652746703,4870.25,174,174,geolife,geolife_data_rdfbsp_tau_0.25,rdfbsp,0.1,adaptive,8,0.015625,39,5,2,8,0.4,0.05970149253731343,1.3958333333333333,0.08333333333333333,2,0,2,1,1,1,0.05128205128205128,1.0,2,1.0,204.3425,241.28835,0,7,0,44,0.25,6,0.6480000000000001,0.648,0.0538014667406808
0.0,1.327919070212033,0.15521456124651775,2.608083302709115,1.0,15.708333333333334,3.845488555623169,0.15521456124651775,5614.674627770019,177,177,geolife,geolife_data_rdfbsp_tau_0.25,rdfbsp,0.1,adaptive,8,0.015625,34,5,4,12,0.8,0.8448275862068965,0.16111111111111112,0.1361111111111111,0,0,1,1,4,3,0.11764705882352941,1.0,4,1.0,204.488,237.7344,0,11,0,44,0.25,6,0.6480000000000001,0.648,0.0538014667406808
0.08333333333333333,2.1603063135617426,0.11608933984758862,2.683667211442089,1.0,18.6875,4.118287147734286,0.032756006514255274,9057.907323220896,179,179,geolife,geolife_data_rdfbsp_tau_0.25,rdfbsp,0.1,adaptive,8,0.015625,36,2,2,8,1.0,1.0,0.033482142857142856,0.033482142857142856,0,0,0,0,2,2,0.05555555555555555,1.0,2,1.0,193.9025,210.5923,0,7,0,36,0.25,6,0.6480000000000001,0.648,0.0538014667406808
0.0625,1.3084293848421573,0.2391592464901888,1.553990128448957,1.0,8.395833333333334,2.745116371451108,0.1766592464901889,5517.666625528676,2,2,geolife,geolife_dfbsp_tau_0.5,dfbsp,0.1,adaptive,8,0.015625,35,6,5,11,0.8333333333333334,0.2766415500538213,1.3824404761904763,0.38244047619047616,2,1,1,1,3,3,0.14285714285714285,0.5,5,1.0,39.7605,49.82445,0,11,0,47,0.5,0,0.6480000000000001,0.648,0.0538014667406808
0.0,1.2537805747122197,0.24284900416943225,2.1331601457740135,0.9791666666666666,11.354166666666666,3.1457599352642807,0.24284900416943223,5266.224124517128,3,3,geolife,geolife_dfbsp_tau_0.5,dfbsp,0.1,adaptive,8,0.015625,40,4,3,8,0.75,0.7297297297297297,0.15416666666666665,0.11249999999999999,0,0,2,1,2,2,0.075,0.5,3,1.0,38.623999999999995,47.628499999999995,0,14,6,48,0.5,0,0.6480000000000001,0.648,0.0538014667406808
0.8541666666666666,0.14583333333333334,0.38821141387078106,1.2936239585838258,0.9791666666666666,6.833333333333333,2.323401573556269,0.4659552527958857,608.78125,4,4,geolife,geolife_dfbsp_tau_0.5,dfbsp,0.1,adaptive,8,0.015625,31,3,3,15,1.0,1.0,0.14583333333333334,0.14583333333333334,0,0,2,2,1,1,0.0967741935483871,1.0,3,1.0,39.9325,46.25385,0,15,10,48,0.5,0,0.6480000000000001,0.648,0.0538014667406808
0.4583333333333333,0.6711084049082591,0.3065654721477315,1.7068197403592507,1.0,14.708333333333334,3.2259403273318257,0.22851376388982678,2827.853328183702,7,7,geolife,geolife_dfbsp_tau_0.5,dfbsp,0.1,adaptive,8,0.015625,40,5,5,9,1.0,1.0,0.2261904761904762,0.2261904761904762,0,0,3,3,2,2,0.125,1.0,5,1.0,39.075,59.82279999999998,0,12,9,44,0.5,0,0.6480000000000001,0.648,0.0538014667406808
0.0,1.7799427852613512,0.17104386699503268,2.338541388164894,1.0,11.895833333333334,3.4094858739705427,0.1710438669950327,7461.718756667581,8,8,geolife,geolife_dfbsp_tau_0.5,dfbsp,0.1,adaptive,8,0.015625,42,6,4,7,0.6666666666666666,0.8634146341463415,0.35590277777777773,0.30729166666666663,1,1,0,0,5,3,0.09523809523809523,1.0,4,1.0,37.582,48.485299999999995,0,6,1,44,0.5,0,0.6480000000000001,0.648,0.0538014667406808
0.0,1.0,0.315203975516976,1.4686753496493763,1.0,6.666666666666667,2.4667161547563072,0.315203975516976,4174.5,9,9,geolife,geolife_dfbsp_tau_0.5,dfbsp,0.1,adaptive,8,0.015625,35,5,3,12,0.6,0.3684210526315789,0.7916666666666667,0.2916666666666667,3,1,0,0,2,2,0.08571428571428572,1.0,3,1.0,40.0035,50.12095,0,13,1,48,0.5,0,0.6480000000000001,0.648,0.0538014667406808
0.20833333333333334,2.447959301560052,0.15453475709856154,4.714982661653827,0.4791666666666667,13.729166666666666,3.6670307335614307,0.19589283076983577,10411.74491156702,12,12,geolife,geolife_dfbsp_tau_0.5,dfbsp,0.1,adaptive,8,0.015625,37,5,2,2,0.4,0.20655737704918034,1.3616071428571428,0.28125,2,1,1,0,2,1,0.05405405405405406,0.3333333333333333,2,1.0,37.951,58.46305,0,10,8,39,0.5,0,0.6480000000000001,0.648,0.0538014667406808
0.4791666666666667,1.063843647963458,0.2230822845848802,2.458365947705369,0.9375,12.583333333333334,3.258073472574063,0.35940230252511024,4535.778141298099,14,14,geolife,geolife_dfbsp_tau_0.5,dfbsp,0.1,adaptive,8,0.015625,34,6,4,8,0.6666666666666666,0.21461963450913724,0.35014880952380956,0.07514880952380952,1,0,0,0,5,4,0.11764705882352941,1.0,4,1.0,38.31,50.04145,0,10,4,48,0.5,0,0.6480000000000001,0.648,0.0538014667406808
0.0625,1.6676253992832057,0.17841649898287146,3.505288248363229,0.8958333333333334,25.75,4.270049707973469,0.13638704352555267,7036.233249565303,17,17,geolife,geolife_dfbsp_tau_0.5,dfbsp,0.1,adaptive,8,0.015625,32,3,2,2,0.6666666666666666,0.5555555555555556,0.5625,0.3125,2,1,1,1,0,0,0.0625,0.6666666666666666,2,1.0,40.066,50.364,0,18,17,41,0.5,0,0.6480000000000001,0.648,0.0538014667406808
0.0,1.9493881771309998,0.3056490995472362,3.584966179122707,0.75,14.770833333333334,3.259103807173819,0.30564909954723624,8252.886259469926,18,18,geolife,geolife_dfbsp_tau_0.5,dfbsp,0.1,adaptive,8,0.015625,39,2,2,5,1.0,1.0,0.07291666666666666,0.07291666666666666,0,0,1,1,1,1,0.05128205128205128,1.0,2,1.0,36.295,44.644099999999995,0,13,11,48,0.5,0,0.6480000000000001,0.648,0.0538014667406808
0.4375,0.6605875819270702,0.35804053911962413,1.4273362671593137,1.0,10.4375,2.7637920435600063,0.20139657607512726,2767.9786494561863,19,19,geolife,geolife_dfbsp_tau_0.5,dfbsp,0.1,adaptive,8,0.015625,35,5,4,12,0.8,0.6972972972972973,0.1376488095238095,0.09598214285714285,0,0,1,0,4,4,0.11428571428571428,1.0,4,1.0,36.272999999999996,46.213699999999996,0,14,4,46,0.5,0,0.6480000000000001,0.648,0.0538014667406808
0.08333333333333333,1.9022133455454593,0.20333960280981103,3.52582655994316,0.8958333333333334,22.8125,4.102964234298894,0.12000626947647774,8012.803222400203,22,22,geolife,geolife_dfbsp_tau_0.5,dfbsp,0.1,adaptive,8,0.015625,34,3,2,3,0.6666666666666666,0.09433962264150941,1.1041666666666667,0.10416666666666666,1,0,2,2,0,0,0.058823529411764705,1.0,2,1.0,36.298500000000004,48.07235,0,19,16,42,0.5,0,0.6480000000000001,0.648,0.0538014667406808
0.125,1.5846769812967911,0.24718607975135679,2.1679961365738154,1.0,15.145833333333334,3.493857750875364,0.141777546227807,6754.283356523149,23,23,geolife,geolife_dfbsp_tau_0.5,dfbsp,0.1,adaptive,8,0.015625,36,2,1,6,0.5,0.020408163265306124,1.0208333333333333,0.020833333333333332,1,0,0,0,1,1,0.027777777777777776,1.0,1,1.0,35.837500000000006,47.93149999999999,0,11,5,47,0.5,0,0.6480000000000001,0.648,0.0538014667406808
0.5625,0.5898689270621826,0.19278639823696833,1.8658301645713886,1.0,17.1875,3.664864064153426,0.4025828106621269,2500.3167062830735,24,24,geolife,geolife_dfbsp_tau_0.5,dfbsp,0.1,adaptive,8,0.015625,30,4,3,7,0.75,0.5757575757575758,0.0982142857142857,0.05654761904761905,0,0,1,0,3,3,0.1,1.0,3,1.0,38.721000000000004,63.857600000000005,0,18,12,39,0.5,0,0.6480000000000001,0.648,0.0538014667406808
0.3541666666666667,0.7578792416923071,0.26186861682443136,1.4514774223169413,1.0,14.479166666666666,3.2160178555711405,0.19373104741095482,3209.7911656191227,27,27,geolife,geolife_dfbsp_tau_0.5,dfbsp,0.1,adaptive,8,0.015625,35,2,2,7,1.0,1.0,0.041666666666666664,0.041666666666666664,0,0,0,0,2,2,0.05714285714285714,1.0,2,1.0,37.453,50.090399999999995,0,21,14,48,0.5,0,0.6480000000000001,0.648,0.0538014667406808
0.3958333333333333,1.0532572747105011,0.2723530498427201,1.810550539844183,1.0,15.0,3.341078163677766,0.2064937379471314,4473.497295611806,28,28,geolife,geolife_dfbsp_tau_0.5,dfbsp,0.1,adaptive,8,0.015625,34,3,2,6,0.6666666666666666,0.40677966101694923,0.10535714285714284,0.04285714285714286,0,0,1,0,2,2,0.058823529411764705,1.0,2,1.0,36.598,44.72045,0,17,12,48,0.5,0,0.6480000000000001,0.648,0.0538014667406808
0.25,0.8960159794217737,0.2511458037234649,2.7066272094001484,0.8958333333333334,13.291666666666666,3.402998588761142,0.04813522510801149,3803.339641898465,29,29,geolife,geolife_dfbsp_tau_0.5,dfbsp,0.1,adaptive,8,0.015625,38,5,5,8,1.0,1.0,0.19910714285714284,0.19910714285714284,0,0,2,2,3,3,0.13157894736842105,1.0,5,1.0,37.254999999999995,41.89465,0,17,9,47,0.5,0,0.6480000000000001,0.648,0.0538014667406808
0.6458333333333334,0.4511844635310913,0.3068546969359987,1.399876262025697,1.0,11.729166666666666,3.0460164735685855,0.3431221733728078,1888.945488725217,32,32,geolife,geolife_dfbsp_tau_0.5,dfbsp,0.1,adaptive,8,0.015625,36,6,5,8,0.8333333333333334,0.8648068669527897,0.4623015873015873,0.3998015873015873,1,1,3,2,2,2,0.1388888888888889,1.0,5,1.0,37.326,50.21804999999999,0,12,7,47,0.5,0,0.6480000000000001,0.648,0.0538014667406808
0.8125,0.20833333333333334,0.26595514318660013,1.4662597498116794,1.0,9.625,2.920515582119925,0.5637139690696218,873.5384969760912,33,33,geolife,geolife_dfbsp_tau_0.5,dfbsp,0.1,adaptive,8,0.015625,37,4,2,7,0.5,0.3125,0.4,0.125,1,0,2,2,1,0,0.05405405405405406,1.0,2,1.0,37.518,46.76669999999999,0,11,4,48,0.5,0,0.6480000000000001,0.648,0.0538014667406808
0.041666666666666664,1.7865997481151819,0.2886975026617738,2.1682649075467957,0.9583333333333334,8.645833333333334,2.7398338149802246,0.24703083599510708,7481.130817009562,34,34,geolife,geolife_dfbsp_tau_0.5,dfbsp,0.1,adaptive,8,0.015625,29,6,4,15,0.6666666666666666,0.12587412587412586,1.1916666666666667,0.15,1,0,3,2,2,2,0.13793103448275862,1.0,4,1.0,36.333,46.2146,0,18,3,48,0.5,0,0.6480000000000001,0.648,0.0538014667406808
0.0625,1.4303858406099517,0.12723533416879185,2.7185829674772197,1.0,21.5625,4.2632832088528785,0.06473533416879182,6013.7575403317105,37,37,geolife,geolife_dfbsp_tau_0.5,dfbsp,0.1,adaptive,8,0.015625,40,5,3,4,0.6,0.2612137203166227,0.3759920634920635,0.09821428571428571,1,0,1,1,3,2,0.075,1.0,3,1.0,36.1595,46.34895,0,12,8,35,0.5,0,0.6480000000000001,0.648,0.0538014667406808
0.16666666666666666,1.344266896873182,0.24367934808632408,3.1401765794762917,0.9583333333333334,21.666666666666668,3.8064280809116173,0.1717655076664706,5697.705917821365,38,38,geolife,geolife_dfbsp_tau_0.5,dfbsp,0.1,adaptive,8,0.015625,33,3,2,5,0.6666666666666666,0.6,0.15625,0.09375,0,0,2,1,1,1,0.06060606060606061,1.0,2,1.0,37.8425,46.35875,0,17,12,42,0.5,0,0.6480000000000001,0.648,0.0538014667406808
0.7291666666666666,0.305351130197758,0.1815317550980248,2.0404060161069117,1.0,18.4375,3.8120516915180684,0.5608087309579775,1280.164238725217,39,39,geolife,geolife_dfbsp_tau_0.5,dfbsp,0.1,adaptive,8,0.015625,41,2,2,3,1.0,1.0,0.26785714285714285,0.26785714285714285,1,1,0,0,1,1,0.04878048780487805,1.0,2,1.0,36.925,41.972199999999994,0,8,5,38,0.5,0,0.6480000000000001,0.648,0.0538014667406808
0.6666666666666666,0.3333333333333333,0.34608542071061366,1.1483218272187719,1.0,8.354166666666666,2.593354030565155,0.320581245956053,1412.680483368501,42,42,geolife,geolife_dfbsp_tau_0.5,dfbsp,0.1,adaptive,8,0.015625,30,2,2,13,1.0,1.0,0.07291666666666666,0.07291666666666666,0,0,1,1,1,1,0.06666666666666667,1.0,2,1.0,36.137,46.299299999999995,0,17,4,48,0.5,0,0.6480000000000001,0.648,0.0538014667406808
0.625,0.375,0.34580888329478604,1.755042274860733,0.9791666666666666,14.0625,3.221013450409392,0.3054149002743479,1576.9904909282734,43,43,geolife,geolife_dfbsp_tau_0.5,dfbsp,0.1,adaptive,8,0.015625,28,3,1,5,0.3333333333333333,0.14285714285714285,0.14583333333333334,0.020833333333333332,0,0,2,0,1,1,0.03571428571428571,0.5,1,1.0,36.199,48.3117,0,24,20,48,0.5,0,0.6480000000000001,0.648,0.0538014667406808
1.0,0.0,0.28826134933548286,1.277572158021164,1.0,8.895833333333334,2.8060653684183356,0.711738650664517,0.0,44,44,geolife,geolife_dfbsp_tau_0.5,dfbsp,0.1,adaptive,8,0.015625,39,1,1,7,1.0,1.0,0.0625,0.0625,0,0,1,1,0,0,0.02564102564102564,1.0,1,1.0,36.973,44.27154999999999,0,7,0,48,0.5,0,0.6480000000000001,0.648,0.0538014667406808
0.5625,0.5237944921610617,0.20469254867184603,1.9428775555582023,1.0,14.645833333333334,3.4635743096995353,0.357807451328154,2206.04646727718,52,52,geolife,geolife_dfbsp_tau_0.5,dfbsp,0.1,adaptive,8,0.015625,35,0,0,7,nan,nan,0.0,0.0,0,0,0,0,0,0,0.0,nan,0,1.0,38.592,54.34005,0,10,5,47,0.5,0,0.6480000000000001,0.648,0.0538014667406808
0.3125,1.137706107744514,0.13113196758960377,2.9985940385235694,0.9583333333333334,25.083333333333332,4.434797244727379,0.18980240281729754,4803.896347337297,54,54,geolife,geolife_dfbsp_tau_0.5,dfbsp,0.1,adaptive,8,0.015625,38,3,3,4,1.0,1.0,0.07083333333333333,0.07083333333333333,0,0,0,0,3,3,0.07894736842105263,1.0,3,1.0,35.672,43.056999999999995,0,12,10,32,0.5,0,0.6480000000000001,0.648,0.0538014667406808
0.4791666666666667,0.6655056647916492,0.3728643174005389,2.1609807698479857,0.9166666666666666,7.541666666666667,2.510587026800525,0.14875173005078368,2836.2475811666313,58,58,geolife,geolife_dfbsp_tau_0.5,dfbsp,0.1,adaptive,8,0.015625,35,8,8,11,1.0,1.0,0.3590277777777778,0.3590277777777778,1,1,2,2,5,5,0.22857142857142856,1.0,8,1.0,36.921,44.7482,0,14,11,48,0.5,0,0.6480000000000001,0.648,0.0538014667406808
0.8333333333333334,0.17529611588277283,0.3408264592623896,1.4968160597117413,0.9791666666666666,9.375,2.7073656622792703,0.49250687407094373,746.6211115976234,62,62,geolife,geolife_dfbsp_tau_0.5,dfbsp,0.1,adaptive,8,0.015625,35,4,4,9,1.0,1.0,0.32410714285714287,0.32410714285714287,1,1,0,0,3,3,0.11428571428571428,1.0,4,1.0,36.304,41.4693,0,16,10,48,0.5,0,0.6480000000000001,0.648,0.0538014667406808
0.7916666666666666,0.20833333333333334,0.24432301890054153,1.7781136978861622,0.9791666666666666,14.458333333333334,3.4994443109820863,0.5980619771998411,869.6875,64,64,geolife,geolife_dfbsp_tau_0.5,dfbsp,0.1,adaptive,8,0.015625,35,4,2,5,0.5,0.49218749999999994,0.17777777777777778,0.0875,0,0,2,1,2,1,0.05714285714285714,1.0,2,1.0,36.3585,45.420249999999996,0,21,16,48,0.5,0,0.6480000000000001,0.648,0.0538014667406808
0.25,0.875,0.24636344659060236,1.606187367020053,1.0,9.458333333333334,2.8612144508468895,0.13418888391773243,3723.930944057689,67,67,geolife,geolife_dfbsp_tau_0.5,dfbsp,0.1,adaptive,8,0.015625,37,5,5,10,1.0,1.0,0.5647321428571429,0.5647321428571429,2,2,0,0,3,3,0.13513513513513514,1.0,5,1.0,38.141999999999996,45.9152,0,9,1,48,0.5,0,0.6480000000000001,0.648,0.0538014667406808
0.4583333333333333,0.614276695296637,0.35513818805755526,1.278547393260179,1.0,8.125,2.598301998001693,0.20276569722227675,2576.362980063917,68,68,geolife,geolife_dfbsp_tau_0.5,dfbsp,0.1,adaptive,8,0.015625,33,6,4,12,0.6666666666666666,0.5231143552311436,0.18348214285714284,0.09598214285714285,0,0,1,0,5,4,0.12121212121212122,1.0,4,1.0,36.22,43.0395,0,13,5,48,0.5,0,0.6480000000000001,0.648,0.0538014667406808
0.0,1.530989076601337,0.22014283157604064,2.538745562734317,1.0,16.0,3.607170005594757,0.22014283157604062,6455.254881091757,69,69,geolife,geolife_dfbsp_tau_0.5,dfbsp,0.1,adaptive,8,0.015625,37,2,1,5,0.5,0.75,0.08333333333333333,0.0625,0,0,1,1,1,0,0.02702702702702703,0.5,1,1.0,35.6725,44.59595,0,10,5,46,0.5,0,0.6480000000000001,0.648,0.0538014667406808
0.125,1.4483261910449292,0.20086207011652613,3.863480994458977,0.6666666666666666,17.020833333333332,3.7538780926306337,0.14371477928161236,6110.72547696306,73,73,geolife,geolife_dfbsp_tau_0.5,dfbsp,0.1,adaptive,8,0.015625,31,3,1,6,0.3333333333333333,0.16,0.11160714285714285,0.017857142857142856,0,0,1,0,2,1,0.03225806451612903,0.5,1,1.0,36.5165,48.282149999999994,0,12,7,46,0.5,0,0.6480000000000001,0.648,0.0538014667406808
0.4375,0.803166057898129,0.31174302160738687,1.8921878948193351,1.0,11.145833333333334,2.8366855025709055,0.15023779533079018,3368.480523204675,74,74,geolife,geolife_dfbsp_tau_0.5,dfbsp,0.1,adaptive,8,0.015625,38,3,2,6,0.6666666666666666,0.8955223880597015,0.29910714285714285,0.26785714285714285,1,1,0,0,2,1,0.05263157894736842,0.6666666666666666,2,1.0,36.16,45.59795,0,8,4,48,0.5,0,0.6480000000000001,0.648,0.0538014667406808
0.2708333333333333,1.658023140396115,0.20991783996515587,3.955657991169638,0.625,15.9375,3.6164732047745303,0.09945698756753658,7061.549532667788,78,78,geolife,geolife_dfbsp_tau_0.5,dfbsp,0.1,adaptive,8,0.015625,30,4,3,6,0.75,0.06250000000000001,1.0666666666666664,0.06666666666666667,1,0,0,0,3,3,0.1,0.75,3,1.0,37.5965,53.1147,0,15,10,38,0.5,0,0.6480000000000001,0.648,0.0538014667406808
0.75,0.31026921306233685,0.35068171923562114,1.312618604294676,1.0,10.625,2.810329914233213,0.3993182807643789,1309.2654709539058,79,79,geolife,geolife_dfbsp_tau_0.5,dfbsp,0.1,adaptive,8,0.015625,33,0,0,7,nan,nan,0.0,0.0,0,0,0,0,0,0,0.0,nan,0,1.0,36.492,46.6372,0,12,11,48,0.5,0,0.6480000000000001,0.648,0.0538014667406808
0.8958333333333334,0.20717233145831582,0.2957490320522623,1.2959467070177697,1.0,9.770833333333334,2.8917576675996,0.6205477905814606,880.5741144296276,82,82,geolife,geolife_dfbsp_tau_0.5,dfbsp,0.1,adaptive,8,0.015625,37,4,4,11,1.0,1.0,0.09583333333333333,0.09583333333333333,0,0,0,0,4,4,0.10810810810810811,1.0,4,1.0,37.8835,45.14619999999999,0,15,4,48,0.5,0,0.6480000000000001,0.648,0.0538014667406808
0.4791666666666667,1.0225261177911245,0.1753867162083709,2.3610829538842495,0.9583333333333334,18.833333333333332,3.93655679023234,0.31189574244314605,4324.36401203603,83,83,geolife,geolife_dfbsp_tau_0.5,dfbsp,0.1,adaptive,8,0.015625,38,5,4,7,0.8,0.6648044692737429,0.18645833333333334,0.12395833333333332,0,0,2,1,3,3,0.10526315789473684,1.0,4,1.0,36.6215,44.841499999999996,0,18,13,46,0.5,0,0.6480000000000001,0.648,0.0538014667406808
0.14583333333333334,1.8400949025070161,0.22720104480578238,2.266821059643357,1.0,14.4375,3.4224498974621755,0.22572919408285372,7842.637077883067,84,84,geolife,geolife_dfbsp_tau_0.5,dfbsp,0.1,adaptive,8,0.015625,38,4,4,8,1.0,1.0,0.09077380952380952,0.09077380952380952,0,0,0,0,4,4,0.10526315789473684,1.0,4,1.0,37.2475,41.15255,0,14,6,48,0.5,0,0.6480000000000001,0.648,0.0538014667406808
0.3333333333333333,1.0185915421698308,0.2588257470036384,2.1965425898326383,1.0,15.145833333333334,3.4906596143888877,0.18247136125508967,4305.273901221289,89,89,geolife,geolife_dfbsp_tau_0.5,dfbsp,0.1,adaptive,8,0.015625,33,3,2,5,0.6666666666666666,0.8709677419354839,0.3229166666666667,0.28125,1,1,1,0,1,1,0.06060606060606061,0.6666666666666666,2,1.0,36.7795,40.74445,0,14,10,43,0.5,0,0.6480000000000001,0.648,0.0538014667406808
0.75,0.25,0.2640631849484095,1.5375584047726418,1.0,11.3125,3.107816645995688,0.48593681505159053,1043.625,102,102,geolife,geolife_dfbsp_tau_0.5,dfbsp,0.1,adaptive,8,0.015625,32,5,4,11,0.8,0.3703148425787106,0.39702380952380956,0.14702380952380953,1,0,2,2,2,2,0.125,1.0,4,1.0,36.842,43.0094,0,18,7,48,0.5,0,0.6480000000000001,0.648,0.0538014667406808
0.08333333333333333,1.4005946491137713,0.23499769974867055,2.928135699609816,0.9583333333333334,19.875,3.823992102634902,0.21931028813494677,5925.774358933249,103,103,geolife,geolife_dfbsp_tau_0.5,dfbsp,0.1,adaptive,8,0.015625,36,4,3,6,0.75,0.7407407407407408,0.08035714285714285,0.05952380952380952,0,0,0,0,4,3,0.08333333333333333,0.5,3,1.0,36.820499999999996,59.51434999999997,0,13,7,41,0.5,0,0.6480000000000001,0.648,0.0538014667406808
0.5208333333333334,0.4791666666666667,0.2621972843524156,1.7370370729457922,1.0,18.25,3.5806468383654786,0.42246291869643593,2044.567715225049,104,104,geolife,geolife_dfbsp_tau_0.5,dfbsp,0.1,adaptive,8,0.015625,41,3,2,4,0.6666666666666666,0.0541871921182266,1.0572916666666667,0.057291666666666664,1,0,1,1,1,1,0.04878048780487805,1.0,2,1.0,36.577,44.8596,0,14,12,45,0.5,0,0.6480000000000001,0.648,0.0538014667406808
0.8541666666666666,0.14583333333333334,0.3363476445481682,1.287463378004836,1.0,11.729166666666666,2.776910406798447,0.5336666310042288,608.78125,112,112,geolife,geolife_dfbsp_tau_0.5,dfbsp,0.1,adaptive,8,0.015625,36,4,3,11,0.75,0.7366771159874609,0.09494047619047619,0.06994047619047619,0,0,0,0,4,3,0.08333333333333333,1.0,3,1.0,36.7975,48.673899999999996,0,15,8,44,0.5,0,0.6480000000000001,0.648,0.0538014667406808
0.0,1.0380922317655457,0.34239025238290305,2.270893176328921,0.9583333333333334,6.354166666666667,2.2962089673788486,0.342390252382903,4336.253994362609,113,113,geolife,geolife_dfbsp_tau_0.5,dfbsp,0.1,adaptive,8,0.015625,36,7,3,12,0.42857142857142855,0.11899959661153693,2.5822916666666664,0.3072916666666667,4,1,1,1,2,1,0.08333333333333333,1.0,3,1.0,36.861000000000004,50.0336,0,11,0,48,0.5,0,0.6480000000000001,0.648,0.0538014667406808
0.125,1.495489638658033,0.21359499796744041,3.4350167365447075,0.9166666666666666,20.291666666666668,3.7643953065120432,0.1923907263774217,6368.192458895613,119,119,geolife,geolife_dfbsp_tau_0.5,dfbsp,0.1,adaptive,8,0.015625,35,1,1,6,1.0,1.0,0.017857142857142856,0.017857142857142856,0,0,0,0,1,1,0.02857142857142857,1.0,1,1.0,36.586,46.599599999999995,0,16,11,48,0.5,0,0.6480000000000001,0.648,0.0538014667406808
0.0,1.0,0.3287015559289782,1.6601736993876186,1.0,5.875,2.3146285447499375,0.32870155592897826,4266.923927426191,122,122,geolife,geolife_dfbsp_tau_0.5,dfbsp,0.1,adaptive,8,0.015625,34,5,5,17,1.0,1.0,0.32440476190476186,0.32440476190476186,1,1,0,0,4,4,0.14705882352941177,1.0,5,1.0,37.6595,46.33074999999999,0,15,0,48,0.5,0,0.6480000000000001,0.648,0.0538014667406808
0.0625,1.24135071515016,0.22275410279932106,1.94137332000585,1.0,14.5,3.4172129839565897,0.160254102799321,5213.873664541708,128,128,geolife,geolife_dfbsp_tau_0.5,dfbsp,0.1,adaptive,8,0.015625,41,4,3,6,0.75,0.6440677966101694,0.08779761904761904,0.05654761904761904,0,0,0,0,4,3,0.07317073170731707,1.0,3,1.0,37.64,50.174049999999994,0,12,6,48,0.5,0,0.6480000000000001,0.648,0.0538014667406808
0.75,0.41550566479164913,0.21850111972592154,1.8129854209825798,1.0,17.416666666666668,3.7276171815993826,0.5314988802740784,1759.8891068698558,138,138,geolife,geolife_dfbsp_tau_0.5,dfbsp,0.1,adaptive,8,0.015625,37,3,1,4,0.3333333333333333,0.047619047619047616,1.3125,0.0625,2,0,1,1,0,0,0.02702702702702703,1.0,1,1.0,38.025,50.627399999999994,0,20,16,48,0.5,0,0.6480000000000001,0.648,0.0538014667406808
0.08333333333333333,1.0885709937367587,0.3124696568046648,2.046331389776731,1.0,12.625,3.1896143723101726,0.2291363234713315,4566.981043217328,142,142,geolife,geolife_dfbsp_tau_0.5,dfbsp,0.1,adaptive,8,0.015625,37,3,2,6,0.6666666666666666,0.09433962264150941,1.1041666666666667,0.10416666666666666,1,0,2,2,0,0,0.05405405405405406,1.0,2,1.0,36.38849999999999,41.797650000000004,0,13,9,48,0.5,0,0.6480000000000001,0.648,0.0538014667406808
0.0,1.5712010428584398,0.22143473269245642,2.6913716424219527,0.9791666666666666,18.291666666666668,3.6276010066534763,0.2214347326924564,6641.789123457708,147,147,geolife,geolife_dfbsp_tau_0.5,dfbsp,0.1,adaptive,8,0.015625,35,0,0,3,nan,nan,0.0,0.0,0,0,0,0,0,0,0.0,nan,0,1.0,36.438,45.13779999999999,0,10,7,39,0.5,0,0.6480000000000001,0.648,0.0538014667406808
1.0,0.0,0.29251580674736577,1.2590800257003056,1.0,8.895833333333334,2.746018303453576,0.7074841932526342,0.0,159,159,geolife,geolife_dfbsp_tau_0.5,dfbsp,0.1,adaptive,8,0.015625,33,2,1,10,0.5,0.020408163265306124,1.0208333333333333,0.020833333333333332,1,0,0,0,1,1,0.030303030303030304,1.0,1,1.0,36.6525,47.09579999999999,0,14,4,48,0.5,0,0.6480000000000001,0.648,0.0538014667406808
0.8541666666666666,0.1544627825494395,0.32272681396638797,1.4046100591470807,1.0,10.104166666666666,2.8563711501584184,0.5314398527002787,657.726863109578,167,167,geolife,geolife_dfbsp_tau_0.5,dfbsp,0.1,adaptive,8,0.015625,36,4,4,8,1.0,1.0,0.34375,0.34375,1,1,1,1,2,2,0.1111111111111111,1.0,4,1.0,39.044,49.346199999999996,0,7,3,46,0.5,0,0.6480000000000001,0.648,0.0538014667406808
0.0,1.589986022878854,0.36337813576069605,3.4456131565655603,0.7708333333333334,12.770833333333334,3.018346544457691,0.363378135760696,6700.214880345217,168,168,geolife,geolife_dfbsp_tau_0.5,dfbsp,0.1,adaptive,8,0.015625,42,4,3,5,0.75,0.5714285714285714,0.5833333333333334,0.3333333333333333,2,1,1,1,1,1,0.07142857142857142,1.0,3,1.0,37.3765,44.26175,0,11,10,48,0.5,0,0.6480000000000001,0.648,0.0538014667406808
0.20833333333333334,1.199547117033087,0.24013981443051394,2.7870376164489845,0.8125,16.083333333333332,3.381384353299912,0.08705049508965425,5056.6967305964445,169,169,geolife,geolife_dfbsp_tau_0.5,dfbsp,0.1,adaptive,8,0.015625,34,2,1,7,0.5,0.3333333333333333,0.0625,0.020833333333333332,0,0,1,0,1,1,0.029411764705882353,0.5,1,1.0,36.962500000000006,44.375499999999995,0,15,10,48,0.5,0,0.6480000000000001,0.648,0.0538014667406808
0.8541666666666666,0.14583333333333334,0.23227380723605492,1.532308937349755,1.0,11.25,3.191586949561779,0.6218928594306117,608.78125,174,174,geolife,geolife_dfbsp_tau_0.5,dfbsp,0.1,adaptive,8,0.015625,39,5,3,8,0.6,0.1044776119402985,1.3958333333333333,0.14583333333333331,2,0,2,2,1,1,0.07692307692307693,1.0,3,1.0,35.6395,41.762950000000004,0,9,1,48,0.5,0,0.6480000000000001,0.648,0.0538014667406808
0.0,1.414213562373094,0.2927574364777995,1.9776687092062202,1.0,8.9375,2.7993138851357418,0.2927574364777995,5969.345864702605,177,177,geolife,geolife_dfbsp_tau_0.5,dfbsp,0.1,adaptive,8,0.015625,34,5,4,13,0.8,0.8448275862068965,0.16111111111111112,0.1361111111111111,0,0,1,1,4,3,0.11764705882352941,1.0,4,1.0,37.602500000000006,44.34309999999999,0,13,0,48,0.5,0,0.6480000000000001,0.648,0.0538014667406808
0.4375,1.179282318238833,0.24048707749835133,1.9217219656931863,1.0,18.041666666666668,3.634018185085742,0.23209196727025194,4927.736495888689,179,179,geolife,geolife_dfbsp_tau_0.5,dfbsp,0.1,adaptive,8,0.015625,36,2,2,8,1.0,1.0,0.033482142857142856,0.033482142857142856,0,0,0,0,2,2,0.05555555555555555,1.0,2,1.0,36.844,43.985549999999996,0,18,13,42,0.5,0,0.6480000000000001,0.648,0.0538014667406808
0.0625,1.3769172527693818,0.21881058415230073,1.8289176225193506,1.0,11.6875,3.1185038884377665,0.15631058415230073,5801.568089909485,2,2,geolife,geolife_data_rdfbsp_tau_0.5,rdfbsp,0.1,adaptive,8,0.015625,35,6,4,10,0.6666666666666666,0.09580193756727663,1.3824404761904763,0.1324404761904762,2,0,1,1,3,3,0.11428571428571428,0.5,4,1.0,195.2405,220.2697,0,9,0,44,0.5,6,0.6480000000000001,0.648,0.0538014667406808
0.0,2.269811661955822,0.17307615485892616,2.467917520869798,1.0,15.520833333333334,3.6733122312376207,0.17307615485892616,9496.637807682519,3,3,geolife,geolife_data_rdfbsp_tau_0.5,rdfbsp,0.1,adaptive,8,0.015625,40,4,3,6,0.75,0.5945945945945947,0.15416666666666665,0.09166666666666667,0,0,2,1,2,2,0.075,1.0,3,1.0,199.75,236.9174,0,6,0,44,0.5,6,0.6480000000000001,0.648,0.0538014667406808
0.0,1.0345177968644246,0.2893413343779922,1.4647393576852386,1.0,7.8125,2.6172322283154728,0.2893413343779922,4376.058947902451,4,4,geolife,geolife_data_rdfbsp_tau_0.5,rdfbsp,0.1,adaptive,8,0.015625,31,3,3,16,1.0,1.0,0.14583333333333334,0.14583333333333334,0,0,2,2,1,1,0.0967741935483871,1.0,3,1.0,195.39249999999998,250.53515,0,15,0,48,0.5,6,0.6480000000000001,0.648,0.0538014667406808
0.4791666666666667,0.6446723314583158,0.22728124739334446,2.331856247215468,0.9375,11.979166666666666,3.2455689716116023,0.2911352971569983,2721.6164319386635,7,7,geolife,geolife_data_rdfbsp_tau_0.5,rdfbsp,0.1,adaptive,8,0.015625,40,5,5,10,1.0,1.0,0.2261904761904762,0.2261904761904762,0,0,3,3,2,2,0.125,1.0,5,1.0,200.125,229.1828,0,10,0,47,0.5,6,0.6480000000000001,0.648,0.0538014667406808
0.0,1.7781294512648556,0.1311148787235163,3.243848528845573,0.9375,17.25,3.9395356085758375,0.13111487872351626,7492.9714650319,8,8,geolife,geolife_data_rdfbsp_tau_0.5,rdfbsp,0.1,adaptive,8,0.015625,42,6,3,5,0.5,0.16097560975609757,0.35590277777777773,0.057291666666666664,1,0,0,0,5,3,0.07142857142857142,1.0,3,1.0,206.2735,375.5191499999998,0,3,0,30,0.5,6,0.6480000000000001,0.648,0.0538014667406808
0.0,1.0,0.3152039711700242,1.4686753188422532,1.0,6.666666666666667,2.4667161542117806,0.31520397117002413,4174.5,9,9,geolife,geolife_data_rdfbsp_tau_0.5,rdfbsp,0.1,adaptive,8,0.015625,35,5,3,12,0.6,0.3684210526315789,0.7916666666666667,0.2916666666666667,3,1,0,0,2,2,0.08571428571428572,1.0,3,1.0,198.0045,232.4685,0,12,0,48,0.5,6,0.6480000000000001,0.648,0.0538014667406808
0.1875,2.36135246987218,0.22860283634256115,4.859424862849447,0.3541666666666667,13.020833333333334,3.2147552334682667,0.12438742568949844,10029.006648411454,12,12,geolife,geolife_data_rdfbsp_tau_0.5,rdfbsp,0.1,adaptive,8,0.015625,37,5,2,5,0.4,0.19672131147540983,1.3616071428571428,0.26785714285714285,2,1,1,0,2,1,0.05405405405405406,0.3333333333333333,2,1.0,206.827,228.0761,0,5,0,40,0.5,6,0.6480000000000001,0.648,0.0538014667406808
0.0625,1.2466539258253537,0.19761163149428598,2.0810102276862605,1.0,14.604166666666666,3.5057962894594183,0.15264711142571596,5303.999952524634,14,14,geolife,geolife_data_rdfbsp_tau_0.5,rdfbsp,0.1,adaptive,8,0.015625,34,6,4,9,0.6666666666666666,0.21461963450913724,0.35014880952380956,0.07514880952380952,1,0,0,0,5,4,0.11764705882352941,1.0,4,1.0,201.8795,283.1065999999999,0,7,0,40,0.5,6,0.6480000000000001,0.648,0.0538014667406808
0.0,2.2090339418367404,0.12546464695141293,2.9449635595969554,1.0,23.645833333333332,4.312773414920367,0.125464646951413,9300.159689710466,17,17,geolife,geolife_data_rdfbsp_tau_0.5,rdfbsp,0.1,adaptive,8,0.015625,32,3,1,3,0.3333333333333333,0.4444444444444444,0.5625,0.25,2,1,1,0,0,0,0.03125,0.3333333333333333,1,1.0,200.78300000000002,265.89390000000003,0,3,0,22,0.5,6,0.6480000000000001,0.648,0.0538014667406808
0.0,3.1358791325284874,0.0988365769964031,5.073347997077299,0.375,27.354166666666668,4.66617153511982,0.0988365769964031,13332.034884146698,18,18,geolife,geolife_data_rdfbsp_tau_0.5,rdfbsp,0.1,adaptive,8,0.015625,39,2,0,1,0.0,0.0,0.07291666666666666,0.0,0,0,1,0,1,0,0.0,0.0,0,1.0,198.89249999999998,236.68759999999997,0,1,0,13,0.5,6,0.6480000000000001,0.648,0.0538014667406808
0.10416666666666667,1.3536448198693414,0.11579735023262316,2.6994359051705756,1.0,16.604166666666668,3.949645951222177,0.023555738207939034,5740.562292422609,19,19,geolife,geolife_data_rdfbsp_tau_0.5,rdfbsp,0.1,adaptive,8,0.015625,35,5,2,9,0.4,0.24324324324324326,0.1376488095238095,0.033482142857142856,0,0,1,0,4,2,0.05714285714285714,1.0,2,1.0,202.9275,232.40259999999998,0,8,0,39,0.5,6,0.6480000000000001,0.648,0.0538014667406808
0.7083333333333334,0.4400503644765097,0.1848650420875428,2.0936146431174034,1.0,19.854166666666668,3.6846268589552706,0.5234682912457905,1848.7150216374912,22,22,geolife,geolife_data_rdfbsp_tau_0.5,rdfbsp,0.1,adaptive,8,0.015625,34,3,1,7,0.3333333333333333,0.056603773584905655,1.1041666666666667,0.0625,1,0,2,1,0,0,0.029411764705882353,0.5,1,1.0,202.8355,257.3855,0,7,0,30,0.5,6,0.6480000000000001,0.648,0.0538014667406808
0.08333333333333333,1.3333333333333333,0.14797403317009664,2.1691205466564156,1.0,20.791666666666668,3.9117658945847666,0.09327002288727033,5677.678912306645,23,23,geolife,geolife_data_rdfbsp_tau_0.5,rdfbsp,0.1,adaptive,8,0.015625,36,2,1,5,0.5,0.020408163265306124,1.0208333333333333,0.020833333333333332,1,0,0,0,1,1,0.027777777777777776,1.0,1,1.0,202.25650000000002,222.77564999999998,0,5,0,23,0.5,6,0.6480000000000001,0.648,0.0538014667406808
0.5208333333333334,0.4791666666666667,0.25269519298983956,1.5970243059531237,1.0,10.645833333333334,3.018007718383424,0.32541182029067317,2029.1637273206834,24,24,geolife,geolife_data_rdfbsp_tau_0.5,rdfbsp,0.1,adaptive,8,0.015625,30,4,4,12,1.0,1.0,0.0982142857142857,0.0982142857142857,0,0,1,1,3,3,0.13333333333333333,1.0,4,1.0,204.14249999999998,237.52785,0,12,0,48,0.5,6,0.6480000000000001,0.648,0.0538014667406808
0.125,1.8412582896636736,0.12192737362479232,3.13480939933523,0.7708333333333334,16.791666666666668,3.9719433818115983,0.038244935477411965,7718.213006983602,27,27,geolife,geolife_data_rdfbsp_tau_0.5,rdfbsp,0.1,adaptive,8,0.015625,35,2,0,6,0.0,0.0,0.041666666666666664,0.0,0,0,0,0,2,0,0.0,0.0,0,1.0,206.04500000000002,250.2479,0,6,0,39,0.5,6,0.6480000000000001,0.648,0.0538014667406808
0.0625,1.334472005571853,0.1341659135884578,2.6572426754932934,1.0,21.770833333333332,4.1881483257021666,0.08665279496806337,5594.441170172134,28,28,geolife,geolife_data_rdfbsp_tau_0.5,rdfbsp,0.1,adaptive,8,0.015625,34,3,2,4,0.6666666666666666,0.7627118644067797,0.10535714285714284,0.08035714285714285,0,0,1,1,2,1,0.058823529411764705,1.0,2,1.0,206.7455,230.27745,0,4,0,27,0.5,6,0.6480000000000001,0.648,0.0538014667406808
0.0,1.337915655388952,0.20022236328452658,2.1867733972101053,0.9375,14.270833333333334,3.4804246727451567,0.20022236328452658,5605.226669177177,29,29,geolife,geolife_data_rdfbsp_tau_0.5,rdfbsp,0.1,adaptive,8,0.015625,38,5,3,7,0.6,0.5605381165919282,0.19910714285714284,0.11160714285714285,0,0,2,1,3,2,0.07894736842105263,1.0,3,1.0,202.687,223.6126,0,7,0,43,0.5,6,0.6480000000000001,0.648,0.0538014667406808
0.10416666666666667,1.389780127598036,0.1528043469313833,2.1622945457908576,1.0,16.145833333333332,3.71314786609849,0.13231854431641063,5859.393156492486,32,32,geolife,geolife_data_rdfbsp_tau_0.5,rdfbsp,0.1,adaptive,8,0.015625,36,6,3,6,0.5,0.23390557939914164,0.4623015873015873,0.10813492063492064,1,0,3,1,2,2,0.08333333333333333,1.0,3,1.0,209.339,231.1628,0,5,0,35,0.5,6,0.6480000000000001,0.648,0.0538014667406808
0.375,0.7199239413771678,0.14216064508931672,2.106901720903778,1.0,14.770833333333334,3.742725756699454,0.26017037688342437,3022.3068424823937,33,33,geolife,geolife_data_rdfbsp_tau_0.5,rdfbsp,0.1,adaptive,8,0.015625,37,4,1,6,0.25,0.15625,0.4,0.0625,1,0,2,1,1,0,0.02702702702702703,1.0,1,1.0,205.4685,216.78215,0,6,0,41,0.5,6,0.6480000000000001,0.648,0.0538014667406808
0.041666666666666664,1.34394558559059,0.2680647771214191,1.82265036042713,1.0,9.229166666666666,2.8715143811786383,0.22639811045475244,5649.394472261833,34,34,geolife,geolife_data_rdfbsp_tau_0.5,rdfbsp,0.1,adaptive,8,0.015625,29,6,3,14,0.5,0.09090909090909091,1.1916666666666667,0.10833333333333334,1,0,3,1,2,2,0.10344827586206896,0.6666666666666666,3,1.0,200.2615,246.4491,0,13,0,46,0.5,6,0.6480000000000001,0.648,0.0538014667406808
0.0625,1.2870967471926997,0.16013595616938284,2.584763906122221,1.0,21.0625,4.050178977690215,0.13458843933197337,5418.321386812573,37,37,geolife,geolife_data_rdfbsp_tau_0.5,rdfbsp,0.1,adaptive,8,0.015625,40,5,4,5,0.8,0.33509234828496043,0.3759920634920635,0.1259920634920635,1,0,1,1,3,3,0.1,1.0,4,1.0,197.1895,223.13105,0,4,0,24,0.5,6,0.6480000000000001,0.648,0.0538014667406808
0.2916666666666667,1.076469109119994,0.15387604959704032,2.8811687987151053,0.9583333333333334,20.083333333333332,3.8750040314759553,0.2053239836966649,4538.322221179636,38,38,geolife,geolife_data_rdfbsp_tau_0.5,rdfbsp,0.1,adaptive,8,0.015625,33,3,2,6,0.6666666666666666,0.6,0.15625,0.09375,0,0,2,1,1,1,0.06060606060606061,1.0,2,1.0,198.748,227.4776,0,6,0,36,0.5,6,0.6480000000000001,0.648,0.0538014667406808
0.3541666666666667,1.2428047280127588,0.11526608268645173,3.0444233017816145,1.0,26.166666666666668,4.512552333330056,0.23890058398021496,5242.479919118417,39,39,geolife,geolife_data_rdfbsp_tau_0.5,rdfbsp,0.1,adaptive,8,0.015625,41,2,1,2,0.5,0.06666666666666667,0.26785714285714285,0.017857142857142856,1,0,0,0,1,1,0.024390243902439025,1.0,1,1.0,196.247,232.15959999999998,0,1,0,20,0.5,6,0.6480000000000001,0.648,0.0538014667406808
0.0,1.0,0.2972122040278193,1.524126897547793,1.0,7.895833333333333,2.592985087660041,0.2972122040278192,4174.5,42,42,geolife,geolife_data_rdfbsp_tau_0.5,rdfbsp,0.1,adaptive,8,0.015625,30,2,1,12,0.5,0.4285714285714286,0.07291666666666666,0.03125,0,0,1,0,1,1,0.03333333333333333,1.0,1,1.0,195.8465,212.09005,0,12,0,48,0.5,6,0.6480000000000001,0.648,0.0538014667406808
0.2916666666666667,0.926776695296637,0.19345515427516935,1.9469207899960697,1.0,13.645833333333334,3.3094560193554527,0.12712497534731018,3888.5962240161,43,43,geolife,geolife_data_rdfbsp_tau_0.5,rdfbsp,0.1,adaptive,8,0.015625,28,3,1,10,0.3333333333333333,0.42857142857142855,0.14583333333333334,0.0625,0,0,2,1,1,0,0.03571428571428571,0.5,1,1.0,205.148,235.9643,0,10,0,43,0.5,6,0.6480000000000001,0.648,0.0538014667406808
0.8958333333333334,0.10416666666666667,0.2868608845902859,1.2909728962037084,1.0,8.895833333333334,2.8069089180759748,0.6089724487430473,444.47124244022797,44,44,geolife,geolife_data_rdfbsp_tau_0.5,rdfbsp,0.1,adaptive,8,0.015625,39,1,1,7,1.0,1.0,0.0625,0.0625,0,0,1,1,0,0,0.02564102564102564,1.0,1,1.0,195.85950000000003,208.555,0,7,0,48,0.5,6,0.6480000000000001,0.648,0.0538014667406808
0.0,1.510880657047822,0.1976907378861356,2.4962144142074187,0.9583333333333334,15.083333333333334,3.5588287024657697,0.19769073788613553,6355.637172960337,52,52,geolife,geolife_data_rdfbsp_tau_0.5,rdfbsp,0.1,adaptive,8,0.015625,35,0,0,7,nan,nan,0.0,0.0,0,0,0,0,0,0,0.0,nan,0,1.0,205.60750000000002,240.4337,0,7,0,38,0.5,6,0.6480000000000001,0.648,0.0538014667406808
0.0,1.4174750783253192,0.17914123911498336,2.9341364137671526,0.9791666666666666,17.854166666666668,3.624594589198409,0.17914123911498336,5957.073560880129,54,54,geolife,geolife_data_rdfbsp_tau_0.5,rdfbsp,0.1,adaptive,8,0.015625,38,3,3,7,1.0,1.0,0.07083333333333333,0.07083333333333333,0,0,0,0,3,3,0.07894736842105263,1.0,3,1.0,207.343,242.24075,0,7,0,33,0.5,6,0.6480000000000001,0.648,0.0538014667406808
0.0,2.0867156031911547,0.1321075462525603,3.623101119955512,0.6875,18.0,4.0319490723159275,0.1321075462525603,8780.459742318691,58,58,geolife,geolife_data_rdfbsp_tau_0.5,rdfbsp,0.1,adaptive,8,0.015625,35,8,3,6,0.375,0.3094777562862669,0.3590277777777778,0.1111111111111111,1,0,2,1,5,2,0.08571428571428572,1.0,3,1.0,203.869,231.00390000000002,0,6,0,33,0.5,6,0.6480000000000001,0.648,0.0538014667406808
0.2708333333333333,1.2500632962639606,0.13019086139716593,2.5970432697159116,0.9791666666666666,18.520833333333332,4.018949655718897,0.14064247193616744,5278.858377136862,62,62,geolife,geolife_data_rdfbsp_tau_0.5,rdfbsp,0.1,adaptive,8,0.015625,35,4,3,8,0.75,0.2286501377410468,0.32410714285714287,0.07410714285714286,1,0,0,0,3,3,0.08571428571428572,1.0,3,1.0,201.99099999999999,218.22465,0,8,0,38,0.5,6,0.6480000000000001,0.648,0.0538014667406808
0.16666666666666666,0.8958333333333334,0.2777774976791292,1.795361027002287,0.9791666666666666,8.770833333333334,2.7573497997022387,0.16589169228448244,3739.65625,64,64,geolife,geolife_data_rdfbsp_tau_0.5,rdfbsp,0.1,adaptive,8,0.015625,35,4,4,12,1.0,1.0,0.17777777777777778,0.17777777777777778,0,0,2,2,2,2,0.11428571428571428,1.0,4,1.0,204.8725,231.04395,0,12,0,48,0.5,6,0.6480000000000001,0.648,0.0538014667406808
0.125,0.9791666666666666,0.22400255037941638,1.8059986645341688,1.0,14.083333333333334,3.4121888070150166,0.1561175700835777,4106.786234880456,67,67,geolife,geolife_data_rdfbsp_tau_0.5,rdfbsp,0.1,adaptive,8,0.015625,37,5,3,9,0.6,0.11462450592885373,0.5647321428571429,0.06473214285714285,2,0,0,0,3,3,0.08108108108108109,1.0,3,1.0,204.13299999999998,224.94425,0,7,0,48,0.5,6,0.6480000000000001,0.648,0.0538014667406808
0.0,1.478736036681714,0.11874458923471738,2.2765978432537,1.0,17.625,3.944478064195991,0.11874458923471742,6241.4370968666835,68,68,geolife,geolife_data_rdfbsp_tau_0.5,rdfbsp,0.1,adaptive,8,0.015625,33,6,3,9,0.5,0.3527980535279805,0.18348214285714284,0.06473214285714285,0,0,1,0,5,3,0.09090909090909091,1.0,3,1.0,209.1415,260.18145000000004,0,7,0,35,0.5,6,0.6480000000000001,0.648,0.0538014667406808
0.2916666666666667,0.8547601071063257,0.23450441718918968,2.070455758858825,1.0,12.395833333333334,3.2376797290801567,0.24144459352931866,3592.694314499544,69,69,geolife,geolife_data_rdfbsp_tau_0.5,rdfbsp,0.1,adaptive,8,0.015625,37,2,2,6,1.0,1.0,0.08333333333333333,0.08333333333333333,0,0,1,1,1,1,0.05405405405405406,1.0,2,1.0,201.59449999999998,222.83235,0,6,0,39,0.5,6,0.6480000000000001,0.648,0.0538014667406808
0.0625,2.632506892488934,0.10133798927408864,4.199036140197369,0.875,37.354166666666664,4.881161188523082,0.04511091521770328,11149.54420333064,73,73,geolife,geolife_data_rdfbsp_tau_0.5,rdfbsp,0.1,adaptive,8,0.015625,31,3,2,4,0.6666666666666666,0.72,0.11160714285714285,0.08035714285714285,0,0,1,1,2,1,0.06451612903225806,1.0,2,1.0,202.50900000000001,223.44199999999998,0,3,0,10,0.5,6,0.6480000000000001,0.648,0.0538014667406808
0.0,1.466669084014893,0.21771927762151067,2.1328949079981077,1.0,11.75,3.107709290383328,0.21771927762151067,6191.162120618462,74,74,geolife,geolife_data_rdfbsp_tau_0.5,rdfbsp,0.1,adaptive,8,0.015625,38,3,3,8,1.0,1.0,0.29910714285714285,0.29910714285714285,1,1,0,0,2,2,0.07894736842105263,1.0,3,1.0,199.9715,223.1464,0,7,0,41,0.5,6,0.6480000000000001,0.648,0.0538014667406808
0.0625,1.6909878492813946,0.2252518617898515,4.212574791363152,0.4791666666666667,14.083333333333334,3.3958364441090594,0.22305563308158435,7142.2603504972985,78,78,geolife,geolife_data_rdfbsp_tau_0.5,rdfbsp,0.1,adaptive,8,0.015625,30,4,3,8,0.75,0.06250000000000001,1.0666666666666664,0.06666666666666667,1,0,0,0,3,3,0.1,0.75,3,1.0,203.7,231.18765000000002,0,7,0,32,0.5,6,0.6480000000000001,0.648,0.0538014667406808
0.0,1.3923759942488845,0.2080181129927515,1.8285961044824697,1.0,11.1875,3.087082722344596,0.2080181129927514,5897.885873066123,79,79,geolife,geolife_data_rdfbsp_tau_0.5,rdfbsp,0.1,adaptive,8,0.015625,33,0,0,9,nan,nan,0.0,0.0,0,0,0,0,0,0,0.0,nan,0,1.0,196.437,223.52474999999998,0,9,0,41,0.5,6,0.6480000000000001,0.648,0.0538014667406808
0.0,1.9617512136140094,0.11787058590684983,2.2980267014682934,1.0,15.9375,3.8805308723229253,0.11787058590684985,8320.11531726629,82,82,geolife,geolife_data_rdfbsp_tau_0.5,rdfbsp,0.1,adaptive,8,0.015625,37,4,3,9,0.75,0.7391304347826088,0.09583333333333333,0.07083333333333333,0,0,0,0,4,3,0.08108108108108109,1.0,3,1.0,203.0155,219.33305,0,10,1,43,0.5,6,0.6480000000000001,0.648,0.0538014667406808
0.0,1.7585765415772514,0.12613438221487341,2.356015208160718,1.0,25.541666666666668,4.24568986880337,0.12613438221487347,7428.521595184581,83,83,geolife,geolife_data_rdfbsp_tau_0.5,rdfbsp,0.1,adaptive,8,0.015625,38,5,3,6,0.6,0.3296089385474861,0.18645833333333334,0.06145833333333334,0,0,2,0,3,3,0.07894736842105263,1.0,3,1.0,197.063,226.0293,0,5,0,18,0.5,6,0.6480000000000001,0.648,0.0538014667406808
0.14583333333333334,1.4540544055464473,0.20318444470018193,2.3185250358311156,1.0,15.1875,3.5582989380941985,0.20171259397725327,6184.823426732637,84,84,geolife,geolife_data_rdfbsp_tau_0.5,rdfbsp,0.1,adaptive,8,0.015625,38,4,3,8,0.75,0.6557377049180327,0.09077380952380952,0.05952380952380952,0,0,0,0,4,3,0.07894736842105263,1.0,3,1.0,198.9755,232.1539,0,6,0,32,0.5,6,0.6480000000000001,0.648,0.0538014667406808
0.0,2.3663567182009153,0.11225860925433574,3.1824558468544013,0.9791666666666666,24.958333333333332,4.452462239406185,0.11225860925433574,10028.981763800737,89,89,geolife,geolife_data_rdfbsp_tau_0.5,rdfbsp,0.1,adaptive,8,0.015625,33,3,0,3,0.0,0.0,0.3229166666666667,0.0,1,0,1,0,1,0,0.0,0.0,0,1.0,200.99349999999998,243.2745,0,3,0,24,0.5,6,0.6480000000000001,0.648,0.0538014667406808
0.22916666666666666,0.9023689270621826,0.27258609122015676,1.6514920347527033,1.0,10.8125,2.971457514611694,0.3120497604446669,3791.3694668667545,102,102,geolife,geolife_data_rdfbsp_tau_0.5,rdfbsp,0.1,adaptive,8,0.015625,32,5,4,11,0.8,0.3703148425787106,0.39702380952380956,0.14702380952380953,1,0,2,2,2,2,0.125,1.0,4,1.0,195.388,229.7527,0,11,0,42,0.5,6,0.6480000000000001,0.648,0.0538014667406808
0.22916666666666666,1.421533964943438,0.0951343901080362,2.9176791973429475,0.9583333333333334,27.541666666666668,4.696480583782723,0.1340322765586304,6000.792191757052,103,103,geolife,geolife_data_rdfbsp_tau_0.5,rdfbsp,0.1,adaptive,8,0.015625,36,4,4,6,1.0,1.0,0.08035714285714285,0.08035714285714285,0,0,0,0,4,4,0.1111111111111111,1.0,4,1.0,195.38049999999998,213.78394999999998,0,3,0,10,0.5,6,0.6480000000000001,0.648,0.0538014667406808
0.3333333333333333,0.9413940124399677,0.11042809671710412,2.3440729971748637,1.0,23.6875,4.38165278008696,0.22290523661622919,3937.431069649939,104,104,geolife,geolife_data_rdfbsp_tau_0.5,rdfbsp,0.1,adaptive,8,0.015625,41,3,2,4,0.6666666666666666,0.0541871921182266,1.0572916666666667,0.057291666666666664,1,0,1,1,1,1,0.04878048780487805,1.0,2,1.0,207.3845,230.21724999999998,0,3,0,29,0.5,6,0.6480000000000001,0.648,0.0538014667406808
0.2708333333333333,1.0208333333333333,0.22338306592479254,1.6734960668475143,1.0,14.291666666666666,3.272339647067891,0.31882604082291005,4342.339686497916,112,112,geolife,geolife_data_rdfbsp_tau_0.5,rdfbsp,0.1,adaptive,8,0.015625,36,4,3,11,0.75,0.670846394984326,0.09494047619047619,0.06369047619047619,0,0,0,0,4,3,0.08333333333333333,1.0,3,1.0,201.7315,231.84349999999998,0,11,0,39,0.5,6,0.6480000000000001,0.648,0.0538014667406808
0.0,1.819657620020273,0.1426024651348811,3.8247545839283728,0.7083333333333334,15.958333333333334,3.8361166262170947,0.14260246513488112,7666.838123305665,113,113,geolife,geolife_data_rdfbsp_tau_0.5,rdfbsp,0.1,adaptive,8,0.015625,36,7,3,8,0.42857142857142855,0.0318676885841065,2.5822916666666664,0.08229166666666667,4,0,1,1,2,2,0.08333333333333333,1.0,3,1.0,199.139,231.8845,0,7,0,43,0.5,6,0.6480000000000001,0.648,0.0538014667406808
0.16666666666666666,1.4811116864670162,0.23311314857465285,2.778463332353486,1.0,18.604166666666668,3.514273291339349,0.10394051442245777,6305.738546982556,119,119,geolife,geolife_data_rdfbsp_tau_0.5,rdfbsp,0.1,adaptive,8,0.015625,35,1,1,6,1.0,1.0,0.017857142857142856,0.017857142857142856,0,0,0,0,1,1,0.02857142857142857,1.0,1,1.0,199.234,249.99184999999997,0,6,0,33,0.5,6,0.6480000000000001,0.648,0.0538014667406808
0.0,1.0,0.3287015559289782,1.6601736993876186,1.0,5.875,2.3146285447499375,0.32870155592897826,4266.923927426191,122,122,geolife,geolife_data_rdfbsp_tau_0.5,rdfbsp,0.1,adaptive,8,0.015625,34,5,5,17,1.0,1.0,0.32440476190476186,0.32440476190476186,1,1,0,0,4,4,0.14705882352941177,1.0,5,1.0,198.204,216.1405,0,15,0,48,0.5,6,0.6480000000000001,0.648,0.0538014667406808
0.0,1.5368458439850243,0.1923018082322131,2.1006839259635743,1.0,16.229166666666668,3.5045210976037464,0.192301808232213,6484.38071343692,128,128,geolife,geolife_data_rdfbsp_tau_0.5,rdfbsp,0.1,adaptive,8,0.015625,41,4,4,8,1.0,1.0,0.08779761904761904,0.08779761904761904,0,0,0,0,4,4,0.0975609756097561,1.0,4,1.0,201.7285,223.13155,0,6,0,36,0.5,6,0.6480000000000001,0.648,0.0538014667406808
0.3541666666666667,0.8113389981249824,0.20585900854168168,1.966807226507928,1.0,14.395833333333334,3.4385542571989602,0.17454693889478987,3412.295356869856,138,138,geolife,geolife_data_rdfbsp_tau_0.5,rdfbsp,0.1,adaptive,8,0.015625,37,3,0,9,0.0,0.0,1.3125,0.0,2,0,1,0,0,0,0.0,0.0,0,1.0,199.4165,224.558,0,9,0,44,0.5,6,0.6480000000000001,0.648,0.0538014667406808
0.16666666666666666,1.494983027928561,0.11151671491469302,2.787475495387971,1.0,21.75,4.232208576812215,0.11430039017938227,6289.37419198014,142,142,geolife,geolife_data_rdfbsp_tau_0.5,rdfbsp,0.1,adaptive,8,0.015625,37,3,1,4,0.3333333333333333,0.056603773584905655,1.1041666666666667,0.0625,1,0,2,1,0,0,0.02702702702702703,0.5,1,1.0,195.558,217.7533,0,4,0,31,0.5,6,0.6480000000000001,0.648,0.0538014667406808
0.0,1.4987279456788756,0.19088247634758174,2.724116132935069,0.9583333333333334,15.729166666666666,3.591716427439683,0.1908824763475818,6312.998653919821,147,147,geolife,geolife_data_rdfbsp_tau_0.5,rdfbsp,0.1,adaptive,8,0.015625,35,0,0,4,nan,nan,0.0,0.0,0,0,0,0,0,0,0.0,nan,0,1.0,195.0845,213.1008,0,4,0,38,0.5,6,0.6480000000000001,0.648,0.0538014667406808
1.0,0.0,0.3035410110424937,1.2254198609543832,1.0,8.875,2.7308714888269403,0.6964589889575062,0.0,159,159,geolife,geolife_data_rdfbsp_tau_0.5,rdfbsp,0.1,adaptive,8,0.015625,33,2,1,10,0.5,0.020408163265306124,1.0208333333333333,0.020833333333333332,1,0,0,0,1,1,0.030303030303030304,1.0,1,1.0,200.6175,229.80265,0,10,0,48,0.5,6,0.6480000000000001,0.648,0.0538014667406808
0.4166666666666667,0.905056222989098,0.1992767735044266,2.221074174455248,1.0,20.708333333333332,3.909025178265169,0.28628148740226295,3830.981415513484,167,167,geolife,geolife_data_rdfbsp_tau_0.5,rdfbsp,0.1,adaptive,8,0.015625,36,4,3,5,0.75,0.2727272727272727,0.34375,0.09375,1,0,1,1,2,2,0.08333333333333333,1.0,3,1.0,194.199,211.7342,0,3,0,29,0.5,6,0.6480000000000001,0.648,0.0538014667406808
0.0,2.5135508230416437,0.1134401017583969,3.98018678312717,0.7083333333333334,22.770833333333332,4.365833908982273,0.11344010175839687,10588.922715316,168,168,geolife,geolife_data_rdfbsp_tau_0.5,rdfbsp,0.1,adaptive,8,0.015625,42,4,0,2,0.0,0.0,0.5833333333333334,0.0,2,0,1,0,1,0,0.0,0.0,0,1.0,198.981,224.5074,0,2,0,28,0.5,6,0.6480000000000001,0.648,0.0538014667406808
0.08333333333333333,1.4797402714725905,0.11829032560392087,3.423599254068671,0.8125,20.25,4.17166941553809,0.034956992270587524,6240.722287361172,169,169,geolife,geolife_data_rdfbsp_tau_0.5,rdfbsp,0.1,adaptive,8,0.015625,34,2,1,9,0.5,0.3333333333333333,0.0625,0.020833333333333332,0,0,1,0,1,1,0.029411764705882353,0.5,1,1.0,203.29250000000002,233.61825,0,6,0,26,0.5,6,0.6480000000000001,0.648,0.0538014667406808
0.3541666666666667,0.9326990129520928,0.2766138554274341,1.5579707222459043,1.0,9.458333333333334,2.8559894792026532,0.12405707382670576,3944.5496646182764,174,174,geolife,geolife_data_rdfbsp_tau_0.5,rdfbsp,0.1,adaptive,8,0.015625,39,5,3,8,0.6,0.1044776119402985,1.3958333333333333,0.14583333333333331,2,0,2,2,1,1,0.07692307692307693,1.0,3,1.0,200.7495,234.97719999999998,0,9,1,48,0.5,6,0.6480000000000001,0.648,0.0538014667406808
0.0,1.2934012733476086,0.2948726476462397,1.8946399870881416,1.0,9.0,2.8013443302119128,0.2948726476462396,5445.849154164346,177,177,geolife,geolife_data_rdfbsp_tau_0.5,rdfbsp,0.1,adaptive,8,0.015625,34,5,4,13,0.8,0.8448275862068965,0.16111111111111112,0.1361111111111111,0,0,1,1,4,3,0.11764705882352941,1.0,4,1.0,197.025,214.42634999999999,0,13,0,48,0.5,6,0.6480000000000001,0.648,0.0538014667406808
0.041666666666666664,2.2367720454581614,0.12643272453278115,2.637650636572403,1.0,19.125,4.058073897583807,0.08476605786611452,9434.107574679314,179,179,geolife,geolife_data_rdfbsp_tau_0.5,rdfbsp,0.1,adaptive,8,0.015625,36,2,2,7,1.0,1.0,0.033482142857142856,0.033482142857142856,0,0,0,0,2,2,0.05555555555555555,1.0,2,1.0,200.516,262.5268,0,7,1,40,0.5,6,0.6480000000000001,0.648,0.0538014667406808
0.0625,1.3084293848421573,0.23917080562495038,1.5539940155891834,1.0,8.395833333333334,2.745072341794394,0.17667080562495033,5517.666625528676,2,2,geolife,geolife_dfbsp_tau_1.0,dfbsp,0.1,adaptive,8,0.015625,35,6,5,11,0.8333333333333334,0.2766415500538213,1.3824404761904763,0.38244047619047616,2,1,1,1,3,3,0.14285714285714285,0.5,5,1.0,38.503,60.443299999999965,0,13,2,47,1.0,0,0.6480000000000001,0.648,0.0538014667406808
0.0,1.181218433538228,0.2408021206657832,1.9291126557852183,1.0,11.458333333333334,3.1816552283242605,0.24080212066578321,4963.596062783479,3,3,geolife,geolife_dfbsp_tau_1.0,dfbsp,0.1,adaptive,8,0.015625,40,4,3,7,0.75,0.7297297297297297,0.15416666666666665,0.11249999999999999,0,0,2,1,2,2,0.075,0.5,3,1.0,39.11,47.52605,0,13,6,48,1.0,0,0.6480000000000001,0.648,0.0538014667406808
0.8541666666666666,0.14583333333333334,0.3882340320259912,1.293465526301685,0.9791666666666666,6.833333333333333,2.322786538652649,0.4659326346406755,608.78125,4,4,geolife,geolife_dfbsp_tau_1.0,dfbsp,0.1,adaptive,8,0.015625,31,3,3,15,1.0,1.0,0.14583333333333334,0.14583333333333334,0,0,2,2,1,1,0.0967741935483871,1.0,3,1.0,38.354,67.20529999999997,0,17,3,48,1.0,0,0.6480000000000001,0.648,0.0538014667406808
0.4583333333333333,0.6711084049082591,0.310160311067829,1.6826188629937402,1.0,14.416666666666666,3.2037368676864624,0.2296622877461382,2827.853328183702,7,7,geolife,geolife_dfbsp_tau_1.0,dfbsp,0.1,adaptive,8,0.015625,40,5,5,9,1.0,1.0,0.2261904761904762,0.2261904761904762,0,0,3,3,2,2,0.125,1.0,5,1.0,37.4145,41.557700000000004,0,26,17,48,1.0,0,0.6480000000000001,0.648,0.0538014667406808
0.041666666666666664,1.5180418661123618,0.3555242674893435,2.806178207066576,0.7916666666666666,8.9375,2.7006933607458206,0.3162432583524966,6401.235484889548,8,8,geolife,geolife_dfbsp_tau_1.0,dfbsp,0.1,adaptive,8,0.015625,42,6,4,6,0.6666666666666666,0.8634146341463415,0.35590277777777773,0.30729166666666663,1,1,0,0,5,3,0.09523809523809523,1.0,4,1.0,37.196,45.929449999999996,0,5,1,48,1.0,0,0.6480000000000001,0.648,0.0538014667406808
0.0,1.0,0.315203975516976,1.4686753496493763,1.0,6.666666666666667,2.4667161547563072,0.315203975516976,4174.5,9,9,geolife,geolife_dfbsp_tau_1.0,dfbsp,0.1,adaptive,8,0.015625,35,5,3,12,0.6,0.3684210526315789,0.7916666666666667,0.2916666666666667,3,1,0,0,2,2,0.08571428571428572,1.0,3,1.0,37.323499999999996,45.391799999999996,0,13,1,48,1.0,0,0.6480000000000001,0.648,0.0538014667406808
0.20833333333333334,1.7540656538411452,0.2307130579903095,3.7057771638214727,0.6458333333333334,11.645833333333334,3.2599003688473385,0.1439610543714959,7440.445867140691,12,12,geolife,geolife_dfbsp_tau_1.0,dfbsp,0.1,adaptive,8,0.015625,37,5,2,3,0.4,0.20655737704918034,1.3616071428571428,0.28125,2,1,1,0,2,1,0.05405405405405406,0.3333333333333333,2,1.0,37.305,47.39975,0,14,11,46,1.0,0,0.6480000000000001,0.648,0.0538014667406808
0.4791666666666667,1.063843647963458,0.2229489478141747,2.456874654169961,0.9375,12.583333333333334,3.257280723009035,0.35936447857035714,4535.778141298099,14,14,geolife,geolife_dfbsp_tau_1.0,dfbsp,0.1,adaptive,8,0.015625,34,6,4,8,0.6666666666666666,0.21461963450913724,0.35014880952380956,0.07514880952380952,1,0,0,0,5,4,0.11764705882352941,1.0,4,1.0,37.161500000000004,48.675,0,11,4,48,1.0,0,0.6480000000000001,0.648,0.0538014667406808
0.20833333333333334,1.5490673909180421,0.22607686456545295,2.6339948320694586,0.9166666666666666,16.854166666666668,3.5994499074429864,0.16818907935576935,6510.994830188654,17,17,geolife,geolife_dfbsp_tau_1.0,dfbsp,0.1,adaptive,8,0.015625,32,3,2,5,0.6666666666666666,0.5555555555555556,0.5625,0.3125,2,1,1,1,0,0,0.0625,0.6666666666666666,2,1.0,37.8825,50.003249999999994,0,25,20,48,1.0,0,0.6480000000000001,0.648,0.0538014667406808
0.0,2.5597239190814034,0.1647614382020556,4.038195731511661,0.625,22.8125,4.179976048900172,0.16476143820205566,10755.951567423255,18,18,geolife,geolife_dfbsp_tau_1.0,dfbsp,0.1,adaptive,8,0.015625,39,2,2,3,1.0,1.0,0.07291666666666666,0.07291666666666666,0,0,1,1,1,1,0.05128205128205128,1.0,2,1.0,39.704,49.02055,0,27,24,48,1.0,0,0.6480000000000001,0.648,0.0538014667406808
0.4375,0.6605875819270702,0.35712281016384156,1.4198120318598952,1.0,10.416666666666666,2.765385876717705,0.20670280421762519,2767.9786494561863,19,19,geolife,geolife_dfbsp_tau_1.0,dfbsp,0.1,adaptive,8,0.015625,35,5,4,12,0.8,0.6972972972972973,0.1376488095238095,0.09598214285714285,0,0,1,0,4,4,0.11428571428571428,1.0,4,1.0,36.721500000000006,45.275299999999994,0,16,5,46,1.0,0,0.6480000000000001,0.648,0.0538014667406808
0.2916666666666667,1.4419086662364728,0.2366953016579307,2.754675318228713,0.9791666666666666,17.541666666666668,3.6402323708544837,0.1347681756692148,6077.126991850302,22,22,geolife,geolife_dfbsp_tau_1.0,dfbsp,0.1,adaptive,8,0.015625,34,3,2,5,0.6666666666666666,0.09433962264150941,1.1041666666666667,0.10416666666666666,1,0,2,2,0,0,0.058823529411764705,1.0,2,1.0,36.581,41.3821,0,24,19,46,1.0,0,0.6480000000000001,0.648,0.0538014667406808
0.125,1.5846769812967911,0.2241823865431348,2.199952965330628,1.0,15.791666666666666,3.5962824728759943,0.09918238654313473,6754.283356523149,23,23,geolife,geolife_dfbsp_tau_1.0,dfbsp,0.1,adaptive,8,0.015625,36,2,1,6,0.5,0.020408163265306124,1.0208333333333333,0.020833333333333332,1,0,0,0,1,1,0.027777777777777776,1.0,1,1.0,35.9815,43.6322,0,13,7,47,1.0,0,0.6480000000000001,0.648,0.0538014667406808
0.5208333333333334,0.5568317096116221,0.18859948512145433,1.9118230090519006,1.0,14.729166666666666,3.600684294084458,0.35785266986448466,2361.846329976332,24,24,geolife,geolife_dfbsp_tau_1.0,dfbsp,0.1,adaptive,8,0.015625,30,4,3,8,0.75,0.5757575757575758,0.0982142857142857,0.05654761904761905,0,0,1,0,3,3,0.1,1.0,3,1.0,37.3645,55.74629999999999,0,22,15,41,1.0,0,0.6480000000000001,0.648,0.0538014667406808
0.4791666666666667,0.9095177968644244,0.2914579538168951,1.6262426880645648,1.0,16.6875,3.296526631235368,0.25964227232552917,3834.9914630219914,27,27,geolife,geolife_dfbsp_tau_1.0,dfbsp,0.1,adaptive,8,0.015625,35,2,2,6,1.0,1.0,0.041666666666666664,0.041666666666666664,0,0,0,0,2,2,0.05714285714285714,1.0,2,1.0,36.033,44.40665,0,21,15,46,1.0,0,0.6480000000000001,0.648,0.0538014667406808
0.4583333333333333,0.7112944921610614,0.3259164553269535,1.720057182803993,0.9583333333333334,14.25,3.1063797671501523,0.2929280484419265,3015.722196109819,28,28,geolife,geolife_dfbsp_tau_1.0,dfbsp,0.1,adaptive,8,0.015625,34,3,2,6,0.6666666666666666,0.40677966101694923,0.10535714285714284,0.04285714285714286,0,0,1,0,2,2,0.058823529411764705,1.0,2,1.0,38.2175,44.4127,0,24,19,48,1.0,0,0.6480000000000001,0.648,0.0538014667406808
0.75,0.32725424859373686,0.41195422861772796,1.5214872654440248,0.9375,11.416666666666666,2.788470789934824,0.3981538637421744,1380.2819557577925,29,29,geolife,geolife_dfbsp_tau_1.0,dfbsp,0.1,adaptive,8,0.015625,38,5,5,8,1.0,1.0,0.19910714285714284,0.19910714285714284,0,0,2,2,3,3,0.13157894736842105,1.0,5,1.0,38.099000000000004,49.32635,0,28,20,48,1.0,0,0.6480000000000001,0.648,0.0538014667406808
0.5,0.7980653289451097,0.1435284604661531,2.3176965400816574,1.0,25.666666666666668,4.448861430206962,0.35647153953384686,3341.1628476710744,32,32,geolife,geolife_dfbsp_tau_1.0,dfbsp,0.1,adaptive,8,0.015625,36,6,3,3,0.5,0.18884120171673818,0.4623015873015873,0.0873015873015873,1,0,3,1,2,2,0.08333333333333333,1.0,3,1.0,37.905,50.76085,0,24,22,40,1.0,0,0.6480000000000001,0.648,0.0538014667406808
0.5833333333333334,0.4791666666666667,0.2823740849013122,1.3775676802211871,1.0,11.125,3.111327070529096,0.3489923119811919,2034.9402227848207,33,33,geolife,geolife_dfbsp_tau_1.0,dfbsp,0.1,adaptive,8,0.015625,37,4,2,7,0.5,0.21874999999999997,0.4,0.0875,1,0,2,1,1,1,0.05405405405405406,1.0,2,1.0,37.4935,45.58295,0,12,5,48,1.0,0,0.6480000000000001,0.648,0.0538014667406808
0.041666666666666664,1.7629342560072923,0.27134891574538317,1.8120412884793884,1.0,9.625,2.8874853523842767,0.22968224907871646,7378.034576633464,34,34,geolife,geolife_dfbsp_tau_1.0,dfbsp,0.1,adaptive,8,0.015625,29,6,3,14,0.5,0.09090909090909091,1.1916666666666667,0.10833333333333334,1,0,3,1,2,2,0.10344827586206896,0.6666666666666666,3,1.0,38.129999999999995,44.8559,0,21,7,48,1.0,0,0.6480000000000001,0.648,0.0538014667406808
0.0625,1.6178968448357918,0.12502812432516094,2.8930147552924566,1.0,21.979166666666668,4.294038682598397,0.06252812432516097,6855.748854978106,37,37,geolife,geolife_dfbsp_tau_1.0,dfbsp,0.1,adaptive,8,0.015625,40,5,3,4,0.6,0.2612137203166227,0.3759920634920635,0.09821428571428571,1,0,1,1,3,2,0.075,1.0,3,1.0,37.1045,45.892250000000004,0,17,13,34,1.0,0,0.6480000000000001,0.648,0.0538014667406808
0.25,1.6807711000754075,0.2773595340569065,2.811050844528109,0.9375,20.104166666666668,3.626851817987314,0.16897507128555098,7109.878949359194,38,38,geolife,geolife_dfbsp_tau_1.0,dfbsp,0.1,adaptive,8,0.015625,33,3,3,6,1.0,1.0,0.15625,0.15625,0,0,2,2,1,1,0.09090909090909091,1.0,3,1.0,36.631,49.57894999999999,0,26,20,45,1.0,0,0.6480000000000001,0.648,0.0538014667406808
0.5833333333333334,0.5028242273773221,0.17079079804554462,2.1597644646211775,1.0,23.166666666666668,4.102984283215277,0.47813958447176397,2114.000070242572,39,39,geolife,geolife_dfbsp_tau_1.0,dfbsp,0.1,adaptive,8,0.015625,41,2,2,2,1.0,1.0,0.26785714285714285,0.26785714285714285,1,1,0,0,1,1,0.04878048780487805,1.0,2,1.0,37.7215,52.379149999999996,0,22,20,42,1.0,0,0.6480000000000001,0.648,0.0538014667406808
0.8958333333333334,0.10416666666666667,0.6656527960040792,0.5685044465140668,1.0,5.833333333333333,1.5411898111154088,0.2513049348309736,434.84375,42,42,geolife,geolife_dfbsp_tau_1.0,dfbsp,0.1,adaptive,8,0.015625,30,2,2,12,1.0,1.0,0.07291666666666666,0.07291666666666666,0,0,1,1,1,1,0.06666666666666667,1.0,2,1.0,36.004,48.58895,0,17,5,48,1.0,0,0.6480000000000001,0.648,0.0538014667406808
0.5,0.5258883476483184,0.38117797467892817,1.7645027877104391,0.9791666666666666,13.395833333333334,2.9411742096268028,0.2487507326718191,2203.2788635200045,43,43,geolife,geolife_dfbsp_tau_1.0,dfbsp,0.1,adaptive,8,0.015625,28,3,2,7,0.6666666666666666,0.5714285714285714,0.14583333333333334,0.08333333333333333,0,0,2,1,1,1,0.07142857142857142,0.5,2,1.0,37.305,42.003299999999996,0,28,21,48,1.0,0,0.6480000000000001,0.648,0.0538014667406808
1.0,0.0,0.28826134933548286,1.277572158021164,1.0,8.895833333333334,2.8060653684183356,0.711738650664517,0.0,44,44,geolife,geolife_dfbsp_tau_1.0,dfbsp,0.1,adaptive,8,0.015625,39,1,1,7,1.0,1.0,0.0625,0.0625,0,0,1,1,0,0,0.02564102564102564,1.0,1,1.0,36.809,48.56395,0,7,0,48,1.0,0,0.6480000000000001,0.648,0.0538014667406808
0.2916666666666667,0.7428511301977578,0.24566639690759595,1.5824366154200866,1.0,8.708333333333334,2.695901541263265,0.09495833701936214,3112.2844841893534,52,52,geolife,geolife_dfbsp_tau_1.0,dfbsp,0.1,adaptive,8,0.015625,35,0,0,10,nan,nan,0.0,0.0,0,0,0,0,0,0,0.0,nan,0,1.0,38.72,57.6657,0,15,6,48,1.0,0,0.6480000000000001,0.648,0.0538014667406808
0.0625,1.8460394410778473,0.15038241107185749,2.9701774414651134,0.9583333333333334,22.020833333333332,4.220421581919122,0.08788241107185746,7749.280856409023,54,54,geolife,geolife_dfbsp_tau_1.0,dfbsp,0.1,adaptive,8,0.015625,38,3,3,4,1.0,1.0,0.07083333333333333,0.07083333333333333,0,0,0,0,3,3,0.07894736842105263,1.0,3,1.0,36.003,44.33045,0,23,19,41,1.0,0,0.6480000000000001,0.648,0.0538014667406808
0.4791666666666667,0.6655056647916492,0.37364285356280513,2.1579594142306493,0.9166666666666666,7.520833333333333,2.509516421576595,0.14800680227887233,2836.2475811666313,58,58,geolife,geolife_dfbsp_tau_1.0,dfbsp,0.1,adaptive,8,0.015625,35,8,8,11,1.0,1.0,0.3590277777777778,0.3590277777777778,1,1,2,2,5,5,0.22857142857142856,1.0,8,1.0,36.943,45.230999999999995,0,16,5,48,1.0,0,0.6480000000000001,0.648,0.0538014667406808
0.8333333333333334,0.17529611588277283,0.34083937345980214,1.4967432409413473,0.9791666666666666,9.354166666666666,2.7068772589191004,0.4924939598735311,746.6211115976234,62,62,geolife,geolife_dfbsp_tau_1.0,dfbsp,0.1,adaptive,8,0.015625,35,4,4,9,1.0,1.0,0.32410714285714287,0.32410714285714287,1,1,0,0,3,3,0.11428571428571428,1.0,4,1.0,36.3885,45.628,0,18,10,48,1.0,0,0.6480000000000001,0.648,0.0538014667406808
0.7291666666666666,0.2708333333333333,0.6758039278399428,0.8217640430517683,1.0,5.875,1.55453366900536,0.16252761745065947,1130.59375,64,64,geolife,geolife_dfbsp_tau_1.0,dfbsp,0.1,adaptive,8,0.015625,35,4,4,12,1.0,1.0,0.17777777777777778,0.17777777777777778,0,0,2,2,2,2,0.11428571428571428,1.0,4,1.0,38.345,49.523149999999994,0,17,6,48,1.0,0,0.6480000000000001,0.648,0.0538014667406808
0.6458333333333334,0.4791666666666667,0.3034257662714361,1.4036645738955882,1.0,11.395833333333334,3.0061097586786603,0.41530257192368975,2034.9402227848211,67,67,geolife,geolife_dfbsp_tau_1.0,dfbsp,0.1,adaptive,8,0.015625,37,5,4,8,0.8,0.5573122529644268,0.5647321428571429,0.31473214285714285,2,1,0,0,3,3,0.10810810810810811,1.0,4,1.0,36.4915,46.65084999999999,0,20,13,48,1.0,0,0.6480000000000001,0.648,0.0538014667406808
0.4583333333333333,0.5919627825494395,0.4142264724294559,1.0712775760538091,1.0,7.770833333333333,2.354336969645801,0.2190491946718299,2520.655084382445,68,68,geolife,geolife_dfbsp_tau_1.0,dfbsp,0.1,adaptive,8,0.015625,33,6,5,13,0.8333333333333334,0.829683698296837,0.18348214285714284,0.15223214285714284,0,0,1,1,5,4,0.15151515151515152,1.0,5,1.0,36.535,46.219,0,15,3,48,1.0,0,0.6480000000000001,0.648,0.0538014667406808
0.0,1.717836224215798,0.20663185802233905,2.5777835563432885,1.0,17.104166666666668,3.7155324452603806,0.20663185802233897,7242.066375389364,69,69,geolife,geolife_dfbsp_tau_1.0,dfbsp,0.1,adaptive,8,0.015625,37,2,1,4,0.5,0.75,0.08333333333333333,0.0625,0,0,1,1,1,0,0.02702702702702703,0.5,1,1.0,36.6835,45.507799999999996,0,22,18,44,1.0,0,0.6480000000000001,0.648,0.0538014667406808
0.125,1.580931569836424,0.2518717671885428,3.4808256843595315,0.8333333333333334,15.583333333333334,3.5127939587381434,0.17651670927290763,6674.341869680327,73,73,geolife,geolife_dfbsp_tau_1.0,dfbsp,0.1,adaptive,8,0.015625,31,3,2,6,0.6666666666666666,0.72,0.11160714285714285,0.08035714285714285,0,0,1,1,2,1,0.06451612903225806,1.0,2,1.0,38.0585,46.40084999999999,0,16,10,46,1.0,0,0.6480000000000001,0.648,0.0538014667406808
0.4375,0.7861810223667289,0.33313204516162254,1.988481173938621,1.0,11.4375,2.8483409772106327,0.20355860535915893,3301.315035376879,74,74,geolife,geolife_dfbsp_tau_1.0,dfbsp,0.1,adaptive,8,0.015625,38,3,2,5,0.6666666666666666,0.8955223880597015,0.29910714285714285,0.26785714285714285,1,1,0,0,2,1,0.05263157894736842,0.6666666666666666,2,1.0,38.4035,51.107499999999995,0,11,7,48,1.0,0,0.6480000000000001,0.648,0.0538014667406808
0.1875,1.4442639544553233,0.19116241937304548,3.7528975695277302,0.6666666666666666,16.1875,3.726365583837097,0.06803319189768044,6133.285938636366,78,78,geolife,geolife_dfbsp_tau_1.0,dfbsp,0.1,adaptive,8,0.015625,30,4,3,7,0.75,0.06250000000000001,1.0666666666666664,0.06666666666666667,1,0,0,0,3,3,0.1,0.75,3,1.0,36.5985,53.331399999999995,0,21,14,48,1.0,0,0.6480000000000001,0.648,0.0538014667406808
0.5208333333333334,0.6657795276924615,0.30702799395189906,1.5398789264168549,1.0,11.708333333333334,3.029896204001037,0.2655910916043284,2789.247959640839,79,79,geolife,geolife_dfbsp_tau_1.0,dfbsp,0.1,adaptive,8,0.015625,33,0,0,6,nan,nan,0.0,0.0,0,0,0,0,0,0,0.0,nan,0,1.0,37.8825,44.861399999999996,0,15,9,48,1.0,0,0.6480000000000001,0.648,0.0538014667406808
0.9166666666666666,0.18633899812498247,0.5033796081914542,0.9058383900669441,1.0,9.1875,2.332246248421836,0.4337505477756019,791.6798659415821,82,82,geolife,geolife_dfbsp_tau_1.0,dfbsp,0.1,adaptive,8,0.015625,37,4,4,9,1.0,1.0,0.09583333333333333,0.09583333333333333,0,0,0,0,4,4,0.10810810810810811,1.0,4,1.0,36.3895,41.09065,0,25,16,48,1.0,0,0.6480000000000001,0.648,0.0538014667406808
0.5208333333333334,0.9905586854032095,0.22256936327481636,1.844896459993305,1.0,19.0,3.8064272873902905,0.3741239208349283,4183.686305531984,83,83,geolife,geolife_dfbsp_tau_1.0,dfbsp,0.1,adaptive,8,0.015625,38,5,5,7,1.0,1.0,0.18645833333333334,0.18645833333333334,0,0,2,2,3,3,0.13157894736842105,1.0,5,1.0,36.4225,50.842549999999996,0,26,20,44,1.0,0,0.6480000000000001,0.648,0.0538014667406808
0.14583333333333334,1.7496137455682208,0.2217639442662157,2.295148348722247,1.0,15.041666666666666,3.4925497589174164,0.22029209354328713,7446.995892996188,84,84,geolife,geolife_dfbsp_tau_1.0,dfbsp,0.1,adaptive,8,0.015625,38,4,4,8,1.0,1.0,0.09077380952380952,0.09077380952380952,0,0,0,0,4,4,0.10526315789473684,1.0,4,1.0,36.808,45.47129999999999,0,15,9,38,1.0,0,0.6480000000000001,0.648,0.0538014667406808
0.3333333333333333,0.9616942822864402,0.38283317001067735,2.2226813619200576,0.875,8.604166666666666,2.6189210665722995,0.15671599113019316,4060.394839536593,89,89,geolife,geolife_dfbsp_tau_1.0,dfbsp,0.1,adaptive,8,0.015625,33,3,1,6,0.3333333333333333,0.7741935483870968,0.3229166666666667,0.25,1,1,1,0,1,0,0.030303030303030304,0.3333333333333333,1,1.0,35.816,46.2448,0,10,4,48,1.0,0,0.6480000000000001,0.648,0.0538014667406808
0.3958333333333333,0.621425565098879,0.20093398024192463,1.8913745050816833,1.0,16.645833333333332,3.684560259688535,0.23657256736553192,2614.20848075502,102,102,geolife,geolife_dfbsp_tau_1.0,dfbsp,0.1,adaptive,8,0.015625,32,5,3,6,0.6,0.2653673163418291,0.39702380952380956,0.10535714285714286,1,0,2,1,2,2,0.09375,1.0,3,1.0,36.849500000000006,49.8264,0,24,18,45,1.0,0,0.6480000000000001,0.648,0.0538014667406808
0.08333333333333333,1.4605899992752958,0.16310959881923717,3.3942122687987872,0.9583333333333334,30.708333333333332,4.583212591906263,0.07977626548590377,6174.167580912112,103,103,geolife,geolife_dfbsp_tau_1.0,dfbsp,0.1,adaptive,8,0.015625,36,4,3,4,0.75,0.7407407407407408,0.08035714285714285,0.05952380952380952,0,0,0,0,4,3,0.08333333333333333,0.5,3,1.0,38.2255,46.43625,0,32,28,40,1.0,0,0.6480000000000001,0.648,0.0538014667406808
0.5625,0.4375,0.2618501943968917,1.7785852805424922,1.0,19.1875,3.68355193591343,0.4201701065522876,1866.7792182489575,104,104,geolife,geolife_dfbsp_tau_1.0,dfbsp,0.1,adaptive,8,0.015625,41,3,3,5,1.0,1.0,1.0572916666666667,1.0572916666666667,1,1,1,1,1,1,0.07317073170731707,1.0,3,1.0,36.945,46.15129999999999,0,29,25,45,1.0,0,0.6480000000000001,0.648,0.0538014667406808
0.8541666666666666,0.14583333333333334,0.3365890106502228,1.3167887625318697,1.0,13.291666666666666,2.9109139459815396,0.5175776560164439,608.78125,112,112,geolife,geolife_dfbsp_tau_1.0,dfbsp,0.1,adaptive,8,0.015625,36,4,4,11,1.0,1.0,0.09494047619047619,0.09494047619047619,0,0,0,0,4,4,0.1111111111111111,1.0,4,1.0,36.7415,46.552699999999994,0,23,13,44,1.0,0,0.6480000000000001,0.648,0.0538014667406808
0.0,1.0380922317655457,0.3430664457975125,2.269166753869491,0.9583333333333334,6.354166666666667,2.2961151267713675,0.3430664457975125,4336.253994362609,113,113,geolife,geolife_dfbsp_tau_1.0,dfbsp,0.1,adaptive,8,0.015625,36,7,3,12,0.42857142857142855,0.11899959661153693,2.5822916666666664,0.3072916666666667,4,1,1,1,2,1,0.08333333333333333,1.0,3,1.0,36.705,49.94155,0,15,4,48,1.0,0,0.6480000000000001,0.648,0.0538014667406808
0.4166666666666667,1.0912205064228735,0.28870404523414556,2.542585219888885,0.9166666666666666,18.166666666666668,3.3530042197750607,0.2729541147451513,4647.8720125874015,119,119,geolife,geolife_dfbsp_tau_1.0,dfbsp,0.1,adaptive,8,0.015625,35,1,1,5,1.0,1.0,0.017857142857142856,0.017857142857142856,0,0,0,0,1,1,0.02857142857142857,1.0,1,1.0,38.049,48.8544,0,24,19,48,1.0,0,0.6480000000000001,0.648,0.0538014667406808
0.0,1.0,0.3287015559289782,1.6601736993876186,1.0,5.875,2.3146285447499375,0.32870155592897826,4266.923927426191,122,122,geolife,geolife_dfbsp_tau_1.0,dfbsp,0.1,adaptive,8,0.015625,34,5,5,17,1.0,1.0,0.32440476190476186,0.32440476190476186,1,1,0,0,4,4,0.14705882352941177,1.0,5,1.0,36.6295,45.065949999999994,0,15,0,48,1.0,0,0.6480000000000001,0.648,0.0538014667406808
0.0,1.4753442478690333,0.17454727860552874,2.118055804004142,1.0,17.770833333333332,3.8039752716469066,0.17454727860552877,6212.819157699657,128,128,geolife,geolife_dfbsp_tau_1.0,dfbsp,0.1,adaptive,8,0.015625,41,4,3,5,0.75,0.6440677966101694,0.08779761904761904,0.05654761904761904,0,0,0,0,4,3,0.07317073170731707,1.0,3,1.0,38.5225,47.698,0,25,20,47,1.0,0,0.6480000000000001,0.648,0.0538014667406808
0.75,0.41550566479164913,0.22395584961846515,1.7906177400244436,1.0,16.75,3.6785126259716443,0.5260441503815348,1759.8891068698558,138,138,geolife,geolife_dfbsp_tau_1.0,dfbsp,0.1,adaptive,8,0.015625,37,3,1,6,0.3333333333333333,0.047619047619047616,1.3125,0.0625,2,0,1,1,0,0,0.02702702702702703,1.0,1,1.0,36.6835,41.180099999999996,0,35,29,48,1.0,0,0.6480000000000001,0.648,0.0538014667406808
0.3125,0.8766632255023042,0.2945952617866086,1.9220107300517342,1.0,12.583333333333334,3.245704783750785,0.1809240650167816,3685.110037579936,142,142,geolife,geolife_dfbsp_tau_1.0,dfbsp,0.1,adaptive,8,0.015625,37,3,2,6,0.6666666666666666,0.09433962264150941,1.1041666666666667,0.10416666666666666,1,0,2,2,0,0,0.05405405405405406,1.0,2,1.0,36.2145,44.626749999999994,0,21,15,48,1.0,0,0.6480000000000001,0.648,0.0538014667406808
0.0,2.146987201535131,0.10439176353228367,3.528780921679923,1.0,35.708333333333336,4.915339295348317,0.10439176353228367,9046.186420944876,147,147,geolife,geolife_dfbsp_tau_1.0,dfbsp,0.1,adaptive,8,0.015625,35,0,0,0,nan,nan,0.0,0.0,0,0,0,0,0,0,0.0,nan,0,nan,38.4675,50.1851,0,17,17,19,1.0,0,0.6480000000000001,0.648,0.0538014667406808
1.0,0.0,0.2925398094090057,1.25900260184213,1.0,8.895833333333334,2.7460195541571952,0.7074601905909942,0.0,159,159,geolife,geolife_dfbsp_tau_1.0,dfbsp,0.1,adaptive,8,0.015625,33,2,1,10,0.5,0.020408163265306124,1.0208333333333333,0.020833333333333332,1,0,0,0,1,1,0.030303030303030304,1.0,1,1.0,37.036,51.308949999999996,0,15,5,48,1.0,0,0.6480000000000001,0.648,0.0538014667406808
0.8541666666666666,0.1544627825494395,0.37089016820906545,1.300806538915967,1.0,9.5625,2.719477850592819,0.48327649845760107,657.726863109578,167,167,geolife,geolife_dfbsp_tau_1.0,dfbsp,0.1,adaptive,8,0.015625,36,4,4,8,1.0,1.0,0.34375,0.34375,1,1,1,1,2,2,0.1111111111111111,1.0,4,1.0,42.7555,55.62419999999999,0,11,5,46,1.0,0,0.6480000000000001,0.648,0.0538014667406808
0.0,1.589986022878854,0.3635924352279322,3.444567563177987,0.7708333333333334,12.75,3.0156439682526366,0.3635924352279322,6700.214880345217,168,168,geolife,geolife_dfbsp_tau_1.0,dfbsp,0.1,adaptive,8,0.015625,42,4,3,5,0.75,0.5714285714285714,0.5833333333333334,0.3333333333333333,2,1,1,1,1,1,0.07142857142857142,1.0,3,1.0,36.766000000000005,47.663549999999994,0,16,11,48,1.0,0,0.6480000000000001,0.648,0.0538014667406808
0.20833333333333334,1.1638226036556107,0.19710900204774431,2.8714705182515012,0.8125,19.125,3.796945852316784,0.08674362457076527,4908.106922010014,169,169,geolife,geolife_dfbsp_tau_1.0,dfbsp,0.1,adaptive,8,0.015625,34,2,1,4,0.5,0.3333333333333333,0.0625,0.020833333333333332,0,0,1,0,1,1,0.029411764705882353,0.5,1,1.0,37.246,43.5194,0,38,34,48,1.0,0,0.6480000000000001,0.648,0.0538014667406808
0.9583333333333334,0.041666666666666664,0.4672516386541626,0.9732229157775852,1.0,8.104166666666666,2.3059572157229526,0.4910816946791708,173.9375,174,174,geolife,geolife_dfbsp_tau_1.0,dfbsp,0.1,adaptive,8,0.015625,39,5,5,11,1.0,1.0,1.3958333333333333,1.3958333333333333,2,2,2,2,1,1,0.1282051282051282,1.0,5,1.0,37.263999999999996,42.28085,0,13,2,48,1.0,0,0.6480000000000001,0.648,0.0538014667406808
0.0,1.414213562373094,0.2927585744148336,1.9776625042381548,1.0,8.9375,2.7992677341345384,0.2927585744148336,5969.345864702605,177,177,geolife,geolife_dfbsp_tau_1.0,dfbsp,0.1,adaptive,8,0.015625,34,5,4,13,0.8,0.8448275862068965,0.16111111111111112,0.1361111111111111,0,0,1,1,4,3,0.11764705882352941,1.0,4,1.0,36.307,45.1643,0,14,1,48,1.0,0,0.6480000000000001,0.648,0.0538014667406808
0.4375,1.1458333333333333,0.3325729728642207,1.7256785491240574,1.0,16.875,3.313136349526026,0.19171678760015695,4783.28125,179,179,geolife,geolife_dfbsp_tau_1.0,dfbsp,0.1,adaptive,8,0.015625,36,2,2,7,1.0,1.0,0.033482142857142856,0.033482142857142856,0,0,0,0,2,2,0.05555555555555555,1.0,2,1.0,37.9525,47.4673,0,27,21,43,1.0,0,0.6480000000000001,0.648,0.0538014667406808
0.6666666666666666,0.5052376604034255,0.2705927145838121,1.6818272434274328,1.0,11.270833333333334,2.9290753221258696,0.4326501461699092,2128.005046241237,2,2,geolife,geolife_data_rdfbsp_tau_1.0,rdfbsp,0.1,adaptive,8,0.015625,35,6,4,9,0.6666666666666666,0.09580193756727663,1.3824404761904763,0.1324404761904762,2,0,1,1,3,3,0.11428571428571428,0.5,4,1.0,200.877,252.7381,0,8,0,45,1.0,6,0.6480000000000001,0.648,0.0538014667406808
0.16666666666666666,1.2612255283306497,0.22592325903827007,2.2372235494370836,1.0,14.020833333333334,3.4190978773573004,0.2331933990292365,5339.783287286869,3,3,geolife,geolife_data_rdfbsp_tau_1.0,rdfbsp,0.1,adaptive,8,0.015625,40,4,3,7,0.75,0.5945945945945947,0.15416666666666665,0.09166666666666667,0,0,2,1,2,2,0.075,1.0,3,1.0,191.975,201.15095,0,7,0,48,1.0,6,0.6480000000000001,0.648,0.0538014667406808
0.4375,0.773360840490826,0.4556186075024513,1.3769171438123229,1.0,7.5,2.2976908038395805,0.14138820257789272,3230.448308271956,4,4,geolife,geolife_data_rdfbsp_tau_1.0,rdfbsp,0.1,adaptive,8,0.015625,31,3,3,13,1.0,1.0,0.14583333333333334,0.14583333333333334,0,0,2,2,1,1,0.0967741935483871,1.0,3,1.0,191.4205,213.6916,0,13,1,48,1.0,6,0.6480000000000001,0.648,0.0538014667406808
0.4791666666666667,0.5467216809816519,0.5138263761315346,1.326531242371593,1.0,8.020833333333334,2.218799952581826,0.2475723738290366,2328.7575832809166,7,7,geolife,geolife_data_rdfbsp_tau_1.0,rdfbsp,0.1,adaptive,8,0.015625,40,5,5,10,1.0,1.0,0.2261904761904762,0.2261904761904762,0,0,3,3,2,2,0.125,1.0,5,1.0,194.8005,215.6135,0,9,0,48,1.0,6,0.6480000000000001,0.648,0.0538014667406808
0.0,1.6409969483262652,0.10296238626546522,2.902760074677996,1.0,22.75,4.417510844832344,0.10296238626546522,6926.789854823433,8,8,geolife,geolife_data_rdfbsp_tau_1.0,rdfbsp,0.1,adaptive,8,0.015625,42,6,3,4,0.5,0.16097560975609757,0.35590277777777773,0.057291666666666664,1,0,0,0,5,3,0.07142857142857142,1.0,3,1.0,198.8395,219.13695,0,2,0,18,1.0,6,0.6480000000000001,0.648,0.0538014667406808
0.9166666666666666,0.08333333333333333,0.7237273112268485,0.43487546223078777,1.0,4.208333333333333,1.2779631397960483,0.22582722896003724,347.875,9,9,geolife,geolife_data_rdfbsp_tau_1.0,rdfbsp,0.1,adaptive,8,0.015625,35,5,5,13,1.0,1.0,0.7916666666666667,0.7916666666666667,3,3,0,0,2,2,0.14285714285714285,1.0,5,1.0,195.64299999999997,221.9988,0,12,0,48,1.0,6,0.6480000000000001,0.648,0.0538014667406808
0.0,3.2044511935131497,0.22635612078359169,4.835152348546685,0.3541666666666667,13.1875,3.241391366064803,0.2263561207835917,13621.37478247065,12,12,geolife,geolife_data_rdfbsp_tau_1.0,rdfbsp,0.1,adaptive,8,0.015625,37,5,2,5,0.4,0.19672131147540983,1.3616071428571428,0.26785714285714285,2,1,1,0,2,1,0.05405405405405406,0.3333333333333333,2,1.0,200.645,233.55935,0,5,0,33,1.0,6,0.6480000000000001,0.648,0.0538014667406808
0.3333333333333333,1.1190578467108097,0.39545711071426776,1.395045105836913,1.0,9.729166666666666,2.627653555717941,0.22214057060647874,4735.116297738292,14,14,geolife,geolife_data_rdfbsp_tau_1.0,rdfbsp,0.1,adaptive,8,0.015625,34,6,6,12,1.0,1.0,0.35014880952380956,0.35014880952380956,1,1,0,0,5,5,0.17647058823529413,1.0,6,1.0,193.9955,216.90540000000001,0,10,0,47,1.0,6,0.6480000000000001,0.648,0.0538014667406808
0.10416666666666667,1.7117705289836822,0.11714752634691838,2.7416679294426025,1.0,24.479166666666668,4.419497072528194,0.03392253402107696,7222.1705333380205,17,17,geolife,geolife_data_rdfbsp_tau_1.0,rdfbsp,0.1,adaptive,8,0.015625,32,3,0,2,0.0,0.0,0.5625,0.0,2,0,1,0,0,0,0.0,0.0,0,1.0,200.2375,256.8963,0,2,0,26,1.0,6,0.6480000000000001,0.648,0.0538014667406808
0.0,4.377768179208108,0.09706332593918106,6.495871687867337,0.3541666666666667,26.916666666666668,4.613527089926656,0.09706332593918106,18642.902980863542,18,18,geolife,geolife_data_rdfbsp_tau_1.0,rdfbsp,0.1,adaptive,8,0.015625,39,2,0,2,0.0,0.0,0.07291666666666666,0.0,0,0,1,0,1,0,0.0,0.0,0,1.0,192.64600000000002,252.17024999999998,0,2,0,17,1.0,6,0.6480000000000001,0.648,0.0538014667406808
0.041666666666666664,2.0188168300676996,0.1603698415619736,2.6690282505839424,1.0,16.5625,3.7804798781051896,0.11870317489530702,8500.53061376772,19,19,geolife,geolife_data_rdfbsp_tau_1.0,rdfbsp,0.1,adaptive,8,0.015625,35,5,3,6,0.6,0.4702702702702703,0.1376488095238095,0.06473214285714285,0,0,1,0,4,3,0.08571428571428572,1.0,3,1.0,193.7155,218.62995,0,5,0,35,1.0,6,0.6480000000000001,0.648,0.0538014667406808
0.16666666666666666,1.0334937264398132,0.16474117969675217,2.3471469374069978,1.0,21.104166666666668,3.815705567469584,0.19183201022895258,4334.258254725318,22,22,geolife,geolife_data_rdfbsp_tau_1.0,rdfbsp,0.1,adaptive,8,0.015625,34,3,1,5,0.3333333333333333,0.056603773584905655,1.1041666666666667,0.0625,1,0,2,1,0,0,0.029411764705882353,0.5,1,1.0,191.9545,219.73215,0,5,0,28,1.0,6,0.6480000000000001,0.648,0.0538014667406808
0.6458333333333334,0.7170084971874737,0.5334074109570113,1.1525209320715966,1.0,13.0,2.4353659245837074,0.1657892765121092,3029.172155467768,23,23,geolife,geolife_data_rdfbsp_tau_1.0,rdfbsp,0.1,adaptive,8,0.015625,36,2,2,6,1.0,1.0,1.0208333333333333,1.0208333333333333,1,1,0,0,1,1,0.05555555555555555,1.0,2,1.0,199.026,217.32145,0,6,0,33,1.0,6,0.6480000000000001,0.648,0.0538014667406808
0.3958333333333333,0.8966094198614322,0.23056605393859894,1.6781772453150836,1.0,10.9375,2.9852822010675957,0.20115027212999437,3798.3348431710433,24,24,geolife,geolife_data_rdfbsp_tau_1.0,rdfbsp,0.1,adaptive,8,0.015625,30,4,3,10,0.75,0.5757575757575758,0.0982142857142857,0.05654761904761905,0,0,1,0,3,3,0.1,1.0,3,1.0,190.7525,211.3348,0,9,0,42,1.0,6,0.6480000000000001,0.648,0.0538014667406808
0.125,1.8412582896636736,0.12193697587413492,3.1347047959659466,0.7708333333333334,16.770833333333332,3.9715737337623227,0.0382545377267546,7718.213006983602,27,27,geolife,geolife_data_rdfbsp_tau_1.0,rdfbsp,0.1,adaptive,8,0.015625,35,2,0,6,0.0,0.0,0.041666666666666664,0.0,0,0,0,0,2,0,0.0,0.0,0,1.0,197.75,232.3141,0,6,0,39,1.0,6,0.6480000000000001,0.648,0.0538014667406808
0.2708333333333333,1.1768824606298967,0.10648817113826264,2.507877960253607,1.0,21.666666666666668,4.330092811505424,0.1643451621950707,4931.069460129794,28,28,geolife,geolife_data_rdfbsp_tau_1.0,rdfbsp,0.1,adaptive,8,0.015625,34,3,2,5,0.6666666666666666,0.40677966101694923,0.10535714285714284,0.04285714285714286,0,0,1,0,2,2,0.058823529411764705,1.0,2,1.0,194.8535,217.34505,0,3,0,18,1.0,6,0.6480000000000001,0.648,0.0538014667406808
0.020833333333333332,1.5342240983298774,0.13979186319197742,3.1101685101958005,0.9375,17.1875,3.944812847350746,0.12503322718513973,6500.383469018921,29,29,geolife,geolife_data_rdfbsp_tau_1.0,rdfbsp,0.1,adaptive,8,0.015625,38,5,4,6,0.8,0.6860986547085202,0.19910714285714284,0.13660714285714284,0,0,2,1,3,3,0.10526315789473684,1.0,4,1.0,202.3145,233.2535,0,6,0,40,1.0,6,0.6480000000000001,0.648,0.0538014667406808
0.2916666666666667,1.1246150846530811,0.15155522701080731,2.156174372426721,1.0,16.125,3.7155942523504457,0.19154400674951624,4740.140806860751,32,32,geolife,geolife_data_rdfbsp_tau_1.0,rdfbsp,0.1,adaptive,8,0.015625,36,6,3,6,0.5,0.23390557939914164,0.4623015873015873,0.10813492063492064,1,0,3,1,2,2,0.08333333333333333,1.0,3,1.0,196.188,229.92204999999996,0,5,0,34,1.0,6,0.6480000000000001,0.648,0.0538014667406808
0.08333333333333333,1.267658688557591,0.11030693142082164,2.3181282551050835,1.0,17.104166666666668,4.036263641555088,0.026973598087488324,5373.513364845611,33,33,geolife,geolife_data_rdfbsp_tau_1.0,rdfbsp,0.1,adaptive,8,0.015625,37,4,2,6,0.5,0.21874999999999997,0.4,0.0875,1,0,2,1,1,1,0.05405405405405406,1.0,2,1.0,191.4345,215.0715,0,6,0,38,1.0,6,0.6480000000000001,0.648,0.0538014667406808
0.1875,0.9782228088285877,0.23138063933884043,2.3329403341216377,0.9791666666666666,13.145833333333334,3.330037238866573,0.2993755680631438,4113.612106026616,34,34,geolife,geolife_data_rdfbsp_tau_1.0,rdfbsp,0.1,adaptive,8,0.015625,29,6,2,7,0.3333333333333333,0.07342657342657342,1.1916666666666667,0.0875,1,0,3,1,2,1,0.06896551724137931,0.6666666666666666,2,1.0,201.654,218.83679999999998,0,6,0,32,1.0,6,0.6480000000000001,0.648,0.0538014667406808
0.0625,1.5250926379501804,0.18859629242800094,2.6740998502000544,0.875,17.625,3.646603233803041,0.1961827659689074,6419.70964666979,37,37,geolife,geolife_data_rdfbsp_tau_1.0,rdfbsp,0.1,adaptive,8,0.015625,40,5,4,5,0.8,0.8337730870712401,0.3759920634920635,0.3134920634920635,1,1,1,0,3,3,0.1,1.0,4,1.0,195.33800000000002,221.7796,0,4,0,33,1.0,6,0.6480000000000001,0.648,0.0538014667406808
0.20833333333333334,1.5629428979440234,0.18724076332801295,2.872488201978839,1.0,21.458333333333332,3.9811453342663596,0.0651826137938026,6582.487686027795,38,38,geolife,geolife_data_rdfbsp_tau_1.0,rdfbsp,0.1,adaptive,8,0.015625,33,3,3,6,1.0,1.0,0.15625,0.15625,0,0,2,2,1,1,0.09090909090909091,1.0,3,1.0,200.4085,225.1824,0,7,1,24,1.0,6,0.6480000000000001,0.648,0.0538014667406808
0.3541666666666667,1.4321805394524152,0.12923452193288845,2.555164699498749,1.0,23.083333333333332,4.321843252413252,0.2249321447337782,6009.529557688002,39,39,geolife,geolife_data_rdfbsp_tau_1.0,rdfbsp,0.1,adaptive,8,0.015625,41,2,1,2,0.5,0.06666666666666667,0.26785714285714285,0.017857142857142856,1,0,0,0,1,1,0.024390243902439025,1.0,1,1.0,199.9375,230.19029999999998,0,1,0,20,1.0,6,0.6480000000000001,0.648,0.0538014667406808
0.8958333333333334,0.10416666666666667,0.7509567195889241,0.4329418914398806,1.0,5.083333333333333,1.276536106440201,0.17373787722707626,434.84375,42,42,geolife,geolife_data_rdfbsp_tau_1.0,rdfbsp,0.1,adaptive,8,0.015625,30,2,2,13,1.0,1.0,0.07291666666666666,0.07291666666666666,0,0,1,1,1,1,0.06666666666666667,1.0,2,1.0,202.86700000000002,237.36564999999996,0,13,0,48,1.0,6,0.6480000000000001,0.648,0.0538014667406808
0.020833333333333332,1.9015732173640447,0.1452869903987726,2.673511615305227,0.9375,16.583333333333332,3.794129634885376,0.1244536570654393,7991.833913740301,43,43,geolife,geolife_data_rdfbsp_tau_1.0,rdfbsp,0.1,adaptive,8,0.015625,28,3,2,10,0.6666666666666666,0.5714285714285714,0.14583333333333334,0.08333333333333333,0,0,2,1,1,1,0.07142857142857142,0.5,2,1.0,198.61450000000002,218.7497,0,11,1,31,1.0,6,0.6480000000000001,0.648,0.0538014667406808
1.0,0.0,0.5470669241445155,0.7303546513129908,1.0,6.958333333333333,2.029940196776162,0.45293307585548453,0.0,44,44,geolife,geolife_data_rdfbsp_tau_1.0,rdfbsp,0.1,adaptive,8,0.015625,39,1,1,7,1.0,1.0,0.0625,0.0625,0,0,1,1,0,0,0.02564102564102564,1.0,1,1.0,197.94099999999997,221.2644,0,7,0,48,1.0,6,0.6480000000000001,0.648,0.0538014667406808
0.125,1.5421902111986674,0.16366134329804102,2.5873675253824255,0.8958333333333334,16.229166666666668,3.7176196117989053,0.1507642411674842,6527.104372633238,52,52,geolife,geolife_data_rdfbsp_tau_1.0,rdfbsp,0.1,adaptive,8,0.015625,35,0,0,3,nan,nan,0.0,0.0,0,0,0,0,0,0,0.0,nan,0,1.0,198.46699999999998,227.1143,0,3,0,28,1.0,6,0.6480000000000001,0.648,0.0538014667406808
0.14583333333333334,1.493705256494444,0.1343037306821913,3.1093564684515456,0.9791666666666666,20.729166666666668,4.089774664134623,0.10333911454219112,6328.997453657095,54,54,geolife,geolife_data_rdfbsp_tau_1.0,rdfbsp,0.1,adaptive,8,0.015625,38,3,3,6,1.0,1.0,0.07083333333333333,0.07083333333333333,0,0,0,0,3,3,0.07894736842105263,1.0,3,1.0,205.0335,274.61969999999997,0,6,0,33,1.0,6,0.6480000000000001,0.648,0.0538014667406808
0.2916666666666667,1.9356438625798305,0.3074224131796454,3.32924126537838,0.7083333333333334,15.333333333333334,3.3027091642563993,0.17580424977830525,8218.490710575925,58,58,geolife,geolife_data_rdfbsp_tau_1.0,rdfbsp,0.1,adaptive,8,0.015625,35,8,4,7,0.5,0.379110251450677,0.3590277777777778,0.13611111111111113,1,0,2,1,5,3,0.11428571428571428,1.0,4,1.0,193.153,227.8739,0,6,1,29,1.0,6,0.6480000000000001,0.648,0.0538014667406808
0.6041666666666666,0.6183440833429504,0.2911062541469758,1.9180284419548332,0.9791666666666666,13.583333333333334,3.0491177107870278,0.38687676061181625,2617.6004282844838,62,62,geolife,geolife_data_rdfbsp_tau_1.0,rdfbsp,0.1,adaptive,8,0.015625,35,4,3,8,0.75,0.2286501377410468,0.32410714285714287,0.07410714285714286,1,0,0,0,3,3,0.08571428571428572,1.0,3,1.0,194.2045,214.99024999999997,0,8,0,42,1.0,6,0.6480000000000001,0.648,0.0538014667406808
0.7708333333333334,0.22916666666666666,0.5596790665738034,1.0134903179989228,0.9791666666666666,6.770833333333333,1.8808206173973472,0.2503657485613661,956.65625,64,64,geolife,geolife_data_rdfbsp_tau_1.0,rdfbsp,0.1,adaptive,8,0.015625,35,4,4,12,1.0,1.0,0.17777777777777778,0.17777777777777778,0,0,2,2,2,2,0.11428571428571428,1.0,4,1.0,197.437,233.39105,0,12,0,48,1.0,6,0.6480000000000001,0.648,0.0538014667406808
0.5416666666666666,0.7332433251950746,0.4326607667619445,1.3290983708552828,1.0,11.583333333333334,2.6181472949866005,0.20590907324147076,3075.58750539508,67,67,geolife,geolife_data_rdfbsp_tau_1.0,rdfbsp,0.1,adaptive,8,0.015625,37,5,4,10,0.8,0.5573122529644268,0.5647321428571429,0.31473214285714285,2,1,0,0,3,3,0.10810810810810811,1.0,4,1.0,195.6585,211.2088,0,8,0,40,1.0,6,0.6480000000000001,0.648,0.0538014667406808
0.125,1.3398579228363428,0.09876605242076808,2.5559154362610585,1.0,20.125,4.233972536762843,0.05301716302504609,5669.194879283746,68,68,geolife,geolife_data_rdfbsp_tau_1.0,rdfbsp,0.1,adaptive,8,0.015625,33,6,2,7,0.3333333333333333,0.18248175182481752,0.18348214285714284,0.033482142857142856,0,0,1,0,5,2,0.06060606060606061,1.0,2,1.0,199.52100000000002,229.49804999999998,0,5,0,18,1.0,6,0.6480000000000001,0.648,0.0538014667406808
0.4375,0.9616012364296059,0.3480618858832741,1.8948287362182377,1.0,12.875,3.0106261975614275,0.23263444484813925,4059.214249325505,69,69,geolife,geolife_data_rdfbsp_tau_1.0,rdfbsp,0.1,adaptive,8,0.015625,37,2,1,5,0.5,0.75,0.08333333333333333,0.0625,0,0,1,1,1,0,0.02702702702702703,0.5,1,1.0,201.0895,224.8269,0,5,0,41,1.0,6,0.6480000000000001,0.648,0.0538014667406808
0.0,3.00684184485638,0.07909983575325788,4.1019893116926225,0.875,37.395833333333336,5.014087653586077,0.07909983575325787,12677.999297346534,73,73,geolife,geolife_data_rdfbsp_tau_1.0,rdfbsp,0.1,adaptive,8,0.015625,31,3,1,3,0.3333333333333333,0.16,0.11160714285714285,0.017857142857142856,0,0,1,0,2,1,0.03225806451612903,0.5,1,1.0,195.77100000000002,216.5607,0,2,0,8,1.0,6,0.6480000000000001,0.648,0.0538014667406808
0.16666666666666666,1.274909991861741,0.2956437037783029,1.8114108290509368,1.0,11.125,2.850335569720434,0.1797378794286262,5336.7750053950795,74,74,geolife,geolife_data_rdfbsp_tau_1.0,rdfbsp,0.1,adaptive,8,0.015625,38,3,2,6,0.6666666666666666,0.8955223880597015,0.29910714285714285,0.26785714285714285,1,1,0,0,2,1,0.05263157894736842,0.6666666666666666,2,1.0,201.9185,265.04269999999997,0,6,0,47,1.0,6,0.6480000000000001,0.648,0.0538014667406808
0.08333333333333333,2.2104165287132873,0.11667842206124474,3.538236177551513,0.8958333333333334,22.6875,4.201892428263199,0.03889131120218764,9336.300260065605,78,78,geolife,geolife_data_rdfbsp_tau_1.0,rdfbsp,0.1,adaptive,8,0.015625,30,4,3,8,0.75,0.06250000000000001,1.0666666666666664,0.06666666666666667,1,0,0,0,3,3,0.1,0.75,3,1.0,196.0025,225.7435,0,8,0,26,1.0,6,0.6480000000000001,0.648,0.0538014667406808
0.625,0.5047244325502992,0.23392881766253715,1.8506509069740325,1.0,15.125,3.545086860744217,0.3910711823374628,2111.193766978558,79,79,geolife,geolife_data_rdfbsp_tau_1.0,rdfbsp,0.1,adaptive,8,0.015625,33,0,0,5,nan,nan,0.0,0.0,0,0,0,0,0,0,0.0,nan,0,1.0,198.27300000000002,222.23149999999998,0,5,0,42,1.0,6,0.6480000000000001,0.648,0.0538014667406808
0.0,1.5885968727410578,0.11848058876761743,2.2990017792644033,1.0,15.958333333333334,3.9058175382958225,0.11848058876761743,6717.848708553317,82,82,geolife,geolife_data_rdfbsp_tau_1.0,rdfbsp,0.1,adaptive,8,0.015625,37,4,3,9,0.75,0.7391304347826088,0.09583333333333333,0.07083333333333333,0,0,0,0,4,3,0.08108108108108109,1.0,3,1.0,194.4105,217.23129999999998,0,9,0,45,1.0,6,0.6480000000000001,0.648,0.0538014667406808
0.0,1.926056046728324,0.1267670968733204,2.1585410499955593,1.0,19.875,4.059085733682248,0.1267670968733204,8182.572224390304,83,83,geolife,geolife_data_rdfbsp_tau_1.0,rdfbsp,0.1,adaptive,8,0.015625,38,5,3,8,0.6,0.5307262569832402,0.18645833333333334,0.09895833333333333,0,0,2,1,3,2,0.07894736842105263,1.0,3,1.0,199.168,222.54479999999998,0,9,2,34,1.0,6,0.6480000000000001,0.648,0.0538014667406808
0.14583333333333334,1.8254109084707528,0.294610486851367,2.5045894458682305,1.0,16.458333333333332,3.3894297970776557,0.15354846857767282,7758.378087429501,84,84,geolife,geolife_data_rdfbsp_tau_1.0,rdfbsp,0.1,adaptive,8,0.015625,38,4,4,7,1.0,1.0,0.09077380952380952,0.09077380952380952,0,0,0,0,4,4,0.10526315789473684,1.0,4,1.0,195.76850000000002,221.65545,0,5,0,31,1.0,6,0.6480000000000001,0.648,0.0538014667406808
0.041666666666666664,1.7250349870090609,0.18834232482128252,2.579616312433661,0.8541666666666666,13.604166666666666,3.4713615481464366,0.1889429650538592,7290.732724584901,89,89,geolife,geolife_data_rdfbsp_tau_1.0,rdfbsp,0.1,adaptive,8,0.015625,33,3,2,5,0.6666666666666666,0.9032258064516129,0.3229166666666667,0.2916666666666667,1,1,1,1,1,0,0.06060606060606061,0.6666666666666666,2,1.0,197.487,223.0384,0,6,1,37,1.0,6,0.6480000000000001,0.648,0.0538014667406808
0.041666666666666664,1.3479174253354487,0.14993162346203107,2.4560308436448497,1.0,16.895833333333332,3.827585535516366,0.14638393734683305,5681.9944100346665,102,102,geolife,geolife_data_rdfbsp_tau_1.0,rdfbsp,0.1,adaptive,8,0.015625,32,5,3,6,0.6,0.2653673163418291,0.39702380952380956,0.10535714285714286,1,0,2,1,2,2,0.09375,1.0,3,1.0,199.9875,223.2763,0,4,0,18,1.0,6,0.6480000000000001,0.648,0.0538014667406808
0.08333333333333333,1.5407294718387423,0.09959354839322787,2.9965790618183696,0.9583333333333334,27.291666666666668,4.659452912844081,0.13268358639679922,6536.7462340641,103,103,geolife,geolife_data_rdfbsp_tau_1.0,rdfbsp,0.1,adaptive,8,0.015625,36,4,4,6,1.0,1.0,0.08035714285714285,0.08035714285714285,0,0,0,0,4,4,0.1111111111111111,1.0,4,1.0,197.837,221.50869999999998,0,3,0,10,1.0,6,0.6480000000000001,0.648,0.0538014667406808
0.5416666666666666,0.8223251615033181,0.101575846227439,2.550178944821622,1.0,31.708333333333332,4.7704059362764175,0.4400908204392276,3466.6063925890558,104,104,geolife,geolife_data_rdfbsp_tau_1.0,rdfbsp,0.1,adaptive,8,0.015625,41,3,1,2,0.3333333333333333,0.014778325123152709,1.0572916666666667,0.015625,1,0,1,0,1,1,0.024390243902439025,0.5,1,1.0,196.226,217.56095,0,1,0,18,1.0,6,0.6480000000000001,0.648,0.0538014667406808
0.8541666666666666,0.14583333333333334,0.5574106773978057,0.9859686066288028,1.0,11.708333333333334,2.264706285807538,0.2967559892688611,608.78125,112,112,geolife,geolife_data_rdfbsp_tau_1.0,rdfbsp,0.1,adaptive,8,0.015625,36,4,4,12,1.0,1.0,0.09494047619047619,0.09494047619047619,0,0,0,0,4,4,0.1111111111111111,1.0,4,1.0,199.784,219.07255,0,12,0,39,1.0,6,0.6480000000000001,0.648,0.0538014667406808
0.0,2.2238467521325957,0.11892307328999506,4.255221918219227,0.7291666666666666,16.9375,3.974770457965987,0.11892307328999507,9394.227839112207,113,113,geolife,geolife_data_rdfbsp_tau_1.0,rdfbsp,0.1,adaptive,8,0.015625,36,7,2,8,0.2857142857142857,0.015732150060508272,2.5822916666666664,0.040625,4,0,1,0,2,2,0.05555555555555555,1.0,2,1.0,201.3265,228.40109999999999,0,7,0,36,1.0,6,0.6480000000000001,0.648,0.0538014667406808
0.020833333333333332,1.7933747067963424,0.1844812171362106,2.5263452928295287,1.0,19.916666666666668,3.7523949299523154,0.16364788380287723,7580.889430454295,119,119,geolife,geolife_data_rdfbsp_tau_1.0,rdfbsp,0.1,adaptive,8,0.015625,35,1,1,4,1.0,1.0,0.017857142857142856,0.017857142857142856,0,0,0,0,1,1,0.02857142857142857,1.0,1,1.0,198.9925,253.10849999999996,0,5,1,32,1.0,6,0.6480000000000001,0.648,0.0538014667406808
0.4791666666666667,0.555351130197758,0.2630402627509603,1.4253287058252893,1.0,6.0625,2.356996234940309,0.2888360931434255,2339.193226629582,122,122,geolife,geolife_data_rdfbsp_tau_1.0,rdfbsp,0.1,adaptive,8,0.015625,34,5,5,16,1.0,1.0,0.32440476190476186,0.32440476190476186,1,1,0,0,4,4,0.14705882352941177,1.0,5,1.0,200.4645,223.015,0,14,0,48,1.0,6,0.6480000000000001,0.648,0.0538014667406808
0.0,1.4591808010400695,0.19014383468671503,2.0860868126032783,1.0,16.270833333333332,3.5095395077977494,0.19014383468671506,6147.847113805183,128,128,geolife,geolife_data_rdfbsp_tau_1.0,rdfbsp,0.1,adaptive,8,0.015625,41,4,4,8,1.0,1.0,0.08779761904761904,0.08779761904761904,0,0,0,0,4,4,0.0975609756097561,1.0,4,1.0,197.54149999999998,224.49734999999998,0,6,0,36,1.0,6,0.6480000000000001,0.648,0.0538014667406808
0.3541666666666667,0.8113389981249824,0.2058682379728672,1.967632375900959,1.0,14.395833333333334,3.4390926734481795,0.17454191404713745,3412.295356869856,138,138,geolife,geolife_data_rdfbsp_tau_1.0,rdfbsp,0.1,adaptive,8,0.015625,37,3,0,9,0.0,0.0,1.3125,0.0,2,0,1,0,0,0,0.0,0.0,0,1.0,194.513,221.2853,0,9,0,44,1.0,6,0.6480000000000001,0.648,0.0538014667406808
0.0,2.0223064528164048,0.11627099000350148,2.780254734069971,1.0,21.458333333333332,4.191266313967259,0.1162709900035015,8506.085906118635,142,142,geolife,geolife_data_rdfbsp_tau_1.0,rdfbsp,0.1,adaptive,8,0.015625,37,3,0,4,0.0,0.0,1.1041666666666667,0.0,1,0,2,0,0,0,0.0,0.0,0,1.0,196.295,211.03765,0,4,0,32,1.0,6,0.6480000000000001,0.648,0.0538014667406808
0.3541666666666667,1.0262536398251993,0.11654925664196454,2.545959392308283,1.0,17.916666666666668,4.064625797402308,0.23761741002470216,4320.35295414745,147,147,geolife,geolife_data_rdfbsp_tau_1.0,rdfbsp,0.1,adaptive,8,0.015625,35,0,0,6,nan,nan,0.0,0.0,0,0,0,0,0,0,0.0,nan,0,1.0,197.28699999999998,228.83239999999998,0,5,0,31,1.0,6,0.6480000000000001,0.648,0.0538014667406808
0.625,0.375,0.47645317394308623,0.970437290971632,1.0,7.1875,2.109560135280589,0.219987804139146,1569.2884969760914,159,159,geolife,geolife_data_rdfbsp_tau_1.0,rdfbsp,0.1,adaptive,8,0.015625,33,2,1,10,0.5,0.020408163265306124,1.0208333333333333,0.020833333333333332,1,0,0,0,1,1,0.030303030303030304,1.0,1,1.0,197.36149999999998,212.49355,0,10,0,48,1.0,6,0.6480000000000001,0.648,0.0538014667406808
0.4166666666666667,1.6449187277972024,0.3155415136339242,2.2936637744643966,1.0,13.208333333333334,3.1733351359711706,0.17849607638604784,7001.948232651018,167,167,geolife,geolife_data_rdfbsp_tau_1.0,rdfbsp,0.1,adaptive,8,0.015625,36,4,3,6,0.75,0.2727272727272727,0.34375,0.09375,1,0,1,1,2,2,0.08333333333333333,1.0,3,1.0,199.793,216.9466,0,4,0,39,1.0,6,0.6480000000000001,0.648,0.0538014667406808
0.1875,1.737987512189245,0.12609657410773528,3.7451021475021573,0.7083333333333334,22.520833333333332,4.285822966103006,0.08303333928936087,7331.568327633271,168,168,geolife,geolife_data_rdfbsp_tau_1.0,rdfbsp,0.1,adaptive,8,0.015625,42,4,1,2,0.25,0.03571428571428571,0.5833333333333334,0.020833333333333332,2,0,1,0,1,1,0.023809523809523808,0.3333333333333333,1,1.0,196.5235,235.81594999999996,0,2,0,42,1.0,6,0.6480000000000001,0.648,0.0538014667406808
0.08333333333333333,1.4527821387616264,0.2390712219293466,3.1569510028243193,0.7916666666666666,15.895833333333334,3.35363112039475,0.20722615873174668,6121.124258574336,169,169,geolife,geolife_data_rdfbsp_tau_1.0,rdfbsp,0.1,adaptive,8,0.015625,34,2,2,10,1.0,1.0,0.0625,0.0625,0,0,1,1,1,1,0.058823529411764705,1.0,2,1.0,192.4505,210.6405,0,10,1,40,1.0,6,0.6480000000000001,0.648,0.0538014667406808
0.3541666666666667,0.6458333333333334,0.385746177701684,1.2118238477109566,1.0,7.541666666666667,2.3725889652421883,0.2693671232200126,2746.0942106891857,174,174,geolife,geolife_data_rdfbsp_tau_1.0,rdfbsp,0.1,adaptive,8,0.015625,39,5,4,9,0.8,0.2835820895522388,1.3958333333333333,0.3958333333333333,2,1,2,2,1,1,0.10256410256410256,1.0,4,1.0,190.6485,203.5504,0,9,0,48,1.0,6,0.6480000000000001,0.648,0.0538014667406808
0.2916666666666667,0.8895517668715621,0.24015440299408797,1.6886891781132407,1.0,9.041666666666666,2.8117012416231444,0.12472976411030667,3763.363049175892,177,177,geolife,geolife_data_rdfbsp_tau_1.0,rdfbsp,0.1,adaptive,8,0.015625,34,5,4,11,0.8,0.8448275862068965,0.16111111111111112,0.1361111111111111,0,0,1,1,4,3,0.11764705882352941,1.0,4,1.0,198.06799999999998,236.24049999999997,0,11,0,48,1.0,6,0.6480000000000001,0.648,0.0538014667406808
0.25,2.0124598575917463,0.09951836181066127,2.889292879656526,1.0,30.583333333333332,4.735770901189282,0.19134996891483477,8461.32925778897,179,179,geolife,geolife_data_rdfbsp_tau_1.0,rdfbsp,0.1,adaptive,8,0.015625,36,2,2,3,1.0,1.0,0.033482142857142856,0.033482142857142856,0,0,0,0,2,2,0.05555555555555555,1.0,2,1.0,190.437,205.28695,0,1,0,14,1.0,6,0.6480000000000001,0.648,0.0538014667406808
0.004210069444444444,3.3567375034261104,0.0660931640761774,3.6360877861095684,1.0,40.958333333333336,5.164890066557944,0.06188309463173294,3356.737503426111,5000,0,walk,walk_new_bsp,bsp,0.1,adaptive,8,0.015625,41,5,3,3,0.6,0.4048582995951417,0.14702380952380953,0.05952380952380952,0,0,1,0,4,3,0.07317073170731707,0.5,3,1.0,29.871000000000002,38.9696,0,0,0,0,,0,0.6480000000000001,0.648,0.3
0.05783420138888889,2.9830466885460347,0.07081553985853228,2.9565039010927183,1.0,25.5625,4.565553062023462,0.012981338469643397,2983.0466885460337,5000,1,walk,walk_new_bsp,bsp,0.1,adaptive,8,0.015625,37,3,1,5,0.3333333333333333,0.13793103448275862,0.18125,0.025,1,0,0,0,2,1,0.02702702702702703,0.3333333333333333,1,1.0,30.316000000000003,37.27175,0,0,0,0,,0,0.6480000000000001,0.648,0.3
0.002277945788530466,3.335329450985052,0.07159914775117984,3.769059092025783,0.8958333333333334,31.458333333333332,4.827883816332047,0.06932120196264938,3335.3294509850534,5000,2,walk,walk_new_bsp,bsp,0.1,adaptive,8,0.015625,39,2,1,4,0.5,0.020408163265306124,1.0208333333333333,0.020833333333333332,1,0,0,0,1,1,0.02564102564102564,0.5,1,1.0,30.6755,45.80719999999999,0,0,0,0,,0,0.6480000000000001,0.648,0.3
0.0020399305555555557,2.7823011159724342,0.05619528658649634,3.647684474226352,0.9791666666666666,42.208333333333336,5.266940668662257,0.054155356030940786,2782.301115972434,5000,3,walk,walk_new_bsp,bsp,0.1,adaptive,8,0.015625,37,4,2,4,0.5,0.4067796610169491,0.12291666666666667,0.05,0,0,1,0,3,2,0.05405405405405406,0.5,2,1.0,30.822499999999998,38.60545,0,0,0,0,,0,0.6480000000000001,0.648,0.3
0.14776475694444444,1.4372203358971714,0.08449496302406158,2.7084290771300528,0.9583333333333334,24.145833333333332,4.555892417272372,0.06326979392038286,1437.2203358971717,5001,0,walk,walk_new_bsp,bsp,0.1,adaptive,8,0.015625,36,4,2,10,0.5,0.28571428571428575,0.175,0.05,0,0,2,0,2,2,0.05555555555555555,0.5,2,1.0,30.4445,38.9246,0,0,0,0,,0,0.6480000000000001,0.648,0.3
0.002511699879227053,2.3512504565027896,0.059557860403473765,3.4669524155521603,1.0,36.958333333333336,5.092197753327513,0.057046160524246714,2351.250456502791,5001,1,walk,walk_new_bsp,bsp,0.1,adaptive,8,0.015625,39,2,2,3,1.0,1.0,0.05208333333333333,0.05208333333333333,0,0,0,0,2,2,0.05128205128205128,1.0,2,1.0,29.717,41.98075,0,0,0,0,,0,0.6480000000000001,0.648,0.3
0.0011935763888888888,3.609600736009502,0.07674716541297091,3.1454451377266306,0.9791666666666666,24.395833333333332,4.546086853532611,0.07555358902408202,3609.600736009504,5001,2,walk,walk_new_bsp,bsp,0.1,adaptive,8,0.015625,35,4,2,5,0.5,0.03812316715542523,1.0656249999999998,0.040625,1,0,0,0,3,2,0.05714285714285714,1.0,2,1.0,30.7735,37.58265,0,0,0,0,,0,0.6480000000000001,0.648,0.3
0.09670138888888889,2.011960021648032,0.07458960954119286,2.9372349643492797,1.0,28.1875,4.651072412602854,0.022111779347696026,2011.960021648031,5001,3,walk,walk_new_bsp,bsp,0.1,adaptive,8,0.015625,33,1,0,8,0.0,0.0,0.0625,0.0,0,0,1,0,0,0,0.0,0.0,0,1.0,31.933,45.263799999999996,0,0,0,0,,0,0.6480000000000001,0.648,0.3
0.0,4.779940744862287,0.06810755835898696,4.249473213411039,0.875,43.958333333333336,5.248290216446871,0.06810755835898696,4779.940744862283,5002,0,walk,walk_new_bsp,bsp,0.1,adaptive,8,0.015625,38,3,1,4,0.3333333333333333,0.21126760563380279,0.08452380952380953,0.017857142857142856,0,0,1,0,2,1,0.02631578947368421,0.3333333333333333,1,1.0,30.616500000000002,37.9516,0,0,0,0,,0,0.6480000000000001,0.648,0.3
0.0018880208333333336,2.96129065571573,0.06769820397726593,4.063685623153007,0.75,32.458333333333336,4.904757590627042,0.0658101831439326,2961.290655715729,5002,1,walk,walk_new_bsp,bsp,0.1,adaptive,8,0.015625,37,4,4,7,1.0,1.0,0.12202380952380952,0.12202380952380952,0,0,1,1,3,3,0.10810810810810811,1.0,4,1.0,29.924500000000002,38.64074999999999,0,0,0,0,,0,0.6480000000000001,0.648,0.3
0.16981481481481484,1.4652775235451285,0.07838463895703528,3.051713059575683,1.0,31.020833333333332,4.810111884113,0.09976350919111289,1465.2775235451293,5002,2,walk,walk_new_bsp,bsp,0.1,adaptive,8,0.015625,38,3,2,3,0.6666666666666666,0.05013192612137203,1.0527777777777778,0.05277777777777778,1,0,0,0,2,2,0.05263157894736842,0.6666666666666666,2,1.0,29.4195,35.0353,0,0,0,0,,0,0.6480000000000001,0.648,0.3
0.27200520833333336,1.2365407397266313,0.07392725620712957,2.762119522526594,1.0,30.125,4.754357271458136,0.19807795212620374,1236.5407397266315,5002,3,walk,walk_new_bsp,bsp,0.1,adaptive,8,0.015625,35,2,0,7,0.0,0.0,1.25,0.0,2,0,0,0,0,0,0.0,0.0,0,1.0,29.528,40.78294999999999,0,0,0,0,,0,0.6480000000000001,0.648,0.3
0.0,3.519574906587655,0.06950573111686388,3.5814853333369725,0.9166666666666666,29.9375,4.792376600036955,0.06950573111686388,3519.5749065876566,5003,0,walk,walk_new_bsp,bsp,0.1,adaptive,8,0.015625,32,3,2,7,0.6666666666666666,0.4878048780487805,0.12202380952380952,0.05952380952380952,0,0,2,1,1,1,0.0625,1.0,2,1.0,30.622500000000002,36.042649999999995,0,0,0,0,,0,0.6480000000000001,0.648,0.3
0.0033420138888888887,2.317455706134115,0.07367190766437506,2.9966727666905464,1.0,28.208333333333332,4.663249038127586,0.07032989377548617,2317.4557061341156,5003,1,walk,walk_new_bsp,bsp,0.1,adaptive,8,0.015625,41,8,7,9,0.875,0.7676991150442478,0.26904761904761904,0.20654761904761904,0,0,3,2,5,5,0.17073170731707318,0.75,7,1.0,30.192500000000003,35.5335,0,0,0,0,,0,0.6480000000000001,0.648,0.3
0.44557291666666665,1.508948693904049,0.08706037118701272,2.9918939893785352,1.0,33.541666666666664,4.926806266670655,0.358512545479654,1508.948693904049,5003,2,walk,walk_new_bsp,bsp,0.1,adaptive,8,0.015625,36,3,0,5,0.0,0.0,1.0803571428571428,0.0,1,0,1,0,1,0,0.0,0.0,0,1.0,30.189999999999998,38.24665,0,0,0,0,,0,0.6480000000000001,0.648,0.3
0.06825086805555555,3.5786230778877823,0.07683324497267567,3.472565460509348,0.9375,27.041666666666668,4.620248048298615,0.008582376917120124,3578.623077887782,5003,3,walk,walk_new_bsp,bsp,0.1,adaptive,8,0.015625,38,2,0,7,0.0,0.0,0.05625,0.0,0,0,0,0,2,0,0.0,0.0,0,1.0,31.483,44.90725,0,0,0,0,,0,0.6480000000000001,0.648,0.3
0.0022569444444444447,5.056048713782789,0.08558176133366614,4.44280951128739,0.75,31.541666666666668,4.796775145462371,0.08332481688922168,5056.048713782786,5004,0,walk,walk_new_bsp,bsp,0.1,adaptive,8,0.015625,30,3,2,4,0.6666666666666666,0.3225806451612903,0.1845238095238095,0.05952380952380952,1,0,1,1,1,1,0.06666666666666667,1.0,2,1.0,30.188499999999998,43.86784999999998,0,0,0,0,,0,0.6480000000000001,0.648,0.3
0.004148065476190476,2.966850088858172,0.04684116959419147,4.16142773497359,1.0,43.895833333333336,5.384376456214389,0.042693104118001,2966.850088858173,5004,1,walk,walk_new_bsp,bsp,0.1,adaptive,8,0.015625,36,8,5,9,0.625,0.14320685434516525,0.6078869047619047,0.08705357142857142,2,0,0,0,6,5,0.1388888888888889,0.6666666666666666,5,1.0,30.1065,34.21945,0,0,0,0,,0,0.6480000000000001,0.648,0.3
0.011393229166666666,1.9953892450645319,0.07879053650991234,2.939218724392042,1.0,26.645833333333332,4.592901899577559,0.06739730734324567,1995.3892450645326,5004,2,walk,walk_new_bsp,bsp,0.1,adaptive,8,0.015625,35,1,0,7,0.0,0.0,0.017857142857142856,0.0,0,0,0,0,1,0,0.0,0.0,0,1.0,29.965,35.92095,0,0,0,0,,0,0.6480000000000001,0.648,0.3
0.06282552083333333,2.2327320099606736,0.06791493135819071,3.359348719646429,0.9375,34.958333333333336,5.001140311284442,0.005089410524857376,2232.7320099606736,5004,3,walk,walk_new_bsp,bsp,0.1,adaptive,8,0.015625,36,4,3,7,0.75,0.588235294117647,0.10119047619047619,0.05952380952380952,0,0,1,0,3,3,0.08333333333333333,0.6666666666666666,3,1.0,31.248,35.9705,0,0,0,0,,0,0.6480000000000001,0.648,0.3
0.00583767361111111,4.844862524888428,0.07998865115009976,4.228768870721809,0.75,26.520833333333332,4.582839799083289,0.07415097753898865,4844.862524888425,5005,0,walk,walk_new_bsp,bsp,0.1,adaptive,8,0.015625,38,6,2,8,0.3333333333333333,0.07801418439716312,0.6294642857142857,0.049107142857142856,2,0,1,0,3,2,0.05263157894736842,0.4,2,1.0,29.4185,46.920249999999996,0,0,0,0,,0,0.6480000000000001,0.648,0.3
0.0,3.8890851819094117,0.07089282645107471,3.469888970928549,1.0,37.5,5.050301534661084,0.07089282645107471,3889.0851819094137,5005,1,walk,walk_new_bsp,bsp,0.1,adaptive,8,0.015625,36,3,1,3,0.3333333333333333,0.01639344262295082,1.2708333333333333,0.020833333333333332,2,0,0,0,1,1,0.027777777777777776,0.5,1,1.0,30.643500000000003,36.38305,0,0,0,0,,0,0.6480000000000001,0.648,0.3
0.000759548611111111,3.2479770973171114,0.06439150080649404,3.8304475224058705,0.8125,31.083333333333332,4.887369850171029,0.06363195219538294,3247.9770973171126,5005,2,walk,walk_new_bsp,bsp,0.1,adaptive,8,0.015625,38,4,2,7,0.5,0.11016949152542374,0.35119047619047616,0.03869047619047619,1,0,1,0,2,2,0.05263157894736842,0.6666666666666666,2,1.0,30.058999999999997,35.8198,0,0,0,0,,0,0.6480000000000001,0.648,0.3
0.04251302083333333,3.0231456224756603,0.06809337987311666,3.628677920413942,0.8541666666666666,35.458333333333336,4.987560071619881,0.025580359039783323,3023.1456224756603,5005,3,walk,walk_new_bsp,bsp,0.1,adaptive,8,0.015625,34,3,2,6,0.6666666666666666,0.5625,0.14285714285714285,0.08035714285714285,0,0,2,1,1,1,0.058823529411764705,0.6666666666666666,2,1.0,31.438,40.57769999999999,0,0,0,0,,0,0.6480000000000001,0.648,0.3
0.004166666666666667,3.603268838369356,0.07105928121281781,3.4930366636265924,0.8541666666666666,30.916666666666668,4.770366797899745,0.06689261454615113,3603.268838369353,5006,0,walk,walk_new_bsp,bsp,0.1,adaptive,8,0.015625,36,6,4,8,0.6666666666666666,0.2985611510791367,0.3861111111111111,0.11527777777777778,1,0,0,0,5,4,0.1111111111111111,0.75,4,1.0,30.11,36.087399999999995,0,0,0,0,,0,0.6480000000000001,0.648,0.3
0.024739583333333332,1.8075121770939682,0.07668817917864394,2.976118596980068,1.0,26.083333333333332,4.662032570042825,0.05194859584531061,1807.5121770939697,5006,1,walk,walk_new_bsp,bsp,0.1,adaptive,8,0.015625,40,2,0,4,0.0,0.0,0.3125,0.0,1,0,1,0,0,0,0.0,0.0,0,1.0,30.689,39.37239999999999,0,0,0,0,,0,0.6480000000000001,0.648,0.3
0.02886284722222222,2.7791286150056753,0.08394695824636982,3.1967913827761207,1.0,24.541666666666668,4.512016523301788,0.055084111024147585,2779.1286150056753,5006,2,walk,walk_new_bsp,bsp,0.1,adaptive,8,0.015625,33,0,0,9,nan,nan,0.0,0.0,0,0,0,0,0,0,0.0,nan,0,1.0,31.0825,41.75739999999999,0,0,0,0,,0,0.6480000000000001,0.648,0.3
0.022026909722222224,3.1394442617145977,0.056451011325584076,3.888912345544048,0.9166666666666666,47.520833333333336,5.410365378082301,0.03442410160336185,3139.444261714596,5006,3,walk,walk_new_bsp,bsp,0.1,adaptive,8,0.015625,36,2,1,3,0.5,0.07692307692307693,0.2708333333333333,0.020833333333333332,1,0,0,0,1,1,0.027777777777777776,0.5,1,1.0,30.203,36.282199999999996,0,0,0,0,,0,0.6480000000000001,0.648,0.3
0.036458333333333336,3.494403651985223,0.061895254415404714,3.544718226803786,1.0,34.375,4.970299671987949,0.02543692108207138,3494.403651985222,5007,0,walk,walk_new_bsp,bsp,0.1,adaptive,8,0.015625,39,6,4,9,0.6666666666666666,0.2708333333333333,0.4,0.10833333333333334,1,0,2,1,3,3,0.10256410256410256,0.75,4,1.0,30.056,39.86639999999999,0,0,0,0,,0,0.6480000000000001,0.648,0.3
0.002495659722222222,2.5652116573828496,0.08213405086008262,2.82098801691211,1.0,21.770833333333332,4.403977778701857,0.0796383911378604,2565.211657382849,5007,1,walk,walk_new_bsp,bsp,0.1,adaptive,8,0.015625,33,4,2,14,0.5,0.1085383502170767,0.30848214285714287,0.033482142857142856,1,0,0,0,3,2,0.06060606060606061,0.5,2,1.0,30.3705,44.43295,0,0,0,0,,0,0.6480000000000001,0.648,0.3
0.021158854166666668,5.67731472906972,0.06026174995422553,3.5893833210206,1.0,45.6875,5.292094017639413,0.03910289578755887,5677.31472906972,5007,2,walk,walk_new_bsp,bsp,0.1,adaptive,8,0.015625,40,1,1,5,1.0,1.0,0.017857142857142856,0.017857142857142856,0,0,0,0,1,1,0.025,1.0,1,1.0,31.826999999999998,37.31935,0,0,0,0,,0,0.6480000000000001,0.648,0.3
0.005642361111111111,3.57834917246449,0.07511803973603683,3.406272522307027,0.9375,24.333333333333332,4.534318590353512,0.06947567862492571,3578.3491724644905,5007,3,walk,walk_new_bsp,bsp,0.1,adaptive,8,0.015625,33,5,4,10,0.8,0.10040160642570281,1.1116071428571428,0.11160714285714285,1,0,1,1,3,3,0.12121212121212122,1.0,4,1.0,29.926499999999997,39.5224,0,0,0,0,,0,0.6480000000000001,0.648,0.3
0.020833333333333332,2.2991991960065135,0.07863717200056573,2.917412699185288,1.0,29.375,4.668048480309541,0.0578038386672324,2299.1991960065147,5008,0,walk,walk_new_bsp,bsp,0.1,adaptive,8,0.015625,33,4,4,12,1.0,1.0,0.1324404761904762,0.1324404761904762,0,0,1,1,3,3,0.12121212121212122,1.0,4,1.0,29.915999999999997,36.9815,0,0,0,0,,0,0.6480000000000001,0.648,0.3
0.02372685185185185,2.064531651495042,0.06589391067712469,3.2852002185373386,1.0,31.979166666666668,4.9468898568396105,0.042167058825272836,2064.5316514950428,5008,1,walk,walk_new_bsp,bsp,0.1,adaptive,8,0.015625,37,3,3,5,1.0,1.0,0.09722222222222221,0.09722222222222221,0,0,1,1,2,2,0.08108108108108109,1.0,3,1.0,30.2635,39.840399999999995,0,0,0,0,,0,0.6480000000000001,0.648,0.3
0.003298611111111111,3.4664595481638827,0.07923664546146476,3.666329323441888,0.9791666666666666,26.645833333333332,4.550403148437035,0.07593803435035366,3466.459548163884,5008,2,walk,walk_new_bsp,bsp,0.1,adaptive,8,0.015625,35,3,1,6,0.3333333333333333,0.14285714285714288,0.14583333333333331,0.020833333333333332,0,0,2,0,1,1,0.02857142857142857,0.3333333333333333,1,1.0,30.6425,42.27999999999999,0,0,0,0,,0,0.6480000000000001,0.648,0.3
0.041666666666666664,2.136226699671671,0.06716248311908503,3.2915876270104163,1.0,37.875,5.13182940360218,0.025495816452418357,2136.226699671673,5008,3,walk,walk_new_bsp,bsp,0.1,adaptive,8,0.015625,30,4,3,6,0.75,0.05525094896668074,1.0584821428571427,0.05848214285714286,1,0,0,0,3,3,0.1,0.75,3,1.0,30.052999999999997,42.469699999999996,0,0,0,0,,0,0.6480000000000001,0.648,0.3
0.0003255208333333333,3.3826927138522502,0.06334564134400504,4.0701123674827135,0.9583333333333334,40.541666666666664,5.1793105845723275,0.06302012051067171,3382.6927138522515,5009,0,walk,walk_new_bsp,bsp,0.1,adaptive,8,0.015625,32,5,3,8,0.6,0.3296089385474861,0.18645833333333334,0.06145833333333334,0,0,2,0,3,3,0.09375,1.0,3,1.0,31.5905,44.89994999999999,0,0,0,0,,0,0.6480000000000001,0.648,0.3
0.030164930555555556,2.0576860332974114,0.0796051311135292,3.5019688897046795,0.875,27.020833333333332,4.678287788675816,0.04944020055797362,2057.6860332974125,5009,1,walk,walk_new_bsp,bsp,0.1,adaptive,8,0.015625,38,2,2,8,1.0,1.0,0.05,0.05,0,0,0,0,2,2,0.05263157894736842,1.0,2,1.0,30.4585,38.26195,0,0,0,0,,0,0.6480000000000001,0.648,0.3
0.00043402777777777775,4.401344189319932,0.07744378317490078,4.318677630286555,0.7708333333333334,30.25,4.7999440001700355,0.077009755397123,4401.344189319934,5009,2,walk,walk_new_bsp,bsp,0.1,adaptive,8,0.015625,29,3,1,9,0.3333333333333333,0.35294117647058826,0.07083333333333333,0.025,0,0,0,0,3,1,0.034482758620689655,0.5,1,1.0,31.602,37.5529,0,0,0,0,,0,0.6480000000000001,0.648,0.3
0.007356770833333334,3.6636356881589407,0.04626596867746569,4.119904820894203,0.9583333333333334,50.229166666666664,5.591683107265614,0.03890919784413236,3663.6356881589422,5009,3,walk,walk_new_bsp,bsp,0.1,adaptive,8,0.015625,39,2,1,2,0.5,0.07692307692307693,0.2708333333333333,0.020833333333333332,1,0,0,0,1,1,0.02564102564102564,0.5,1,1.0,28.804000000000002,33.473800000000004,0,0,0,0,,0,0.6480000000000001,0.648,0.3
0.15685143849206348,3.4802770678132586,0.03875429541644647,3.7884385511105383,1.0,49.083333333333336,5.630948150125771,0.11809714307561703,3480.277067813257,5010,0,walk,walk_new_bsp,bsp,0.1,adaptive,8,0.015625,40,7,5,5,0.7142857142857143,0.06873614190687362,1.3422619047619047,0.09226190476190475,2,0,0,0,5,5,0.125,0.75,5,1.0,30.683999999999997,47.072449999999996,0,0,0,0,,0,0.6480000000000001,0.648,0.3
0.0014973958333333332,2.499952459577058,0.05640233036371629,3.412623358327624,1.0,41.270833333333336,5.234580179738335,0.054904934530382955,2499.95245957706,5010,1,walk,walk_new_bsp,bsp,0.1,adaptive,8,0.015625,38,3,2,4,0.6666666666666666,0.5714285714285714,0.14583333333333334,0.08333333333333333,0,0,2,1,1,1,0.05263157894736842,1.0,2,1.0,28.967,36.94995,0,0,0,0,,0,0.6480000000000001,0.648,0.3
0.3146484375,1.5554286240394706,0.0711894885050015,2.839772132433174,1.0,30.5,4.820561400134922,0.24345894899499854,1555.428624039471,5010,2,walk,walk_new_bsp,bsp,0.1,adaptive,8,0.015625,35,4,3,7,0.75,0.5839524517087666,0.10014880952380953,0.05848214285714286,0,0,1,0,3,3,0.08571428571428572,0.75,3,1.0,31.037,42.5498,0,0,0,0,,0,0.6480000000000001,0.648,0.3
0.007595486111111111,2.2767032671511145,0.08497082302174012,3.028366776019626,1.0,23.6875,4.520010139860268,0.07737533691062902,2276.703267151114,5010,3,walk,walk_new_bsp,bsp,0.1,adaptive,8,0.015625,32,5,3,10,0.6,0.25925925925925924,0.36160714285714285,0.09375,1,0,0,0,4,3,0.09375,0.6,3,1.0,31.2705,39.0403,0,0,0,0,,0,0.6480000000000001,0.648,0.3
0.12749565972222224,1.6330904307649987,0.06605411456623421,2.8944327176102234,0.9791666666666666,33.625,4.90973543226061,0.06144154515598802,1633.090430764999,5011,0,walk,walk_new_bsp,bsp,0.1,adaptive,8,0.015625,38,1,0,4,0.0,0.0,1.0,0.0,1,0,0,0,0,0,0.0,0.0,0,1.0,30.4405,53.98704999999999,0,0,0,0,,0,0.6480000000000001,0.648,0.3
0.10729166666666667,3.175200973395468,0.0764686482532103,3.2418664982975263,1.0,28.4375,4.7344806981196585,0.03498968508012305,3175.2009733954706,5011,1,walk,walk_new_bsp,bsp,0.1,adaptive,8,0.015625,33,6,3,8,0.5,0.17085427135678394,0.4145833333333333,0.07083333333333333,1,0,1,0,4,3,0.09090909090909091,0.4,3,1.0,31.616,36.27315,0,0,0,0,,0,0.6480000000000001,0.648,0.3
0.004644097222222222,3.1095727877642485,0.07324960629443848,4.192482542393966,0.75,29.333333333333332,4.746570171316813,0.06860550907221626,3109.5727877642494,5011,2,walk,walk_new_bsp,bsp,0.1,adaptive,8,0.015625,39,3,1,7,0.3333333333333333,0.1875,0.3333333333333333,0.0625,1,0,1,1,1,0,0.02564102564102564,0.3333333333333333,1,1.0,30.421,39.644949999999994,0,0,0,0,,0,0.6480000000000001,0.648,0.3
0.04809027777777778,2.239508464963188,0.06588996998169207,3.223780368856925,1.0,34.8125,4.993815990192901,0.01779969220391428,2239.508464963188,5011,3,walk,walk_new_bsp,bsp,0.1,adaptive,8,0.015625,36,4,2,4,0.5,0.03314917127071823,1.292857142857143,0.04285714285714286,2,0,0,0,2,2,0.05555555555555555,0.5,2,1.0,30.189,35.97885,0,0,0,0,,0,0.6480000000000001,0.648,0.3
0.036610243055555554,4.611724292466304,0.06560205657314404,3.9671454400528816,0.9791666666666666,43.729166666666664,5.30856797473394,0.028991813517588477,4611.724292466304,5012,0,walk,walk_new_bsp,bsp,0.1,adaptive,8,0.015625,39,2,2,4,1.0,1.0,0.03645833333333333,0.03645833333333333,0,0,0,0,2,2,0.05128205128205128,1.0,2,1.0,31.323,38.783199999999994,0,0,0,0,,0,0.6480000000000001,0.648,0.3
0.04283854166666667,2.226935589176833,0.07742995628301151,2.947272861559183,1.0,25.083333333333332,4.557172286066255,0.03459141461634485,2226.9355891768337,5012,1,walk,walk_new_bsp,bsp,0.1,adaptive,8,0.015625,37,3,2,10,0.6666666666666666,0.12727272727272726,0.2864583333333333,0.03645833333333333,1,0,0,0,2,2,0.05405405405405406,0.6666666666666666,2,1.0,31.819499999999998,38.5256,0,0,0,0,,0,0.6480000000000001,0.648,0.3
0.009960937500000001,3.1713978088386057,0.06493783016825265,3.6148691071274413,0.9791666666666666,38.708333333333336,5.156251892994308,0.05497689266825265,3171.3978088386048,5012,2,walk,walk_new_bsp,bsp,0.1,adaptive,8,0.015625,37,4,2,4,0.5,0.339622641509434,0.1261904761904762,0.04285714285714286,0,0,2,0,2,2,0.05405405405405406,0.5,2,1.0,30.0105,37.04035,0,0,0,0,,0,0.6480000000000001,0.648,0.3
0.008441840277777777,2.7833391738787037,0.0715038452424632,3.304079188279274,1.0,31.0625,4.829014651283703,0.06306200496468542,2783.3391738787045,5012,3,walk,walk_new_bsp,bsp,0.1,adaptive,8,0.015625,32,1,1,9,1.0,1.0,0.017857142857142856,0.017857142857142856,0,0,0,0,1,1,0.03125,1.0,1,1.0,30.694499999999998,36.021249999999995,0,0,0,0,,0,0.6480000000000001,0.648,0.3
0.04348958333333333,3.1968114674548374,0.06856995054498884,3.7358695378328193,0.875,33.041666666666664,4.85920082865696,0.06258036721165551,3196.8114674548365,5013,0,walk,walk_new_bsp,bsp,0.1,adaptive,8,0.015625,37,4,2,6,0.5,0.3932584269662921,0.1324404761904762,0.05208333333333333,0,0,1,0,3,2,0.05405405405405406,0.5,2,1.0,29.9925,43.0618,0,0,0,0,,0,0.6480000000000001,0.648,0.3
0.020833333333333332,2.7031356947890743,0.07690905905062169,3.323487328114495,1.0,32.3125,4.901007868584407,0.05607572571728836,2703.135694789075,5013,1,walk,walk_new_bsp,bsp,0.1,adaptive,8,0.015625,36,6,4,7,0.6666666666666666,0.4642857142857143,0.23333333333333334,0.10833333333333334,0,0,2,0,4,4,0.1111111111111111,1.0,4,1.0,29.863,36.8741,0,0,0,0,,0,0.6480000000000001,0.648,0.3
0.009006076388888888,3.1792702475802983,0.07764147772961133,3.0393386840519416,1.0,27.895833333333332,4.66021401170561,0.06863540134072245,3179.2702475802985,5013,2,walk,walk_new_bsp,bsp,0.1,adaptive,8,0.015625,30,1,1,12,1.0,1.0,0.025,0.025,0,0,0,0,1,1,0.03333333333333333,1.0,1,1.0,31.009500000000003,41.22394999999999,0,0,0,0,,0,0.6480000000000001,0.648,0.3
0.0037977430555555555,4.795147331099612,0.08257378459705672,4.447637458249483,0.6041666666666666,25.791666666666668,4.596242140368207,0.07877604154150117,4795.147331099612,5013,3,walk,walk_new_bsp,bsp,0.1,adaptive,8,0.015625,36,5,3,10,0.6,0.20704845814977976,0.337797619047619,0.06994047619047619,1,0,0,0,4,3,0.08333333333333333,0.6,3,1.0,31.355,37.023900000000005,0,0,0,0,,0,0.6480000000000001,0.648,0.3
0.0013020833333333333,2.8049552480395925,0.08607430201626592,3.2532005503619295,0.9791666666666666,27.0,4.646465202939375,0.08477221868293257,2804.95524803959,5014,0,walk,walk_new_bsp,bsp,0.1,adaptive,8,0.015625,35,3,1,6,0.3333333333333333,0.16666666666666666,0.375,0.0625,1,0,2,1,0,0,0.02857142857142857,0.3333333333333333,1,1.0,30.6535,35.32385,0,0,0,0,,0,0.6480000000000001,0.648,0.3
0.0018229166666666665,2.9590092786263686,0.04160135707340128,3.9322234900001383,0.9791666666666666,50.104166666666664,5.611745978632893,0.03977844040673461,2959.009278626369,5014,1,walk,walk_new_bsp,bsp,0.1,adaptive,8,0.015625,39,2,0,2,0.0,0.0,1.0625,0.0,1,0,1,0,0,0,0.0,0.0,0,1.0,31.2195,43.430049999999994,0,0,0,0,,0,0.6480000000000001,0.648,0.3
0.12065972222222221,3.1017446995172673,0.066957347506296,3.59942615493314,0.875,32.208333333333336,4.894793756121385,0.06203570804925956,3101.7446995172672,5014,2,walk,walk_new_bsp,bsp,0.1,adaptive,8,0.015625,37,5,2,8,0.4,0.07692307692307693,0.609375,0.046875,2,0,1,0,2,2,0.05405405405405406,0.5,2,1.0,31.472,38.4762,0,0,0,0,,0,0.6480000000000001,0.648,0.3
0.041666666666666664,2.4581323967364272,0.076622091189202,3.2571102965974172,0.9375,27.666666666666668,4.720263152903515,0.03495542452253534,2458.132396736427,5014,3,walk,walk_new_bsp,bsp,0.1,adaptive,8,0.015625,33,4,3,9,0.75,0.5153846153846154,0.12896825396825395,0.06646825396825397,0,0,1,0,3,3,0.09090909090909091,0.6666666666666666,3,1.0,31.9935,37.4807,0,0,0,0,,0,0.6480000000000001,0.648,0.3
0.022330729166666664,2.212656861628884,0.07988017709883859,3.332663804372373,0.8958333333333334,23.625,4.488319770282796,0.05754944793217192,2212.656861628884,5015,0,walk,walk_new_bsp,bsp,0.1,adaptive,8,0.015625,37,4,1,7,0.25,0.06593406593406594,0.37916666666666665,0.025,1,0,2,0,1,1,0.02702702702702703,0.3333333333333333,1,1.0,29.613,35.18665,0,0,0,0,,0,0.6480000000000001,0.648,0.3
0.00043402777777777775,2.2224251196763514,0.07814845638262963,3.1253681915976492,1.0,39.333333333333336,5.113233269727227,0.07771442860485187,2222.425119676351,5015,1,walk,walk_new_bsp,bsp,0.1,adaptive,8,0.015625,37,4,1,4,0.25,0.0392156862745098,0.45535714285714285,0.017857142857142856,2,0,1,0,1,1,0.02702702702702703,0.25,1,1.0,30.009999999999998,37.05365,0,0,0,0,,0,0.6480000000000001,0.648,0.3
0.06432291666666666,2.991352218257115,0.04695776957781292,4.138295456413779,0.875,45.541666666666664,5.446697854827256,0.017365147088853745,2991.352218257116,5015,2,walk,walk_new_bsp,bsp,0.1,adaptive,8,0.015625,35,1,1,3,1.0,1.0,0.020833333333333332,0.020833333333333332,0,0,0,0,1,1,0.02857142857142857,1.0,1,1.0,29.6795,39.47229999999999,0,0,0,0,,0,0.6480000000000001,0.648,0.3
0.022395833333333334,2.8695930410452846,0.06902447181919974,3.643106983466874,0.9791666666666666,32.020833333333336,4.904939794039087,0.0466286384858664,2869.5930410452843,5015,3,walk,walk_new_bsp,bsp,0.1,adaptive,8,0.015625,33,1,0,8,0.0,0.0,0.25,0.0,1,0,0,0,0,0,0.0,0.0,0,1.0,30.744999999999997,35.73755,0,0,0,0,,0,0.6480000000000001,0.648,0.3
0.001171875,3.2303978243730604,0.061691063192035996,3.6348227547911685,1.0,38.3125,5.140694573130005,0.060519188192036,3230.3978243730567,5016,0,walk,walk_new_bsp,bsp,0.1,adaptive,8,0.015625,41,3,1,4,0.3333333333333333,0.18181818181818182,0.11458333333333333,0.020833333333333332,0,0,1,0,2,1,0.024390243902439025,0.3333333333333333,1,1.0,29.753,39.5281,0,0,0,0,,0,0.6480000000000001,0.648,0.3
0.0876736111111111,3.373534360278278,0.08305617805639752,4.024938931377792,0.6875,26.770833333333332,4.648312844718491,0.012950766388046925,3373.534360278279,5016,1,walk,walk_new_bsp,bsp,0.1,adaptive,8,0.015625,30,2,1,12,0.5,0.07692307692307693,0.2708333333333333,0.020833333333333332,1,0,0,0,1,1,0.03333333333333333,0.5,1,1.0,30.701,35.8475,0,0,0,0,,0,0.6480000000000001,0.648,0.3
0.1893880208333333,1.489985823023498,0.08286969309004004,2.76619684146508,1.0,24.208333333333332,4.471816900079539,0.10651832774329328,1489.9858230234986,5016,2,walk,walk_new_bsp,bsp,0.1,adaptive,8,0.015625,34,4,1,8,0.25,0.015625,1.3333333333333333,0.020833333333333332,2,0,1,0,1,1,0.029411764705882353,0.5,1,1.0,30.4215,37.349149999999995,0,0,0,0,,0,0.6480000000000001,0.648,0.3
0.0003255208333333333,3.778271974933357,0.06347270104125946,3.5403964378537225,0.9791666666666666,38.833333333333336,5.102480969328167,0.06314718020792613,3778.271974933359,5016,3,walk,walk_new_bsp,bsp,0.1,adaptive,8,0.015625,34,3,2,6,0.6666666666666666,0.45454545454545453,0.11458333333333333,0.05208333333333333,0,0,1,0,2,2,0.058823529411764705,0.6666666666666666,2,1.0,30.735,40.5218,0,0,0,0,,0,0.6480000000000001,0.648,0.3
0.3135850694444444,1.9237334960522088,0.0817470397452786,2.7348207458338507,1.0,23.5625,4.461571171835259,0.2318380296991658,1923.7334960522094,5017,0,walk,walk_new_bsp,bsp,0.1,adaptive,8,0.015625,37,5,4,10,0.8,0.09287257019438445,1.1023809523809522,0.10238095238095238,1,0,1,1,3,3,0.10810810810810811,0.6666666666666666,4,1.0,30.810000000000002,39.95905,0,0,0,0,,0,0.6480000000000001,0.648,0.3
0.0003255208333333333,3.011578621888365,0.0739517781310692,3.3892861189649204,0.9375,26.520833333333332,4.631207624514489,0.07362625729773588,3011.5786218883654,5017,1,walk,walk_new_bsp,bsp,0.1,adaptive,8,0.015625,36,2,1,7,0.5,0.07692307692307693,0.2708333333333333,0.020833333333333332,1,0,0,0,1,1,0.027777777777777776,0.5,1,1.0,31.023,38.357749999999996,0,0,0,0,,0,0.6480000000000001,0.648,0.3
0.10416666666666667,1.9274423821740638,0.05654825906754762,3.361613344827681,0.9791666666666666,41.166666666666664,5.222309965386013,0.047618407599119054,1927.442382174065,5017,2,walk,walk_new_bsp,bsp,0.1,adaptive,8,0.015625,40,2,1,5,0.5,0.017543859649122806,1.0178571428571428,0.017857142857142856,1,0,0,0,1,1,0.025,0.5,1,1.0,29.838,42.786199999999994,0,0,0,0,,0,0.6480000000000001,0.648,0.3
0.0033420138888888887,2.551330538189896,0.059898780827671326,3.4489548330683815,1.0,34.25,5.001173662804053,0.05655676693878244,2551.330538189896,5017,3,walk,walk_new_bsp,bsp,0.1,adaptive,8,0.015625,38,6,3,9,0.5,0.15056179775280895,0.44146825396825395,0.06646825396825395,1,0,2,0,3,3,0.07894736842105263,0.6,3,1.0,28.591,35.21775,0,0,0,0,,0,0.6480000000000001,0.648,0.3
0.0008463541666666667,2.7466589465431746,0.07037983722928715,3.681155923786537,0.9791666666666666,38.25,5.066737972571343,0.06953348306262049,2746.658946543174,5018,0,walk,walk_new_bsp,bsp,0.1,adaptive,8,0.015625,34,5,2,4,0.4,0.08928571428571429,0.5833333333333333,0.05208333333333333,2,0,0,0,3,2,0.058823529411764705,1.0,2,1.0,29.3995,32.83895,0,0,0,0,,0,0.6480000000000001,0.648,0.3
0.0005208333333333333,2.347651882446252,0.06858731903856036,2.9654583827917627,0.9791666666666666,30.125,4.780938625792219,0.06806648570522703,2347.6518824462514,5018,1,walk,walk_new_bsp,bsp,0.1,adaptive,8,0.015625,33,2,0,6,0.0,0.0,0.08035714285714285,0.0,0,0,1,0,1,0,0.0,0.0,0,1.0,28.1055,36.13615,0,0,0,0,,0,0.6480000000000001,0.648,0.3
0.048177083333333336,2.5993614664012252,0.08690408972652945,2.9292740318065396,0.9583333333333334,18.4375,4.240777011229845,0.038727006393196116,2599.3614664012243,5018,2,walk,walk_new_bsp,bsp,0.1,adaptive,8,0.015625,34,4,2,11,0.5,0.21397379912663753,0.34077380952380953,0.07291666666666666,1,0,1,1,2,1,0.058823529411764705,0.6666666666666666,2,1.0,28.134999999999998,35.985499999999995,0,0,0,0,,0,0.6480000000000001,0.648,0.3
0.005533854166666667,3.7245114390125384,0.05393086861649252,3.7508464824171344,1.0,43.708333333333336,5.324989310090683,0.04839701444982585,3724.511439012538,5018,3,walk,walk_new_bsp,bsp,0.1,adaptive,8,0.015625,39,3,0,5,0.0,0.0,0.375,0.0,1,0,2,0,0,0,0.0,0.0,0,1.0,28.8515,38.51895,0,0,0,0,,0,0.6480000000000001,0.648,0.3
0.0014973958333333332,2.5203575940014025,0.07565336911636496,3.2594110777500487,0.9791666666666666,26.729166666666668,4.591637202635076,0.07415597328303163,2520.3575940014016,5019,0,walk,walk_new_bsp,bsp,0.1,adaptive,8,0.015625,37,3,1,8,0.3333333333333333,0.1044776119402985,0.29910714285714285,0.03125,1,0,0,0,2,1,0.02702702702702703,0.5,1,1.0,30.017,40.63475,0,0,0,0,,0,0.6480000000000001,0.648,0.3
0.0234375,2.5991323861320503,0.07114195583216812,3.286905069880285,0.9583333333333334,31.979166666666668,4.85531616838843,0.04770445583216811,2599.132386132051,5019,1,walk,walk_new_bsp,bsp,0.1,adaptive,8,0.015625,39,6,3,5,0.5,0.15387673956262424,0.6237599206349207,0.09598214285714285,2,0,1,1,3,2,0.07692307692307693,0.75,3,1.0,28.354,37.81914999999999,0,0,0,0,,0,0.6480000000000001,0.648,0.3
0.08385416666666667,2.6877715304091887,0.07338363824620439,3.14861066956035,0.9791666666666666,31.8125,4.89694566791833,0.014637195087128942,2687.771530409189,5019,2,walk,walk_new_bsp,bsp,0.1,adaptive,8,0.015625,32,2,2,7,1.0,1.0,0.049107142857142856,0.049107142857142856,0,0,0,0,2,2,0.0625,1.0,2,1.0,28.749,33.71525,0,0,0,0,,0,0.6480000000000001,0.648,0.3
0.1702938988095238,1.49880816357632,0.07236937049800682,2.876740115605618,1.0,28.229166666666668,4.672349902921005,0.09792452831151699,1498.80816357632,5019,3,walk,walk_new_bsp,bsp,0.1,adaptive,8,0.015625,40,5,5,10,1.0,1.0,0.1138392857142857,0.1138392857142857,0,0,1,1,4,4,0.125,1.0,5,1.0,29.0245,36.376149999999996,0,0,0,0,,0,0.6480000000000001,0.648,0.3
0.02504340277777778,2.1126704346498193,0.07328585501294237,3.1254231961010306,1.0,33.854166666666664,4.875708336658064,0.05319154533488588,2112.670434649819,5000,0,walk,walk_new_dfbsp_tau_0.125,dfbsp,0.1,adaptive,8,0.015625,41,5,5,7,1.0,1.0,0.14702380952380953,0.14702380952380953,0,0,1,1,4,4,0.12195121951219512,1.0,5,1.0,37.344,48.48595,0,4,0,7,0.125,0,0.6480000000000001,0.648,0.3
0.0031467013888888886,5.218267189531912,0.07566454728149492,3.5056566863198118,1.0,28.625,4.772417447966019,0.07251784589260604,5218.26718953191,5000,1,walk,walk_new_dfbsp_tau_0.125,dfbsp,0.1,adaptive,8,0.015625,37,3,1,3,0.3333333333333333,0.13793103448275862,0.18125,0.025,1,0,0,0,2,1,0.02702702702702703,0.3333333333333333,1,1.0,36.295,49.792249999999996,0,1,0,5,0.125,0,0.6480000000000001,0.648,0.3
0.04394461245519713,2.09378983343011,0.0717116780590323,3.1934660743200407,1.0,35.9375,5.009780246897236,0.04159318537001542,2093.7898334301103,5000,2,walk,walk_new_dfbsp_tau_0.125,dfbsp,0.1,adaptive,8,0.015625,39,2,1,5,0.5,0.020408163265306124,1.0208333333333333,0.020833333333333332,1,0,0,0,1,1,0.02564102564102564,0.5,1,1.0,36.992,52.6382,0,3,0,6,0.125,0,0.6480000000000001,0.648,0.3
0.0020399305555555557,3.114960276015514,0.06785312676786748,3.680642785578762,0.875,33.9375,4.833635560487205,0.06581319621231192,3114.960276015514,5000,3,walk,walk_new_dfbsp_tau_0.125,dfbsp,0.1,adaptive,8,0.015625,37,4,3,9,0.75,0.7966101694915254,0.12291666666666667,0.09791666666666667,0,0,1,1,3,2,0.08108108108108109,0.75,3,1.0,38.1035,46.6122,0,5,0,10,0.125,0,0.6480000000000001,0.648,0.3
0.11911892361111111,2.444241207433007,0.08607836132514995,2.7494381639919445,0.8958333333333334,20.958333333333332,4.26259026035907,0.06926437749678861,2444.241207433007,5001,0,walk,walk_new_dfbsp_tau_0.125,dfbsp,0.1,adaptive,8,0.015625,36,4,3,8,0.75,0.6428571428571428,0.175,0.11249999999999999,0,0,2,1,2,2,0.08333333333333333,0.75,3,1.0,36.5205,43.5655,0,4,0,14,0.125,0,0.6480000000000001,0.648,0.3
0.06501169987922706,2.0965827428163646,0.06145854601042832,3.2594543896945734,1.0,38.041666666666664,5.066678078550665,0.0653454450580475,2096.5827428163666,5001,1,walk,walk_new_dfbsp_tau_0.125,dfbsp,0.1,adaptive,8,0.015625,39,2,2,5,1.0,1.0,0.05208333333333333,0.05208333333333333,0,0,0,0,2,2,0.05128205128205128,1.0,2,1.0,37.7145,53.988899999999994,0,2,0,3,0.125,0,0.6480000000000001,0.648,0.3
0.45952690972222227,1.2373067807241538,0.08660330347306948,2.723817269677444,1.0,25.354166666666668,4.559353558857324,0.3729236062491528,1237.306780724154,5001,2,walk,walk_new_dfbsp_tau_0.125,dfbsp,0.1,adaptive,8,0.015625,35,4,3,8,0.75,0.061583577712609985,1.0656249999999998,0.065625,1,0,0,0,3,3,0.08571428571428572,1.0,3,1.0,37.859,47.8695,0,6,0,17,0.125,0,0.6480000000000001,0.648,0.3
0.12621527777777777,1.9692029580220825,0.08017215002854322,3.051890147452512,0.9583333333333334,32.1875,4.74239860113324,0.1438042100932772,1969.2029580220815,5001,3,walk,walk_new_dfbsp_tau_0.125,dfbsp,0.1,adaptive,8,0.015625,33,1,0,5,0.0,0.0,0.0625,0.0,0,0,1,0,0,0,0.0,0.0,0,1.0,38.7025,51.275499999999994,0,5,0,20,0.125,0,0.6480000000000001,0.648,0.3
0.020833333333333332,5.342180027144089,0.07330706931356042,4.273404817906653,0.8333333333333334,37.770833333333336,5.023000891617415,0.06872127661123015,5342.180027144087,5002,0,walk,walk_new_dfbsp_tau_0.125,dfbsp,0.1,adaptive,8,0.015625,38,3,3,6,1.0,1.0,0.08452380952380953,0.08452380952380953,0,0,1,1,2,2,0.07894736842105263,1.0,3,1.0,36.821,44.74045,0,3,0,3,0.125,0,0.6480000000000001,0.648,0.3
0.12688802083333334,3.5847053844041508,0.06496132326310435,4.063469594944286,0.7916666666666666,34.9375,5.000523109384408,0.07096335734674648,3584.705384404151,5002,1,walk,walk_new_dfbsp_tau_0.125,dfbsp,0.1,adaptive,8,0.015625,37,4,4,5,1.0,1.0,0.12202380952380952,0.12202380952380952,0,0,1,1,3,3,0.10810810810810811,1.0,4,1.0,35.463,49.041999999999994,0,2,0,2,0.125,0,0.6480000000000001,0.648,0.3
0.10731481481481482,1.6307181720945316,0.08239903676713572,2.9398807568701115,1.0,25.833333333333332,4.5421269408925955,0.02491577804767908,1630.7181720945316,5002,2,walk,walk_new_dfbsp_tau_0.125,dfbsp,0.1,adaptive,8,0.015625,38,3,2,7,0.6666666666666666,0.05013192612137203,1.0527777777777778,0.05277777777777778,1,0,0,0,2,2,0.05263157894736842,0.6666666666666666,2,1.0,37.204499999999996,51.727699999999984,0,4,0,12,0.125,0,0.6480000000000001,0.648,0.3
0.27200520833333336,1.265491487063765,0.09584383475189863,2.6204602475728707,1.0,22.9375,4.379311770817099,0.1761613735814347,1265.4914870637651,5002,3,walk,walk_new_dfbsp_tau_0.125,dfbsp,0.1,adaptive,8,0.015625,35,2,0,9,0.0,0.0,1.25,0.0,2,0,0,0,0,0,0.0,0.0,0,1.0,36.8725,44.82655,0,8,0,27,0.125,0,0.6480000000000001,0.648,0.3
0.0,4.091868754254519,0.07001689238970749,4.239693058955013,0.8541666666666666,33.604166666666664,4.921064359776333,0.07001689238970746,4091.8687542545254,5003,0,walk,walk_new_dfbsp_tau_0.125,dfbsp,0.1,adaptive,8,0.015625,32,3,1,5,0.3333333333333333,0.14634146341463414,0.12202380952380952,0.017857142857142856,0,0,2,0,1,1,0.03125,0.5,1,1.0,37.705,45.129,0,3,0,8,0.125,0,0.6480000000000001,0.648,0.3
0.0033420138888888887,2.0161724842467335,0.07270049612895287,2.9529928844615885,1.0,28.708333333333332,4.674385774746983,0.06935848224006398,2016.1724842467345,5003,1,walk,walk_new_dfbsp_tau_0.125,dfbsp,0.1,adaptive,8,0.015625,41,8,7,9,0.875,0.7676991150442478,0.26904761904761904,0.20654761904761904,0,0,3,2,5,5,0.17073170731707318,0.75,7,1.0,36.183,42.68375,0,1,0,2,0.125,0,0.6480000000000001,0.648,0.3
0.44557291666666665,1.542397678809549,0.10016993407587484,2.8327263898345287,0.9791666666666666,27.395833333333332,4.538794557240782,0.3454029825907918,1542.3976788095488,5003,2,walk,walk_new_dfbsp_tau_0.125,dfbsp,0.1,adaptive,8,0.015625,36,3,1,7,0.3333333333333333,0.05785123966942149,1.0803571428571428,0.0625,1,0,1,1,1,0,0.027777777777777776,0.5,1,1.0,37.409,51.738249999999994,0,7,0,25,0.125,0,0.6480000000000001,0.648,0.3
0.15074094742063493,2.8068913484491067,0.0577798005984628,3.530410290630139,0.9166666666666666,36.770833333333336,5.042930728076824,0.09296114682217214,2806.8913484491045,5003,3,walk,walk_new_dfbsp_tau_0.125,dfbsp,0.1,adaptive,8,0.015625,38,2,2,6,1.0,1.0,0.05625,0.05625,0,0,0,0,2,2,0.05263157894736842,1.0,2,1.0,37.98,45.49315,0,3,0,6,0.125,0,0.6480000000000001,0.648,0.3
0.0022569444444444447,2.966970355707408,0.09315715800693998,3.5738594875595666,0.8541666666666666,23.854166666666668,4.433498696685031,0.09090021356249554,2966.9703557074076,5004,0,walk,walk_new_dfbsp_tau_0.125,dfbsp,0.1,adaptive,8,0.015625,30,3,2,8,0.6666666666666666,0.3225806451612903,0.1845238095238095,0.05952380952380952,1,0,1,1,1,1,0.06666666666666667,1.0,2,1.0,37.403999999999996,42.882349999999995,0,5,0,20,0.125,0,0.6480000000000001,0.648,0.3
0.004148065476190476,4.406694969753443,0.051274583286447954,4.291614666183844,1.0,45.208333333333336,5.40469028696263,0.04712651781025748,4406.694969753442,5004,1,walk,walk_new_dfbsp_tau_0.125,dfbsp,0.1,adaptive,8,0.015625,36,8,5,7,0.625,0.14320685434516525,0.6078869047619047,0.08705357142857142,2,0,0,0,6,5,0.1388888888888889,0.6666666666666666,5,1.0,36.308,45.841649999999994,0,2,0,4,0.125,0,0.6480000000000001,0.648,0.3
0.005316840277777777,2.2933165219681335,0.09110741441903257,2.910772245610072,1.0,26.125,4.48626635771917,0.08579057414125475,2293.316521968134,5004,2,walk,walk_new_dfbsp_tau_0.125,dfbsp,0.1,adaptive,8,0.015625,35,1,0,7,0.0,0.0,0.017857142857142856,0.0,0,0,0,0,1,0,0.0,0.0,0,1.0,37.1385,49.596749999999986,0,6,0,12,0.125,0,0.6480000000000001,0.648,0.3
0.14615885416666666,2.0122228127055934,0.07814773005221314,3.164268009526134,0.9375,30.416666666666668,4.795621214383552,0.06801112411445351,2012.2228127055944,5004,3,walk,walk_new_dfbsp_tau_0.125,dfbsp,0.1,adaptive,8,0.015625,36,4,4,9,1.0,1.0,0.10119047619047619,0.10119047619047619,0,0,1,1,3,3,0.1111111111111111,1.0,4,1.0,37.72,48.4594,0,5,0,8,0.125,0,0.6480000000000001,0.648,0.3
0.06833767361111111,2.5153505613426734,0.07632081472026303,3.2982467345479214,0.9791666666666666,26.1875,4.6089020077974014,0.024412556575418198,2515.3505613426705,5005,0,walk,walk_new_dfbsp_tau_0.125,dfbsp,0.1,adaptive,8,0.015625,38,6,3,8,0.5,0.10638297872340426,0.6294642857142857,0.06696428571428571,2,0,1,0,3,3,0.07894736842105263,0.6,3,1.0,36.9075,53.55399999999998,0,4,0,7,0.125,0,0.6480000000000001,0.648,0.3
0.08333333333333333,2.647144428513896,0.07012946783267764,3.2336803622291015,1.0,36.4375,5.000761735344628,0.06043466667742895,2647.144428513896,5005,1,walk,walk_new_dfbsp_tau_0.125,dfbsp,0.1,adaptive,8,0.015625,36,3,1,4,0.3333333333333333,0.01639344262295082,1.2708333333333333,0.020833333333333332,2,0,0,0,1,1,0.027777777777777776,0.5,1,1.0,37.024,46.400400000000005,0,2,0,10,0.125,0,0.6480000000000001,0.648,0.3
0.000759548611111111,3.5360836539791,0.05913752643080942,3.8066692069396666,0.9791666666666666,36.104166666666664,5.125535329059953,0.0583779778196983,3536.083653979098,5005,2,walk,walk_new_dfbsp_tau_0.125,dfbsp,0.1,adaptive,8,0.015625,38,4,2,5,0.5,0.11016949152542374,0.35119047619047616,0.03869047619047619,1,0,1,0,2,2,0.05263157894736842,0.6666666666666666,2,1.0,36.289,43.006499999999996,0,0,0,0,0.125,0,0.6480000000000001,0.648,0.3
0.23717757936507936,0.983627226391033,0.08816322208520004,2.6901988705777042,1.0,27.4375,4.599126011795961,0.1490143572798793,983.6272263910329,5005,3,walk,walk_new_dfbsp_tau_0.125,dfbsp,0.1,adaptive,8,0.015625,34,3,2,7,0.6666666666666666,0.5625,0.14285714285714285,0.08035714285714285,0,0,2,1,1,1,0.058823529411764705,0.6666666666666666,2,1.0,38.168499999999995,57.6485,0,5,0,15,0.125,0,0.6480000000000001,0.648,0.3
0.0,4.252027665221417,0.06985932466280627,3.926841989136628,0.8541666666666666,38.5,5.129778229786441,0.06985932466280627,4252.027665221417,5006,0,walk,walk_new_dfbsp_tau_0.125,dfbsp,0.1,adaptive,8,0.015625,36,6,4,5,0.6666666666666666,0.2715827338129496,0.3861111111111111,0.1048611111111111,1,0,0,0,5,4,0.1111111111111111,0.75,4,1.0,36.7975,48.27954999999999,0,0,0,0,0.125,0,0.6480000000000001,0.648,0.3
0.045572916666666664,2.3980787828750367,0.06584814389217522,3.071648164894553,1.0,34.583333333333336,5.02018899619893,0.02027522722550855,2398.0787828750376,5006,1,walk,walk_new_dfbsp_tau_0.125,dfbsp,0.1,adaptive,8,0.015625,40,2,0,2,0.0,0.0,0.3125,0.0,1,0,1,0,0,0,0.0,0.0,0,1.0,37.2965,44.8711,0,1,0,1,0.125,0,0.6480000000000001,0.648,0.3
0.38302951388888884,1.8671973851151478,0.08169262251516383,2.944061549150033,1.0,28.125,4.6669910589550305,0.30133689137372494,1867.1973851151477,5006,2,walk,walk_new_dfbsp_tau_0.125,dfbsp,0.1,adaptive,8,0.015625,33,0,0,4,nan,nan,0.0,0.0,0,0,0,0,0,0,0.0,nan,0,1.0,39.466499999999996,57.7524,0,3,0,7,0.125,0,0.6480000000000001,0.648,0.3
0.0011935763888888888,3.6711732207264522,0.06501150354100088,3.7234380710165063,0.9791666666666666,40.541666666666664,5.0918229114720965,0.063817927152112,3671.1732207264527,5006,3,walk,walk_new_dfbsp_tau_0.125,dfbsp,0.1,adaptive,8,0.015625,36,2,1,5,0.5,0.07692307692307693,0.2708333333333333,0.020833333333333332,1,0,0,0,1,1,0.027777777777777776,0.5,1,1.0,36.6725,54.666799999999995,0,2,0,5,0.125,0,0.6480000000000001,0.648,0.3
0.08333333333333333,2.5111720242891233,0.07640551012487184,3.3442785689951275,0.9375,29.916666666666668,4.761202014326204,0.08096191864601633,2511.172024289122,5007,0,walk,walk_new_dfbsp_tau_0.125,dfbsp,0.1,adaptive,8,0.015625,39,6,4,8,0.6666666666666666,0.2708333333333333,0.4,0.10833333333333334,1,0,2,1,3,3,0.10256410256410256,0.75,4,1.0,36.650000000000006,50.9228,0,3,0,8,0.125,0,0.6480000000000001,0.648,0.3
0.002495659722222222,2.290125134189568,0.09080415446752399,2.7628068069918736,1.0,23.083333333333332,4.378016070554899,0.08830849474530178,2290.1251341895654,5007,1,walk,walk_new_dfbsp_tau_0.125,dfbsp,0.1,adaptive,8,0.015625,33,4,2,10,0.5,0.1085383502170767,0.30848214285714287,0.033482142857142856,1,0,0,0,3,2,0.06060606060606061,0.5,2,1.0,39.035,49.33435,0,7,0,16,0.125,0,0.6480000000000001,0.648,0.3
0.12532552083333334,3.161495816232423,0.06608185987219238,3.6269140912774396,1.0,47.229166666666664,5.343523969751835,0.06387096797913888,3161.4958162324233,5007,2,walk,walk_new_dfbsp_tau_0.125,dfbsp,0.1,adaptive,8,0.015625,40,1,1,2,1.0,1.0,0.017857142857142856,0.017857142857142856,0,0,0,0,1,1,0.025,1.0,1,1.0,36.2385,46.62045,0,1,0,1,0.125,0,0.6480000000000001,0.648,0.3
0.0021701388888888886,3.2640172547631856,0.08609919650451836,3.4217937087654495,0.8541666666666666,24.125,4.520254231634364,0.08392905761562947,3264.017254763185,5007,3,walk,walk_new_dfbsp_tau_0.125,dfbsp,0.1,adaptive,8,0.015625,33,5,4,10,0.8,0.10040160642570281,1.1116071428571428,0.11160714285714285,1,0,1,1,3,3,0.12121212121212122,1.0,4,1.0,38.5135,51.6439,0,6,0,17,0.125,0,0.6480000000000001,0.648,0.3
0.0026041666666666665,1.7709545248850456,0.10400063637973074,2.5764800424912773,1.0,23.625,4.299790806048743,0.1013964697130641,1770.954524885046,5008,0,walk,walk_new_dfbsp_tau_0.125,dfbsp,0.1,adaptive,8,0.015625,33,4,2,12,0.5,0.3932584269662921,0.1324404761904762,0.05208333333333333,0,0,1,0,3,2,0.06060606060606061,0.6666666666666666,2,1.0,37.9115,44.38815,0,12,0,36,0.125,0,0.6480000000000001,0.648,0.3
0.002893518518518519,2.114443612670921,0.08212829187659985,3.2142119243716567,1.0,26.5625,4.622879265201427,0.07923477335808132,2114.443612670921,5008,1,walk,walk_new_dfbsp_tau_0.125,dfbsp,0.1,adaptive,8,0.015625,37,3,3,8,1.0,1.0,0.09722222222222221,0.09722222222222221,0,0,1,1,2,2,0.08108108108108109,1.0,3,1.0,36.7335,44.582499999999996,0,4,0,8,0.125,0,0.6480000000000001,0.648,0.3
0.003298611111111111,2.2720130662747953,0.07859489387446413,3.3193994728455274,0.9791666666666666,26.791666666666668,4.595287712804653,0.07529628276335301,2272.0130662747956,5008,2,walk,walk_new_dfbsp_tau_0.125,dfbsp,0.1,adaptive,8,0.015625,35,3,3,6,1.0,1.0,0.14583333333333331,0.14583333333333331,0,0,2,2,1,1,0.08571428571428572,1.0,3,1.0,37.0175,47.264399999999995,0,3,0,8,0.125,0,0.6480000000000001,0.648,0.3
0.08333333333333333,2.0679426990905316,0.07969182320130334,3.1304307855911033,1.0,29.354166666666668,4.739495068742813,0.03466391658184197,2067.9426990905336,5008,3,walk,walk_new_dfbsp_tau_0.125,dfbsp,0.1,adaptive,8,0.015625,30,4,3,8,0.75,0.05525094896668074,1.0584821428571427,0.05848214285714286,1,0,0,0,3,3,0.1,0.75,3,1.0,35.411,41.982099999999996,0,4,0,9,0.125,0,0.6480000000000001,0.648,0.3
0.06282552083333333,2.068591629975175,0.06577938038520001,3.4681045994859043,0.9583333333333334,37.958333333333336,5.094033552413623,0.027213462712912074,2068.5916299751757,5009,0,walk,walk_new_dfbsp_tau_0.125,dfbsp,0.1,adaptive,8,0.015625,32,5,3,6,0.6,0.3296089385474861,0.18645833333333334,0.06145833333333334,0,0,2,0,3,3,0.09375,1.0,3,1.0,35.4725,40.10025,0,2,0,2,0.125,0,0.6480000000000001,0.648,0.3
0.030164930555555556,2.066955398231235,0.08506458954471145,3.3283940952023126,0.9166666666666666,24.3125,4.471529210957125,0.054899658989155886,2066.9553982312354,5009,1,walk,walk_new_dfbsp_tau_0.125,dfbsp,0.1,adaptive,8,0.015625,38,2,2,7,1.0,1.0,0.05,0.05,0,0,0,0,2,2,0.05263157894736842,1.0,2,1.0,35.134,42.229699999999994,0,4,0,18,0.125,0,0.6480000000000001,0.648,0.3
0.12543402777777776,2.0091191632577674,0.08699244406888618,3.2119709473947116,0.9791666666666666,28.666666666666668,4.682571138749528,0.10445707347830972,2009.1191632577675,5009,2,walk,walk_new_dfbsp_tau_0.125,dfbsp,0.1,adaptive,8,0.015625,29,3,2,9,0.6666666666666666,0.6470588235294118,0.07083333333333333,0.04583333333333334,0,0,0,0,3,2,0.06896551724137931,1.0,2,1.0,36.071,45.83004999999999,0,7,0,12,0.125,0,0.6480000000000001,0.648,0.3
0.007356770833333334,3.547053819172224,0.04683220908435859,4.095635262998373,0.9583333333333334,49.875,5.57094765933754,0.03947543825102526,3547.053819172225,5009,3,walk,walk_new_dfbsp_tau_0.125,dfbsp,0.1,adaptive,8,0.015625,39,2,1,3,0.5,0.07692307692307693,0.2708333333333333,0.020833333333333332,1,0,0,0,1,1,0.02564102564102564,0.5,1,1.0,35.019999999999996,43.865899999999996,0,1,0,1,0.125,0,0.6480000000000001,0.648,0.3
0.15685143849206348,2.2358716627073085,0.04883394281037084,3.640811938816059,1.0,44.020833333333336,5.438707922571993,0.11222309870159934,2235.8716627073086,5010,0,walk,walk_new_dfbsp_tau_0.125,dfbsp,0.1,adaptive,8,0.015625,40,7,5,6,0.7142857142857143,0.06873614190687362,1.3422619047619047,0.09226190476190475,2,0,0,0,5,5,0.125,0.75,5,1.0,35.3765,47.17505,0,1,0,1,0.125,0,0.6480000000000001,0.648,0.3
0.0014973958333333332,2.8148944784549275,0.05871351497309741,3.534164817461976,1.0,40.333333333333336,5.1773642462425205,0.05721611913976408,2814.8944784549294,5010,1,walk,walk_new_dfbsp_tau_0.125,dfbsp,0.1,adaptive,8,0.015625,38,3,2,4,0.6666666666666666,0.5714285714285714,0.14583333333333334,0.08333333333333333,0,0,2,1,1,1,0.05263157894736842,1.0,2,1.0,35.486000000000004,42.1771,0,1,0,1,0.125,0,0.6480000000000001,0.648,0.3
0.08548177083333335,2.386614266152695,0.07606276244582956,3.39123971967147,1.0,31.6875,4.781869205946906,0.030792912705885047,2386.6142661526965,5010,2,walk,walk_new_dfbsp_tau_0.125,dfbsp,0.1,adaptive,8,0.015625,35,4,4,9,1.0,1.0,0.10014880952380953,0.10014880952380953,0,0,1,1,3,3,0.11428571428571428,1.0,4,1.0,35.7125,46.0997,0,5,0,9,0.125,0,0.6480000000000001,0.648,0.3
0.042317708333333336,2.4930623377336816,0.08949353823739448,3.0023578616038153,0.9791666666666666,21.041666666666668,4.354141250135254,0.06337122857096453,2493.062337733681,5010,3,walk,walk_new_dfbsp_tau_0.125,dfbsp,0.1,adaptive,8,0.015625,32,5,4,8,0.8,0.30864197530864196,0.36160714285714285,0.11160714285714285,1,0,0,0,4,4,0.125,0.8,4,1.0,35.611999999999995,45.6498,0,6,0,13,0.125,0,0.6480000000000001,0.648,0.3
0.002495659722222222,2.2825687785884177,0.08681458289288774,3.010547056794134,0.9791666666666666,24.875,4.4756353276247,0.08431892317066551,2282.5687785884193,5011,0,walk,walk_new_dfbsp_tau_0.125,dfbsp,0.1,adaptive,8,0.015625,38,1,0,6,0.0,0.0,1.0,0.0,1,0,0,0,0,0,0.0,0.0,0,1.0,36.472,52.2709,0,5,0,22,0.125,0,0.6480000000000001,0.648,0.3
0.23229166666666667,1.8254188385698848,0.08482990510481069,2.798786432695975,1.0,26.333333333333332,4.602676660451741,0.147461761561856,1825.4188385698853,5011,1,walk,walk_new_dfbsp_tau_0.125,dfbsp,0.1,adaptive,8,0.015625,33,6,3,10,0.5,0.17085427135678394,0.4145833333333333,0.07083333333333333,1,0,1,0,4,3,0.09090909090909091,0.4,3,1.0,36.245000000000005,46.09754999999999,0,8,0,16,0.125,0,0.6480000000000001,0.648,0.3
0.004644097222222222,3.05469227046215,0.07929135267157889,4.017895818564381,0.7916666666666666,32.270833333333336,4.8076525598508075,0.07464725544935667,3054.6922704621497,5011,2,walk,walk_new_dfbsp_tau_0.125,dfbsp,0.1,adaptive,8,0.015625,39,3,1,5,0.3333333333333333,0.1875,0.3333333333333333,0.0625,1,0,1,1,1,0,0.02564102564102564,0.3333333333333333,1,1.0,34.991,43.812949999999994,0,3,0,6,0.125,0,0.6480000000000001,0.648,0.3
0.06892361111111112,2.049244175464464,0.06761955822468806,3.1684467884416994,1.0,35.25,4.967347058731348,0.04986310970653513,2049.244175464464,5011,3,walk,walk_new_dfbsp_tau_0.125,dfbsp,0.1,adaptive,8,0.015625,36,4,2,6,0.5,0.03314917127071823,1.292857142857143,0.04285714285714286,2,0,0,0,2,2,0.05555555555555555,0.5,2,1.0,34.991,42.80394999999999,0,2,0,7,0.125,0,0.6480000000000001,0.648,0.3
0.14077690972222223,2.7121259205262622,0.06583014535384799,3.496301582857786,1.0,42.229166666666664,5.301845279459923,0.07494676436837425,2712.1259205262627,5012,0,walk,walk_new_dfbsp_tau_0.125,dfbsp,0.1,adaptive,8,0.015625,39,2,2,5,1.0,1.0,0.03645833333333333,0.03645833333333333,0,0,0,0,2,2,0.05128205128205128,1.0,2,1.0,38.178,45.36235,0,1,0,2,0.125,0,0.6480000000000001,0.648,0.3
0.001171875,2.5821476471728246,0.08956980244436674,2.987452270719645,0.9583333333333334,22.770833333333332,4.356238808256245,0.08839792744436677,2582.1476471728256,5012,1,walk,walk_new_dfbsp_tau_0.125,dfbsp,0.1,adaptive,8,0.015625,37,3,2,9,0.6666666666666666,0.12727272727272726,0.2864583333333333,0.03645833333333333,1,0,0,0,2,2,0.05405405405405406,0.6666666666666666,2,1.0,36.7185,49.637699999999995,0,6,0,29,0.125,0,0.6480000000000001,0.648,0.3
0.009960937500000001,4.590315786638732,0.05346281382133888,4.263442011093868,0.8125,42.5625,5.350168298089678,0.043501876321338874,4590.315786638731,5012,2,walk,walk_new_dfbsp_tau_0.125,dfbsp,0.1,adaptive,8,0.015625,37,4,2,5,0.5,0.339622641509434,0.1261904761904762,0.04285714285714286,0,0,2,0,2,2,0.05405405405405406,0.5,2,1.0,35.924,44.08965,0,1,0,2,0.125,0,0.6480000000000001,0.648,0.3
0.08457341269841269,2.3991024772607323,0.08427673961916558,3.46604997252183,0.9791666666666666,29.166666666666668,4.671754091757484,0.023018405208430518,2399.102477260731,5012,3,walk,walk_new_dfbsp_tau_0.125,dfbsp,0.1,adaptive,8,0.015625,32,1,0,7,0.0,0.0,0.017857142857142856,0.0,0,0,0,0,1,0,0.0,0.0,0,1.0,36.4995,42.2192,0,6,0,11,0.125,0,0.6480000000000001,0.648,0.3
0.030211433531746032,2.7592771470944357,0.05677010085319131,3.6201997338764333,0.8958333333333334,41.666666666666664,5.231723884614488,0.02655866732144528,2759.2771470944376,5013,0,walk,walk_new_dfbsp_tau_0.125,dfbsp,0.1,adaptive,8,0.015625,37,4,4,5,1.0,1.0,0.1324404761904762,0.1324404761904762,0,0,1,1,3,3,0.10810810810810811,1.0,4,1.0,34.896,45.39794999999999,0,0,0,0,0.125,0,0.6480000000000001,0.648,0.3
0.020833333333333332,2.8645098220370335,0.09509759602324136,3.402287676093247,1.0,23.333333333333332,4.441584112742528,0.07426426268990802,2864.5098220370332,5013,1,walk,walk_new_dfbsp_tau_0.125,dfbsp,0.1,adaptive,8,0.015625,36,6,4,7,0.6666666666666666,0.6249999999999999,0.23333333333333334,0.14583333333333331,0,0,2,1,4,3,0.1111111111111111,0.75,4,1.0,35.795500000000004,48.474999999999994,0,5,0,20,0.125,0,0.6480000000000001,0.648,0.3
0.16703869047619047,2.3853827818816584,0.08382709921162214,2.958669714090003,0.9583333333333334,29.0,4.661072805877392,0.17343510621828132,2385.382781881659,5013,2,walk,walk_new_dfbsp_tau_0.125,dfbsp,0.1,adaptive,8,0.015625,30,1,1,9,1.0,1.0,0.025,0.025,0,0,0,0,1,1,0.03333333333333333,1.0,1,1.0,34.89149999999999,43.00104999999999,0,8,0,18,0.125,0,0.6480000000000001,0.648,0.3
0.08661024305555555,1.3835522839417616,0.07860221720188103,2.904458892828565,1.0,30.8125,4.804425831331803,0.008008025853674538,1383.5522839417615,5013,3,walk,walk_new_dfbsp_tau_0.125,dfbsp,0.1,adaptive,8,0.015625,36,5,3,7,0.6,0.20704845814977976,0.337797619047619,0.06994047619047619,1,0,0,0,4,3,0.08333333333333333,0.6,3,1.0,35.078500000000005,41.87949999999999,0,3,0,8,0.125,0,0.6480000000000001,0.648,0.3
0.04296875,1.6431360748535981,0.0914985970515958,2.9537222254668105,1.0,24.895833333333332,4.488527547164862,0.048529847051595805,1643.136074853599,5014,0,walk,walk_new_dfbsp_tau_0.125,dfbsp,0.1,adaptive,8,0.015625,35,3,1,8,0.3333333333333333,0.16666666666666666,0.375,0.0625,1,0,2,1,0,0,0.02857142857142857,0.3333333333333333,1,1.0,34.86,39.20765,0,5,0,13,0.125,0,0.6480000000000001,0.648,0.3
0.0018229166666666665,2.9590092786263686,0.04160135707340128,3.9322234900001383,0.9791666666666666,50.104166666666664,5.611745978632893,0.03977844040673461,2959.009278626369,5014,1,walk,walk_new_dfbsp_tau_0.125,dfbsp,0.1,adaptive,8,0.015625,39,2,0,2,0.0,0.0,1.0625,0.0,1,0,1,0,0,0,0.0,0.0,0,1.0,35.72,47.19725,0,0,0,0,0.125,0,0.6480000000000001,0.648,0.3
0.016493055555555556,3.439717233778324,0.07291455366268915,3.6253215039149236,0.875,32.604166666666664,4.863936601755631,0.056421498107133594,3439.717233778321,5014,2,walk,walk_new_dfbsp_tau_0.125,dfbsp,0.1,adaptive,8,0.015625,37,5,3,8,0.6,0.1794871794871795,0.609375,0.109375,2,0,1,1,2,2,0.08108108108108109,0.75,3,1.0,35.1775,45.0419,0,2,0,6,0.125,0,0.6480000000000001,0.648,0.3
0.10416666666666667,2.018136587753277,0.08397923238405215,3.0924142487068096,1.0,29.9375,4.761354545247073,0.05580968125771988,2018.136587753278,5014,3,walk,walk_new_dfbsp_tau_0.125,dfbsp,0.1,adaptive,8,0.015625,33,4,2,6,0.5,0.30000000000000004,0.12896825396825395,0.03869047619047619,0,0,1,0,3,2,0.06060606060606061,0.6666666666666666,2,1.0,36.864999999999995,43.225899999999996,0,3,0,5,0.125,0,0.6480000000000001,0.648,0.3
0.043164062499999996,2.2461815603489304,0.08812179865082499,3.2891363594649374,1.0,22.083333333333332,4.386752334973624,0.04495773615082497,2246.1815603489304,5015,0,walk,walk_new_dfbsp_tau_0.125,dfbsp,0.1,adaptive,8,0.015625,37,4,3,9,0.75,0.3406593406593406,0.37916666666666665,0.12916666666666665,1,0,2,2,1,1,0.08108108108108109,0.6666666666666666,3,1.0,35.194500000000005,43.596349999999994,0,6,0,12,0.125,0,0.6480000000000001,0.648,0.3
0.00043402777777777775,2.2224251196763514,0.07799969078202663,3.1614571512407834,1.0,42.041666666666664,5.215774908566644,0.07756566300424884,2222.425119676351,5015,1,walk,walk_new_dfbsp_tau_0.125,dfbsp,0.1,adaptive,8,0.015625,37,4,1,4,0.25,0.0392156862745098,0.45535714285714285,0.017857142857142856,2,0,1,0,1,1,0.02702702702702703,0.25,1,1.0,36.7555,48.044399999999996,0,3,0,10,0.125,0,0.6480000000000001,0.648,0.3
0.0018229166666666665,3.537899860336554,0.05377794339773916,4.087422818107848,0.75,41.916666666666664,5.293693381054746,0.051955026731072496,3537.899860336553,5015,2,walk,walk_new_dfbsp_tau_0.125,dfbsp,0.1,adaptive,8,0.015625,35,1,1,3,1.0,1.0,0.020833333333333332,0.020833333333333332,0,0,0,0,1,1,0.02857142857142857,1.0,1,1.0,35.5725,41.07725,0,1,0,2,0.125,0,0.6480000000000001,0.648,0.3
0.27239583333333334,1.712532667175305,0.07220198703280606,3.0732918308577566,1.0,36.395833333333336,5.035842370272608,0.20019384630052725,1712.5326671753044,5015,3,walk,walk_new_dfbsp_tau_0.125,dfbsp,0.1,adaptive,8,0.015625,33,1,0,5,0.0,0.0,0.25,0.0,1,0,0,0,0,0,0.0,0.0,0,1.0,36.105000000000004,44.52134999999999,0,4,0,6,0.125,0,0.6480000000000001,0.648,0.3
0.001171875,4.129461664128956,0.08030197671457942,4.0107093117647254,0.9791666666666666,28.770833333333332,4.7246203059939615,0.07913010171457945,4129.461664128951,5016,0,walk,walk_new_dfbsp_tau_0.125,dfbsp,0.1,adaptive,8,0.015625,41,3,1,4,0.3333333333333333,0.18181818181818182,0.11458333333333333,0.020833333333333332,0,0,1,0,2,1,0.024390243902439025,0.3333333333333333,1,1.0,35.5105,41.766999999999996,0,3,0,10,0.125,0,0.6480000000000001,0.648,0.3
0.0876736111111111,3.02088539229054,0.0923829038910937,3.600481257850147,0.7916666666666666,23.583333333333332,4.45992999215015,0.07131239138414837,3020.8853922905387,5016,1,walk,walk_new_dfbsp_tau_0.125,dfbsp,0.1,adaptive,8,0.015625,30,2,1,10,0.5,0.07692307692307693,0.2708333333333333,0.020833333333333332,1,0,0,0,1,1,0.03333333333333333,0.5,1,1.0,35.5795,45.763549999999995,0,6,0,16,0.125,0,0.6480000000000001,0.648,0.3
0.0018880208333333336,2.112241808232709,0.09149512701265616,2.792464344258239,1.0,26.916666666666668,4.49981492836654,0.08960710617932283,2112.241808232709,5016,2,walk,walk_new_dfbsp_tau_0.125,dfbsp,0.1,adaptive,8,0.015625,34,4,1,5,0.25,0.015625,1.3333333333333333,0.020833333333333332,2,0,1,0,1,1,0.029411764705882353,0.5,1,1.0,35.364999999999995,47.339549999999996,0,5,0,23,0.125,0,0.6480000000000001,0.648,0.3
0.1669921875,3.266768783904626,0.052532489491735994,3.7528667061832426,0.9583333333333334,45.916666666666664,5.439087122578214,0.11445969800826401,3266.768783904626,5016,3,walk,walk_new_dfbsp_tau_0.125,dfbsp,0.1,adaptive,8,0.015625,34,3,1,3,0.3333333333333333,0.18181818181818182,0.11458333333333333,0.020833333333333332,0,0,1,0,2,1,0.029411764705882353,0.3333333333333333,1,1.0,35.4675,46.6506,0,2,0,3,0.125,0,0.6480000000000001,0.648,0.3
0.042751736111111105,2.6906298087739997,0.09554675686716309,2.8167585343819197,1.0,21.979166666666668,4.350260272285211,0.0609257734076795,2690.629808774,5017,0,walk,walk_new_dfbsp_tau_0.125,dfbsp,0.1,adaptive,8,0.015625,37,5,4,9,0.8,0.09287257019438445,1.1023809523809522,0.10238095238095238,1,0,1,1,3,3,0.10810810810810811,0.6666666666666666,4,1.0,37.668,50.617149999999995,0,5,0,24,0.125,0,0.6480000000000001,0.648,0.3
0.0419921875,2.9790869574214844,0.0827109506732986,3.3238133307439344,0.9166666666666666,25.854166666666668,4.538260885673208,0.0407187631732986,2979.0869574214835,5017,1,walk,walk_new_dfbsp_tau_0.125,dfbsp,0.1,adaptive,8,0.015625,36,2,1,6,0.5,0.07692307692307693,0.2708333333333333,0.020833333333333332,1,0,0,0,1,1,0.027777777777777776,0.5,1,1.0,35.214,42.433249999999994,0,4,0,17,0.125,0,0.6480000000000001,0.648,0.3
0.020833333333333332,2.8120758395705443,0.06699438137323885,3.6998604980024328,1.0,41.270833333333336,5.1467725524435055,0.046161048039905506,2812.075839570545,5017,2,walk,walk_new_dfbsp_tau_0.125,dfbsp,0.1,adaptive,8,0.015625,40,2,1,4,0.5,0.017543859649122806,1.0178571428571428,0.017857142857142856,1,0,0,0,1,1,0.025,0.5,1,1.0,35.662,40.019999999999996,0,2,0,3,0.125,0,0.6480000000000001,0.648,0.3
0.14917534722222223,2.301809055630828,0.05722564288907406,3.506889595770728,0.9583333333333334,39.9375,5.24367333011919,0.09194970433314816,2301.8090556308284,5017,3,walk,walk_new_dfbsp_tau_0.125,dfbsp,0.1,adaptive,8,0.015625,38,6,3,5,0.5,0.15056179775280895,0.44146825396825395,0.06646825396825395,1,0,2,0,3,3,0.07894736842105263,0.6,3,1.0,35.225,41.00965,0,1,0,2,0.125,0,0.6480000000000001,0.648,0.3
0.0216796875,2.87137004192614,0.06631582930865636,3.6324788646485353,0.9583333333333334,36.625,5.008784461785766,0.0678759471112673,2871.370041926141,5018,0,walk,walk_new_dfbsp_tau_0.125,dfbsp,0.1,adaptive,8,0.015625,34,5,2,3,0.4,0.08928571428571429,0.5833333333333333,0.05208333333333333,2,0,0,0,3,2,0.058823529411764705,1.0,2,1.0,35.0755,48.72935,0,1,0,3,0.125,0,0.6480000000000001,0.648,0.3
0.0005208333333333333,2.838336145928265,0.07872337695472202,2.911182139891149,0.9791666666666666,26.979166666666668,4.5506422904312736,0.07820254362138868,2838.336145928264,5018,1,walk,walk_new_dfbsp_tau_0.125,dfbsp,0.1,adaptive,8,0.015625,33,2,1,8,0.5,0.7777777777777779,0.08035714285714285,0.0625,0,0,1,1,1,0,0.030303030303030304,0.5,1,1.0,35.7545,50.071749999999994,0,4,0,13,0.125,0,0.6480000000000001,0.648,0.3
0.01171875,2.92476217100973,0.10856169359529579,3.1620944345916775,0.9375,16.9375,4.066619635220375,0.09684294359529581,2924.7621710097287,5018,2,walk,walk_new_dfbsp_tau_0.125,dfbsp,0.1,adaptive,8,0.015625,34,4,2,12,0.5,0.21397379912663753,0.34077380952380953,0.07291666666666666,1,0,1,1,2,1,0.058823529411764705,0.6666666666666666,2,1.0,35.037,45.7649,0,11,0,41,0.125,0,0.6480000000000001,0.648,0.3
0.0003255208333333333,3.0954082853580274,0.08373402898253098,3.348472042142634,0.9583333333333334,30.020833333333332,4.7156992172795364,0.08340850814919765,3095.408285358028,5018,3,walk,walk_new_dfbsp_tau_0.125,dfbsp,0.1,adaptive,8,0.015625,39,3,0,4,0.0,0.0,0.375,0.0,1,0,2,0,0,0,0.0,0.0,0,1.0,36.739000000000004,44.3476,0,4,0,9,0.125,0,0.6480000000000001,0.648,0.3
0.18899739583333333,1.5194569924266563,0.07615071706790995,2.870291773153568,0.9791666666666666,35.041666666666664,4.8873232761487495,0.11284667876542341,1519.4569924266573,5019,0,walk,walk_new_dfbsp_tau_0.125,dfbsp,0.1,adaptive,8,0.015625,37,3,1,4,0.3333333333333333,0.05970149253731343,0.29910714285714285,0.017857142857142856,1,0,0,0,2,1,0.02702702702702703,0.5,1,1.0,37.691500000000005,43.9859,0,3,0,8,0.125,0,0.6480000000000001,0.648,0.3
0.10677083333333333,1.7864450401782743,0.07823338280004374,2.96207075284649,0.9791666666666666,30.979166666666668,4.792188318162788,0.05975622525184818,1786.445040178276,5019,1,walk,walk_new_dfbsp_tau_0.125,dfbsp,0.1,adaptive,8,0.015625,39,6,4,6,0.6666666666666666,0.19840954274353872,0.6237599206349207,0.12375992063492063,2,0,1,1,3,3,0.10256410256410256,0.75,4,1.0,35.5155,42.262100000000004,0,3,0,5,0.125,0,0.6480000000000001,0.648,0.3
0.14635416666666667,1.8510935623585236,0.07732421915540987,3.084767055422166,1.0,37.333333333333336,5.0178107261927325,0.06902994751125684,1851.0935623585265,5019,2,walk,walk_new_dfbsp_tau_0.125,dfbsp,0.1,adaptive,8,0.015625,32,2,1,8,0.5,0.36363636363636365,0.049107142857142856,0.017857142857142856,0,0,0,0,2,1,0.03125,0.5,1,1.0,37.043499999999995,45.0355,0,5,0,11,0.125,0,0.6480000000000001,0.648,0.3
0.17376612103174605,2.7840139466614757,0.07993280752005162,3.045278829310257,1.0,27.645833333333332,4.6597196497384905,0.11934044268794974,2784.013946661475,5019,3,walk,walk_new_dfbsp_tau_0.125,dfbsp,0.1,adaptive,8,0.015625,40,5,4,7,0.8,0.8169934640522877,0.1138392857142857,0.09300595238095238,0,0,1,1,4,3,0.1,1.0,4,1.0,35.5295,45.35835,0,4,0,13,0.125,0,0.6480000000000001,0.648,0.3
0.11813367456483398,2.1620149936880555,0.07196322289268138,3.227186598146563,1.0,38.125,5.069232499784735,0.07747240280206168,2162.0149936880566,5000,0,walk,walk_new_dfbsp_tau_0.25,dfbsp,0.1,adaptive,8,0.015625,41,5,5,5,1.0,1.0,0.14702380952380953,0.14702380952380953,0,0,1,1,4,4,0.12195121951219512,1.0,5,1.0,36.7365,49.327149999999996,0,1,0,4,0.25,0,0.6480000000000001,0.648,0.3
0.23231336805555558,2.2828315037896267,0.10039248337552285,2.741894741361253,1.0,23.104166666666668,4.358732444952622,0.14227085552766996,2282.8315037896277,5000,1,walk,walk_new_dfbsp_tau_0.25,dfbsp,0.1,adaptive,8,0.015625,37,3,2,5,0.6666666666666666,0.3103448275862069,0.18125,0.05625,1,0,0,0,2,2,0.05405405405405406,0.6666666666666666,2,1.0,36.6375,44.822449999999996,0,3,0,15,0.25,0,0.6480000000000001,0.648,0.3
0.002277945788530466,2.1014952604418715,0.08134896874398244,3.0047236323240685,1.0,31.5,4.7561806101561315,0.07907102295545197,2101.4952604418727,5000,2,walk,walk_new_dfbsp_tau_0.25,dfbsp,0.1,adaptive,8,0.015625,39,2,1,5,0.5,0.020408163265306124,1.0208333333333333,0.020833333333333332,1,0,0,0,1,1,0.02564102564102564,0.5,1,1.0,36.688500000000005,48.25624999999999,0,4,0,12,0.25,0,0.6480000000000001,0.648,0.3
0.06453993055555556,2.390108967526214,0.07306987300387474,3.3468016570640358,0.9583333333333334,36.395833333333336,4.943723607950403,0.05830954805269526,2390.108967526215,5000,3,walk,walk_new_dfbsp_tau_0.25,dfbsp,0.1,adaptive,8,0.015625,37,4,3,6,0.75,0.6610169491525424,0.12291666666666667,0.08125,0,0,1,0,3,3,0.08108108108108109,0.75,3,1.0,36.5185,42.34165,0,5,0,13,0.25,0,0.6480000000000001,0.648,0.3
0.07380642361111112,1.5604331184466107,0.14538362079155825,2.4266069543343733,0.9583333333333334,16.270833333333332,3.7760829852184075,0.16224737680272383,1560.4331184466116,5001,0,walk,walk_new_dfbsp_tau_0.25,dfbsp,0.1,adaptive,8,0.015625,36,4,3,10,0.75,0.6428571428571428,0.175,0.11249999999999999,0,0,2,1,2,2,0.08333333333333333,0.75,3,1.0,36.302499999999995,50.882899999999985,0,7,0,31,0.25,0,0.6480000000000001,0.648,0.3
0.04463054356706451,2.443383965643384,0.07231821270731315,3.498986715541767,1.0,36.708333333333336,5.06467685658759,0.07408460072444356,2443.3839656433843,5001,1,walk,walk_new_dfbsp_tau_0.25,dfbsp,0.1,adaptive,8,0.015625,39,2,2,5,1.0,1.0,0.05208333333333333,0.05208333333333333,0,0,0,0,2,2,0.05128205128205128,1.0,2,1.0,37.71,43.62495,0,2,0,6,0.25,0,0.6480000000000001,0.648,0.3
0.022026909722222224,1.8640049541802866,0.09632640730407394,3.125709658200366,0.9791666666666666,24.020833333333332,4.413926021660428,0.07429949758185171,1864.0049541802875,5001,2,walk,walk_new_dfbsp_tau_0.25,dfbsp,0.1,adaptive,8,0.015625,35,4,3,6,0.75,0.061583577712609985,1.0656249999999998,0.065625,1,0,0,0,3,3,0.08571428571428572,1.0,3,1.0,36.9715,44.9883,0,3,0,12,0.25,0,0.6480000000000001,0.648,0.3
0.0006727430555555554,3.0568524747067727,0.12435977396568014,3.0485554029193693,1.0,24.479166666666668,4.206106963552318,0.1236870309101246,3056.8524747067736,5001,3,walk,walk_new_dfbsp_tau_0.25,dfbsp,0.1,adaptive,8,0.015625,33,1,0,7,0.0,0.0,0.0625,0.0,0,0,1,0,0,0,0.0,0.0,0,1.0,37.501999999999995,50.6957,0,6,0,27,0.25,0,0.6480000000000001,0.648,0.3
0.0,4.670066229015965,0.06850658458563831,3.948666325863788,0.9791666666666666,42.604166666666664,5.225117660537241,0.06850658458563831,4670.066229015965,5002,0,walk,walk_new_dfbsp_tau_0.25,dfbsp,0.1,adaptive,8,0.015625,38,3,3,5,1.0,1.0,0.08452380952380953,0.08452380952380953,0,0,1,1,2,2,0.07894736842105263,1.0,3,1.0,35.88849999999999,48.352,0,2,0,6,0.25,0,0.6480000000000001,0.648,0.3
0.022721354166666666,2.982378596749948,0.07296011389016471,3.7383388340141734,1.0,36.541666666666664,5.0328669396770085,0.05023875972349803,2982.3785967499484,5002,1,walk,walk_new_dfbsp_tau_0.25,dfbsp,0.1,adaptive,8,0.015625,37,4,4,5,1.0,1.0,0.12202380952380952,0.12202380952380952,0,0,1,1,3,3,0.10810810810810811,1.0,4,1.0,36.811,40.88305,0,0,0,0,0.25,0,0.6480000000000001,0.648,0.3
0.0031481481481481477,1.5562595650263502,0.08217878732173563,2.99840865112567,1.0,29.6875,4.748027690325771,0.07903063917358748,1556.2595650263502,5002,2,walk,walk_new_dfbsp_tau_0.25,dfbsp,0.1,adaptive,8,0.015625,38,3,2,4,0.6666666666666666,0.05013192612137203,1.0527777777777778,0.05277777777777778,1,0,0,0,2,2,0.05263157894736842,0.6666666666666666,2,1.0,36.251999999999995,44.313599999999994,0,2,0,8,0.25,0,0.6480000000000001,0.648,0.3
0.001171875,1.9238592862790116,0.11222035504986455,2.5418139925367984,1.0,21.333333333333332,4.18511913856879,0.11104848004986452,1923.8592862790117,5002,3,walk,walk_new_dfbsp_tau_0.25,dfbsp,0.1,adaptive,8,0.015625,35,2,0,7,0.0,0.0,1.25,0.0,2,0,0,0,0,0,0.0,0.0,0,1.0,35.54,44.5834,0,6,0,25,0.25,0,0.6480000000000001,0.648,0.3
0.0625,3.003021044815267,0.07280133536862239,3.8316993191341115,0.8958333333333334,40.729166666666664,5.113960596768584,0.08862538145916843,3003.021044815267,5003,0,walk,walk_new_dfbsp_tau_0.25,dfbsp,0.1,adaptive,8,0.015625,32,3,3,5,1.0,1.0,0.12202380952380952,0.12202380952380952,0,0,2,2,1,1,0.09375,1.0,3,1.0,37.2735,42.41785,0,2,0,7,0.25,0,0.6480000000000001,0.648,0.3
0.0033420138888888887,1.8865282642829666,0.08272201873089437,2.857125659214956,1.0,25.75,4.525734725873106,0.07938000484200548,1886.5282642829682,5003,1,walk,walk_new_dfbsp_tau_0.25,dfbsp,0.1,adaptive,8,0.015625,41,8,8,9,1.0,1.0,0.26904761904761904,0.26904761904761904,0,0,3,3,5,5,0.1951219512195122,1.0,8,1.0,37.091,47.3913,0,3,0,11,0.25,0,0.6480000000000001,0.648,0.3
0.07057291666666667,3.6111386127144445,0.09365824959422316,3.4514377175339863,0.7708333333333334,30.166666666666668,4.682810647617608,0.03378330295824506,3611.138612714441,5003,2,walk,walk_new_dfbsp_tau_0.25,dfbsp,0.1,adaptive,8,0.015625,36,3,0,3,0.0,0.0,1.0803571428571428,0.0,1,0,1,0,1,0,0.0,0.0,0,1.0,37.669,41.76955,0,3,0,9,0.25,0,0.6480000000000001,0.648,0.3
0.04407937885802469,3.301753293314853,0.09655798205513492,3.1318940210502073,1.0,28.354166666666668,4.477506482698086,0.061033158760085617,3301.7532933148527,5003,3,walk,walk_new_dfbsp_tau_0.25,dfbsp,0.1,adaptive,8,0.015625,38,2,2,7,1.0,1.0,0.05625,0.05625,0,0,0,0,2,2,0.05263157894736842,1.0,2,1.0,36.664,43.642399999999995,0,4,0,15,0.25,0,0.6480000000000001,0.648,0.3
0.02309027777777778,3.927377530885636,0.11079424053078846,3.597232971437519,0.8125,18.416666666666668,4.021299112920887,0.08770396275301066,3927.3775308856343,5004,0,walk,walk_new_dfbsp_tau_0.25,dfbsp,0.1,adaptive,8,0.015625,30,3,3,8,1.0,1.0,0.1845238095238095,0.1845238095238095,1,1,1,1,1,1,0.1,1.0,3,1.0,35.3515,41.0293,0,5,0,21,0.25,0,0.6480000000000001,0.648,0.3
0.024086184790680403,3.801039282683229,0.06528307230424728,4.228003633960056,0.7708333333333334,35.166666666666664,4.989670332464319,0.041196887513566864,3801.0392826832303,5004,1,walk,walk_new_dfbsp_tau_0.25,dfbsp,0.1,adaptive,8,0.015625,36,8,6,8,0.75,0.17747858017135865,0.6078869047619047,0.10788690476190475,2,0,0,0,6,6,0.16666666666666666,0.8333333333333334,6,1.0,35.943,46.283699999999996,0,3,0,7,0.25,0,0.6480000000000001,0.648,0.3
0.13728298611111112,1.5912080566583569,0.08693434308751881,2.720742494784556,1.0,22.770833333333332,4.3818848147885765,0.051576685931846056,1591.2080566583575,5004,2,walk,walk_new_dfbsp_tau_0.25,dfbsp,0.1,adaptive,8,0.015625,35,1,0,6,0.0,0.0,0.017857142857142856,0.0,0,0,0,0,1,0,0.0,0.0,0,1.0,35.693,73.9434,0,5,0,12,0.25,0,0.6480000000000001,0.648,0.3
0.14615885416666666,1.9438050531497233,0.09529259706209126,2.9663102022727084,0.9375,26.416666666666668,4.545195420470208,0.05470630635729907,1943.8050531497238,5004,3,walk,walk_new_dfbsp_tau_0.25,dfbsp,0.1,adaptive,8,0.015625,36,4,4,8,1.0,1.0,0.10119047619047619,0.10119047619047619,0,0,1,1,3,3,0.1111111111111111,1.0,4,1.0,36.442499999999995,45.443149999999996,0,5,0,18,0.25,0,0.6480000000000001,0.648,0.3
0.04750434027777778,2.264982303315579,0.07809858663646853,3.076202615124185,1.0,28.208333333333332,4.614631037236497,0.03431260395987531,2264.9823033155803,5005,0,walk,walk_new_dfbsp_tau_0.25,dfbsp,0.1,adaptive,8,0.015625,38,6,4,6,0.6666666666666666,0.20567375886524822,0.6294642857142857,0.1294642857142857,2,0,1,1,3,3,0.10526315789473684,0.8,4,1.0,36.885999999999996,46.7163,0,3,0,12,0.25,0,0.6480000000000001,0.648,0.3
0.25,2.317191879767404,0.08712885978123423,2.94093291482872,1.0,32.375,4.7298611664019985,0.16287114021876578,2317.191879767404,5005,1,walk,walk_new_dfbsp_tau_0.25,dfbsp,0.1,adaptive,8,0.015625,36,3,1,5,0.3333333333333333,0.01639344262295082,1.2708333333333333,0.020833333333333332,2,0,0,0,1,1,0.027777777777777776,0.5,1,1.0,37.572500000000005,49.352349999999994,0,3,0,11,0.25,0,0.6480000000000001,0.648,0.3
0.000759548611111111,2.914682566867349,0.06888643287664026,3.642135623537495,0.9375,33.125,4.956047364743349,0.06812688426552915,2914.6825668673505,5005,2,walk,walk_new_dfbsp_tau_0.25,dfbsp,0.1,adaptive,8,0.015625,38,4,3,6,0.75,0.288135593220339,0.35119047619047616,0.10119047619047619,1,0,1,1,2,2,0.07894736842105263,1.0,3,1.0,36.15,42.79005,0,1,0,4,0.25,0,0.6480000000000001,0.648,0.3
0.0705109126984127,1.2864737067503154,0.10751652402176926,2.5638793980996906,1.0,25.0,4.407178600956683,0.051841987020817736,1286.4737067503154,5005,3,walk,walk_new_dfbsp_tau_0.25,dfbsp,0.1,adaptive,8,0.015625,34,3,2,6,0.6666666666666666,0.5625,0.14285714285714285,0.08035714285714285,0,0,2,1,1,1,0.058823529411764705,0.6666666666666666,2,1.0,36.8495,41.68525,0,4,0,18,0.25,0,0.6480000000000001,0.648,0.3
0.0,3.3737811468535246,0.07426708165931166,3.8400371794089874,0.8333333333333334,37.541666666666664,5.08602022249329,0.07426708165931166,3373.781146853524,5006,0,walk,walk_new_dfbsp_tau_0.25,dfbsp,0.1,adaptive,8,0.015625,36,6,5,6,0.8333333333333334,0.35251798561151076,0.3861111111111111,0.1361111111111111,1,0,0,0,5,5,0.1388888888888889,0.75,5,1.0,37.492999999999995,45.84304999999999,0,4,0,9,0.25,0,0.6480000000000001,0.648,0.3
0.17057291666666666,1.1611022333809309,0.08024711526456539,2.80575882888712,1.0,25.541666666666668,4.621730046367969,0.10413565425968675,1161.1022333809312,5006,1,walk,walk_new_dfbsp_tau_0.25,dfbsp,0.1,adaptive,8,0.015625,40,2,1,2,0.5,0.2,0.3125,0.0625,1,0,1,1,0,0,0.025,0.5,1,1.0,35.385000000000005,44.6357,0,1,0,3,0.25,0,0.6480000000000001,0.648,0.3
0.09136284722222221,3.3877511124143975,0.10579600322178671,2.9585728862308556,0.9375,21.041666666666668,4.160755664095998,0.10107852783798343,3387.751112414399,5006,2,walk,walk_new_dfbsp_tau_0.25,dfbsp,0.1,adaptive,8,0.015625,33,0,0,7,nan,nan,0.0,0.0,0,0,0,0,0,0,0.0,nan,0,1.0,36.5115,41.0037,0,6,0,18,0.25,0,0.6480000000000001,0.648,0.3
0.022026909722222224,3.8080522029744404,0.06974835225404294,3.7139316959448307,1.0,40.6875,5.053758182825037,0.04772144253182073,3808.05220297444,5006,3,walk,walk_new_dfbsp_tau_0.25,dfbsp,0.1,adaptive,8,0.015625,36,2,1,5,0.5,0.07692307692307693,0.2708333333333333,0.020833333333333332,1,0,0,0,1,1,0.027777777777777776,0.5,1,1.0,36.3975,43.85295,0,4,0,9,0.25,0,0.6480000000000001,0.648,0.3
0.0,3.2919813631820536,0.08232194724915019,3.6771763982542836,0.9166666666666666,27.229166666666668,4.608606302288123,0.08232194724915019,3291.9813631820507,5007,0,walk,walk_new_dfbsp_tau_0.25,dfbsp,0.1,adaptive,8,0.015625,39,6,5,9,0.8333333333333334,0.37499999999999994,0.4,0.15,1,0,2,2,3,3,0.1282051282051282,1.0,5,1.0,37.801500000000004,48.84729999999999,0,4,0,10,0.25,0,0.6480000000000001,0.648,0.3
0.04418402777777778,1.859379265528071,0.09393529597043392,2.7657850064610248,1.0,25.416666666666668,4.504477030022631,0.04975126819265613,1859.3792655280713,5007,1,walk,walk_new_dfbsp_tau_0.25,dfbsp,0.1,adaptive,8,0.015625,33,4,3,6,0.75,0.18958031837916062,0.30848214285714287,0.05848214285714286,1,0,0,0,3,3,0.09090909090909091,1.0,3,1.0,37.433499999999995,48.01374999999999,0,3,0,13,0.25,0,0.6480000000000001,0.648,0.3
0.14618055555555556,3.1988767446788735,0.06023243447493765,3.669017785655921,1.0,51.770833333333336,5.5459721675669655,0.08594812108061789,3198.8767446788747,5007,2,walk,walk_new_dfbsp_tau_0.25,dfbsp,0.1,adaptive,8,0.015625,40,1,1,2,1.0,1.0,0.017857142857142856,0.017857142857142856,0,0,0,0,1,1,0.025,1.0,1,1.0,35.6745,47.9112,0,0,0,0,0.25,0,0.6480000000000001,0.648,0.3
0.023003472222222224,1.6983874239035612,0.10866946645229845,2.9249149572169624,0.9791666666666666,20.958333333333332,4.234692385480286,0.0856659942300762,1698.3874239035613,5007,3,walk,walk_new_dfbsp_tau_0.25,dfbsp,0.1,adaptive,8,0.015625,33,5,4,10,0.8,0.10040160642570281,1.1116071428571428,0.11160714285714285,1,0,1,1,3,3,0.12121212121212122,1.0,4,1.0,37.7615,44.44385,0,6,0,28,0.25,0,0.6480000000000001,0.648,0.3
0.0859375,1.5307906906142037,0.14435132992507696,2.398877027316976,1.0,22.5625,3.994421424672525,0.0817129989044042,1530.790690614204,5008,0,walk,walk_new_dfbsp_tau_0.25,dfbsp,0.1,adaptive,8,0.015625,33,4,3,12,0.75,0.8651685393258427,0.1324404761904762,0.11458333333333333,0,0,1,1,3,2,0.09090909090909091,0.6666666666666666,3,1.0,35.578,42.8343,0,11,0,38,0.25,0,0.6480000000000001,0.648,0.3
0.04456018518518518,1.5866797482137533,0.09722224483234047,2.7200213363102494,1.0,22.645833333333332,4.375684218024752,0.05266205964715529,1586.6797482137542,5008,1,walk,walk_new_dfbsp_tau_0.25,dfbsp,0.1,adaptive,8,0.015625,37,3,3,8,1.0,1.0,0.09722222222222221,0.09722222222222221,0,0,1,1,2,2,0.08108108108108109,1.0,3,1.0,35.087,41.862249999999996,0,5,0,20,0.25,0,0.6480000000000001,0.648,0.3
0.27413194444444444,1.13521235291192,0.08939536335390079,2.642565630601207,1.0,27.020833333333332,4.587010109132051,0.1847365810905436,1135.21235291192,5008,2,walk,walk_new_dfbsp_tau_0.25,dfbsp,0.1,adaptive,8,0.015625,35,3,2,5,0.6666666666666666,0.5714285714285715,0.14583333333333331,0.08333333333333333,0,0,2,1,1,1,0.05714285714285714,0.6666666666666666,2,1.0,37.0995,41.6993,0,3,0,14,0.25,0,0.6480000000000001,0.648,0.3
0.041666666666666664,2.901185367137501,0.08184361633300698,3.8385764758445458,0.8125,29.208333333333332,4.717527618086384,0.04017694966634033,2901.1853671375006,5008,3,walk,walk_new_dfbsp_tau_0.25,dfbsp,0.1,adaptive,8,0.015625,30,4,3,7,0.75,0.05525094896668074,1.0584821428571427,0.05848214285714286,1,0,0,0,3,3,0.1,0.75,3,1.0,37.873999999999995,42.2405,0,4,0,13,0.25,0,0.6480000000000001,0.648,0.3
0.06282552083333333,2.7295665856238647,0.08602255552128153,3.425073629101202,0.9166666666666666,30.708333333333332,4.698538290708554,0.023197034687948218,2729.5665856238643,5009,0,walk,walk_new_dfbsp_tau_0.25,dfbsp,0.1,adaptive,8,0.015625,32,5,5,7,1.0,1.0,0.18645833333333334,0.18645833333333334,0,0,2,2,3,3,0.15625,1.0,5,1.0,36.234,40.49315,0,5,0,13,0.25,0,0.6480000000000001,0.648,0.3
0.030164930555555556,1.8680897925285136,0.09114140387413837,3.051485792439156,0.9791666666666666,25.583333333333332,4.525348362248997,0.06097647331858282,1868.0897925285137,5009,1,walk,walk_new_dfbsp_tau_0.25,dfbsp,0.1,adaptive,8,0.015625,38,2,2,6,1.0,1.0,0.05,0.05,0,0,0,0,2,2,0.05263157894736842,1.0,2,1.0,36.129,46.737249999999996,0,4,0,17,0.25,0,0.6480000000000001,0.648,0.3
0.04210069444444444,3.5411830548687866,0.08301048081048727,3.9991367473625874,0.9375,33.791666666666664,4.914521716711989,0.040909786366042845,3541.1830548687863,5009,2,walk,walk_new_dfbsp_tau_0.25,dfbsp,0.1,adaptive,8,0.015625,29,3,3,5,1.0,1.0,0.07083333333333333,0.07083333333333333,0,0,0,0,3,3,0.10344827586206896,1.0,3,1.0,36.697,47.88545,0,2,0,5,0.25,0,0.6480000000000001,0.648,0.3
0.00234375,3.1960185458246113,0.057596930284823857,3.8021764840907113,1.0,45.375,5.31734181551172,0.055253180284823844,3196.01854582461,5009,3,walk,walk_new_dfbsp_tau_0.25,dfbsp,0.1,adaptive,8,0.015625,39,2,1,4,0.5,0.07692307692307693,0.2708333333333333,0.020833333333333332,1,0,0,0,1,1,0.02564102564102564,0.5,1,1.0,37.644999999999996,45.62965,0,3,0,5,0.25,0,0.6480000000000001,0.648,0.3
0.15685143849206348,2.2358716627073085,0.048886223940163794,3.639556872357312,1.0,43.9375,5.436851358606191,0.11217044097422174,2235.8716627073086,5010,0,walk,walk_new_dfbsp_tau_0.25,dfbsp,0.1,adaptive,8,0.015625,40,7,5,6,0.7142857142857143,0.06873614190687362,1.3422619047619047,0.09226190476190475,2,0,0,0,5,5,0.125,0.75,5,1.0,35.4025,46.4721,0,1,0,1,0.25,0,0.6480000000000001,0.648,0.3
0.0014973958333333332,3.3765826058278177,0.059010226754187343,3.6272562333949327,1.0,38.645833333333336,5.119741323312646,0.057512830920854,3376.582605827815,5010,1,walk,walk_new_dfbsp_tau_0.25,dfbsp,0.1,adaptive,8,0.015625,38,3,3,4,1.0,1.0,0.14583333333333334,0.14583333333333334,0,0,2,2,1,1,0.07894736842105263,1.0,3,1.0,35.971500000000006,42.93875,0,2,0,8,0.25,0,0.6480000000000001,0.648,0.3
0.08497098866959064,2.299021462870387,0.09377646529509635,3.403353966538731,0.9791666666666666,25.020833333333332,4.452926598294429,0.03603470367371206,2299.021462870386,5010,2,walk,walk_new_dfbsp_tau_0.25,dfbsp,0.1,adaptive,8,0.015625,35,4,4,9,1.0,1.0,0.10014880952380953,0.10014880952380953,0,0,1,1,3,3,0.11428571428571428,1.0,4,1.0,36.092,44.961349999999996,0,6,0,16,0.25,0,0.6480000000000001,0.648,0.3
0.0006510416666666666,1.6496027291338067,0.1110662313910178,2.3990530710389435,0.9791666666666666,18.854166666666668,4.083525933362266,0.11041518972435116,1649.602729133808,5010,3,walk,walk_new_dfbsp_tau_0.25,dfbsp,0.1,adaptive,8,0.015625,32,5,3,9,0.6,0.25925925925925924,0.36160714285714285,0.09375,1,0,0,0,4,3,0.09375,0.6,3,1.0,38.215,51.534099999999995,0,7,0,22,0.25,0,0.6480000000000001,0.648,0.3
0.10687144886363636,1.8218170601856014,0.08737634947882973,2.946473241924408,1.0,29.520833333333332,4.63976241740446,0.027932416210357105,1821.817060185603,5011,0,walk,walk_new_dfbsp_tau_0.25,dfbsp,0.1,adaptive,8,0.015625,38,1,0,4,0.0,0.0,1.0,0.0,1,0,0,0,0,0,0.0,0.0,0,1.0,35.7125,43.67075,0,3,0,13,0.25,0,0.6480000000000001,0.648,0.3
0.14895833333333333,2.1321136167311012,0.09367671035189135,2.938579493796041,1.0,25.020833333333332,4.488041462644513,0.055281622981441986,2132.1136167311006,5011,1,walk,walk_new_dfbsp_tau_0.25,dfbsp,0.1,adaptive,8,0.015625,33,6,3,7,0.5,0.17085427135678394,0.4145833333333333,0.07083333333333333,1,0,1,0,4,3,0.09090909090909091,0.4,3,1.0,35.953,43.892149999999994,0,4,0,11,0.25,0,0.6480000000000001,0.648,0.3
0.08797743055555556,1.62716739536746,0.08323503217681551,2.9725107932500965,1.0,29.041666666666668,4.682096062053944,0.035856466901146286,1627.1673953674601,5011,2,walk,walk_new_dfbsp_tau_0.25,dfbsp,0.1,adaptive,8,0.015625,39,3,2,4,0.6666666666666666,0.25,0.3333333333333333,0.08333333333333333,1,0,1,1,1,1,0.05128205128205128,0.6666666666666666,2,1.0,35.2325,45.63565,0,3,0,5,0.25,0,0.6480000000000001,0.648,0.3
0.13142361111111112,2.3423941146270026,0.110555075120594,2.974307107366835,1.0,27.4375,4.368205856028838,0.09337355280038218,2342.3941146270026,5011,3,walk,walk_new_dfbsp_tau_0.25,dfbsp,0.1,adaptive,8,0.015625,36,4,2,7,0.5,0.03314917127071823,1.292857142857143,0.04285714285714286,2,0,0,0,2,2,0.05555555555555555,0.5,2,1.0,37.2435,45.522549999999995,0,5,0,20,0.25,0,0.6480000000000001,0.648,0.3
0.057465277777777775,2.4718929477401637,0.06707747709379631,3.342129229013817,1.0,42.0625,5.279872697810745,0.009612199316018527,2471.892947740164,5012,0,walk,walk_new_dfbsp_tau_0.25,dfbsp,0.1,adaptive,8,0.015625,39,2,2,5,1.0,1.0,0.03645833333333333,0.03645833333333333,0,0,0,0,2,2,0.05128205128205128,1.0,2,1.0,36.174499999999995,43.6309,0,1,0,3,0.25,0,0.6480000000000001,0.648,0.3
0.08450520833333335,1.8851482140575226,0.08358365161077895,2.77962530582699,1.0,26.125,4.566592385709913,0.012672097520914569,1885.1482140575245,5012,1,walk,walk_new_dfbsp_tau_0.25,dfbsp,0.1,adaptive,8,0.015625,37,3,2,5,0.6666666666666666,0.12727272727272726,0.2864583333333333,0.03645833333333333,1,0,0,0,2,2,0.05405405405405406,0.6666666666666666,2,1.0,35.7585,50.75795,0,2,0,9,0.25,0,0.6480000000000001,0.648,0.3
0.06374389499389499,3.1536849096805306,0.09439955880790217,2.8662751391399017,1.0,27.916666666666668,4.496674534301766,0.030655663814007163,3153.6849096805313,5012,2,walk,walk_new_dfbsp_tau_0.25,dfbsp,0.1,adaptive,8,0.015625,37,4,4,8,1.0,1.0,0.1261904761904762,0.1261904761904762,0,0,2,2,2,2,0.10810810810810811,1.0,4,1.0,36.7845,46.7441,0,6,0,22,0.25,0,0.6480000000000001,0.648,0.3
0.001240079365079365,3.4433668946036136,0.08432411487841696,3.4842548114170246,0.9791666666666666,29.791666666666668,4.694823066401153,0.0830840355133376,3443.3668946036178,5012,3,walk,walk_new_dfbsp_tau_0.25,dfbsp,0.1,adaptive,8,0.015625,32,1,1,6,1.0,1.0,0.017857142857142856,0.017857142857142856,0,0,0,0,1,1,0.03125,1.0,1,1.0,35.757999999999996,41.9036,0,5,0,13,0.25,0,0.6480000000000001,0.648,0.3
0.030211433531746032,2.8990144698665183,0.10038456727332157,3.211643412677376,0.9375,32.583333333333336,4.658755915507346,0.07017313374157552,2899.0144698665194,5013,0,walk,walk_new_dfbsp_tau_0.25,dfbsp,0.1,adaptive,8,0.015625,37,4,3,7,0.75,0.8651685393258427,0.1324404761904762,0.11458333333333333,0,0,1,1,3,2,0.08108108108108109,1.0,3,1.0,37.150999999999996,46.82634999999999,0,5,0,24,0.25,0,0.6480000000000001,0.648,0.3
0.041666666666666664,2.6429942624493923,0.10399336928225013,3.143638158876262,0.9583333333333334,27.583333333333332,4.521091737144787,0.062326702615583485,2642.994262449393,5013,1,walk,walk_new_dfbsp_tau_0.25,dfbsp,0.1,adaptive,8,0.015625,36,6,5,8,0.8333333333333334,0.7321428571428571,0.23333333333333334,0.17083333333333334,0,0,2,1,4,4,0.1388888888888889,1.0,5,1.0,35.488,45.109700000000004,0,5,0,21,0.25,0,0.6480000000000001,0.648,0.3
0.20870535714285712,1.837238326758989,0.10912726171316989,2.697787444206254,0.9583333333333334,24.083333333333332,4.3089901116210765,0.11209206212625168,1837.2383267589887,5013,2,walk,walk_new_dfbsp_tau_0.25,dfbsp,0.1,adaptive,8,0.015625,30,1,1,10,1.0,1.0,0.025,0.025,0,0,0,0,1,1,0.03333333333333333,1.0,1,1.0,36.9925,46.53339999999999,0,9,0,26,0.25,0,0.6480000000000001,0.648,0.3
0.02183159722222222,2.071427681707601,0.08509782600034771,3.2274744207335746,0.9791666666666666,32.895833333333336,4.836681510057518,0.06326622877812549,2071.4276817076016,5013,3,walk,walk_new_dfbsp_tau_0.25,dfbsp,0.1,adaptive,8,0.015625,36,5,4,6,0.8,0.2599118942731278,0.337797619047619,0.08779761904761904,1,0,0,0,4,4,0.1111111111111111,0.8,4,1.0,35.747,42.884249999999994,0,2,0,9,0.25,0,0.6480000000000001,0.648,0.3
0.015190972222222222,2.0982596285244384,0.11370916926804231,2.7877118635374654,1.0,19.708333333333332,4.11496610440618,0.09851819704582006,2098.2596285244385,5014,0,walk,walk_new_dfbsp_tau_0.25,dfbsp,0.1,adaptive,8,0.015625,35,3,1,6,0.3333333333333333,0.16666666666666666,0.375,0.0625,1,0,2,1,0,0,0.02857142857142857,0.3333333333333333,1,1.0,35.7475,42.983999999999995,0,5,0,23,0.25,0,0.6480000000000001,0.648,0.3
0.0007638888888888889,3.883334763920571,0.08781801441407865,4.262292348847348,0.6666666666666666,27.875,4.5459098387991,0.08705412552518975,3883.3347639205717,5014,1,walk,walk_new_dfbsp_tau_0.25,dfbsp,0.1,adaptive,8,0.015625,39,2,1,5,0.5,0.058823529411764705,1.0625,0.0625,1,0,1,1,0,0,0.02564102564102564,0.5,1,1.0,37.402,47.45885,0,4,0,21,0.25,0,0.6480000000000001,0.648,0.3
0.06597222222222222,2.1813018695229514,0.07451256612714506,3.36174188599952,0.9375,29.5625,4.759126468159801,0.02227821335993489,2181.3018695229507,5014,2,walk,walk_new_dfbsp_tau_0.25,dfbsp,0.1,adaptive,8,0.015625,37,5,3,6,0.6,0.1794871794871795,0.609375,0.109375,2,0,1,1,2,2,0.08108108108108109,0.75,3,1.0,37.294,44.291149999999995,0,2,0,6,0.25,0,0.6480000000000001,0.648,0.3
0.10416666666666667,2.5919411111971065,0.10135240779436472,3.073359575014795,0.9583333333333334,21.833333333333332,4.329967527316954,0.02750037474880969,2591.941111197107,5014,3,walk,walk_new_dfbsp_tau_0.25,dfbsp,0.1,adaptive,8,0.015625,33,4,3,8,0.75,0.7846153846153846,0.12896825396825395,0.10119047619047618,0,0,1,1,3,2,0.09090909090909091,1.0,3,1.0,37.0175,49.15885,0,5,0,16,0.25,0,0.6480000000000001,0.648,0.3
0.053559027777777775,1.9937718520623913,0.0875930127001582,3.0390443753991643,0.9791666666666666,23.1875,4.443973542411984,0.03403398492238043,1993.7718520623923,5015,0,walk,walk_new_dfbsp_tau_0.25,dfbsp,0.1,adaptive,8,0.015625,37,4,3,5,0.75,0.3406593406593406,0.37916666666666665,0.12916666666666665,1,0,2,2,1,1,0.08108108108108109,0.6666666666666666,3,1.0,36.69,46.41414999999999,0,1,0,5,0.25,0,0.6480000000000001,0.648,0.3
0.00043402777777777775,3.0321508146140808,0.08795903925663513,3.2147946591159093,1.0,31.75,4.71836650869204,0.08752501147885737,3032.15081461408,5015,1,walk,walk_new_dfbsp_tau_0.25,dfbsp,0.1,adaptive,8,0.015625,37,4,2,4,0.5,0.1764705882352941,0.45535714285714285,0.08035714285714285,2,0,1,1,1,1,0.05405405405405406,0.5,2,1.0,36.698,46.993249999999996,0,2,0,9,0.25,0,0.6480000000000001,0.648,0.3
0.0019159226190476192,3.6045704726133043,0.06779151549445434,4.32440366629957,0.7083333333333334,38.125,5.1008122578362665,0.06587559287540669,3604.5704726133026,5015,2,walk,walk_new_dfbsp_tau_0.25,dfbsp,0.1,adaptive,8,0.015625,35,1,1,2,1.0,1.0,0.020833333333333332,0.020833333333333332,0,0,0,0,1,1,0.02857142857142857,1.0,1,1.0,37.441,46.62865,0,1,0,5,0.25,0,0.6480000000000001,0.648,0.3
0.0015625000000000003,2.6646200582351827,0.07628089704438255,3.788061821546562,0.9375,36.125,5.005598166527857,0.07471839704438257,2664.620058235181,5015,3,walk,walk_new_dfbsp_tau_0.25,dfbsp,0.1,adaptive,8,0.015625,33,1,0,3,0.0,0.0,0.25,0.0,1,0,0,0,0,0,0.0,0.0,0,1.0,37.5345,43.28615,0,2,0,7,0.25,0,0.6480000000000001,0.648,0.3
0.001171875,3.642687251063991,0.08048371750180071,4.184170998979977,0.7708333333333334,31.416666666666668,4.814755628648551,0.07931184250180069,3642.687251063989,5016,0,walk,walk_new_dfbsp_tau_0.25,dfbsp,0.1,adaptive,8,0.015625,41,3,2,4,0.6666666666666666,0.45454545454545453,0.11458333333333333,0.05208333333333333,0,0,1,0,2,2,0.04878048780487805,0.6666666666666666,2,1.0,35.3725,41.46855,0,2,0,8,0.25,0,0.6480000000000001,0.648,0.3
0.10850694444444443,2.023440936734167,0.0951215331153684,2.9760781101710667,1.0,25.354166666666668,4.512279152847499,0.09146432564015128,2023.4409367341668,5016,1,walk,walk_new_dfbsp_tau_0.25,dfbsp,0.1,adaptive,8,0.015625,30,2,1,6,0.5,0.07692307692307693,0.2708333333333333,0.020833333333333332,1,0,0,0,1,1,0.03333333333333333,0.5,1,1.0,35.8365,47.32274999999999,0,4,0,13,0.25,0,0.6480000000000001,0.648,0.3
0.1685546875,1.890188613409124,0.08247685511253043,2.9075886156910182,1.0,31.625,4.7977073623681035,0.08607783238746958,1890.1886134091246,5016,2,walk,walk_new_dfbsp_tau_0.25,dfbsp,0.1,adaptive,8,0.015625,34,4,1,3,0.25,0.015625,1.3333333333333333,0.020833333333333332,2,0,1,0,1,1,0.029411764705882353,0.5,1,1.0,36.585499999999996,45.914899999999996,0,2,0,8,0.25,0,0.6480000000000001,0.648,0.3
0.021158854166666668,4.205256110320679,0.0685483140336715,4.5907267727743095,0.6875,38.645833333333336,5.090741824576198,0.047389459867004824,4205.256110320678,5016,3,walk,walk_new_dfbsp_tau_0.25,dfbsp,0.1,adaptive,8,0.015625,34,3,2,3,0.6666666666666666,0.7272727272727273,0.11458333333333333,0.08333333333333333,0,0,1,1,2,1,0.058823529411764705,0.6666666666666666,2,1.0,37.5135,44.56675,0,2,0,4,0.25,0,0.6480000000000001,0.648,0.3
0.12608506944444445,1.5907756212930064,0.12022914963764332,2.518288005786911,1.0,20.041666666666668,4.11821599876589,0.0403989508362624,1590.775621293007,5017,0,walk,walk_new_dfbsp_tau_0.25,dfbsp,0.1,adaptive,8,0.015625,37,5,4,8,0.8,0.09287257019438445,1.1023809523809522,0.10238095238095238,1,0,1,1,3,3,0.10810810810810811,0.6666666666666666,4,1.0,35.7665,48.4362,0,4,0,25,0.25,0,0.6480000000000001,0.648,0.3
0.10416666666666667,2.517445590185894,0.08958042494901595,3.0444206581391104,0.9375,25.229166666666668,4.474552379779904,0.02855246370511057,2517.4455901858946,5017,1,walk,walk_new_dfbsp_tau_0.25,dfbsp,0.1,adaptive,8,0.015625,36,2,1,5,0.5,0.07692307692307693,0.2708333333333333,0.020833333333333332,1,0,0,0,1,1,0.027777777777777776,0.5,1,1.0,35.6565,46.9756,0,3,0,18,0.25,0,0.6480000000000001,0.648,0.3
0.020833333333333332,3.6569627337109973,0.07671638285435027,3.7896165319610344,0.9791666666666666,31.208333333333332,4.8087379939343995,0.05588304952101694,3656.962733710998,5017,2,walk,walk_new_dfbsp_tau_0.25,dfbsp,0.1,adaptive,8,0.015625,40,2,0,2,0.0,0.0,1.0178571428571428,0.0,1,0,0,0,1,0,0.0,0.0,0,1.0,37.173500000000004,45.51585,0,1,0,1,0.25,0,0.6480000000000001,0.648,0.3
0.006225198412698412,2.6021557286232504,0.07279526273487424,3.448229398151519,1.0,36.083333333333336,4.945932587173065,0.06657006432217583,2602.1557286232496,5017,3,walk,walk_new_dfbsp_tau_0.25,dfbsp,0.1,adaptive,8,0.015625,38,6,5,9,0.8333333333333334,0.4337078651685393,0.44146825396825395,0.19146825396825395,1,0,2,2,3,3,0.13157894736842105,0.8,5,1.0,36.201499999999996,45.58715,0,6,0,13,0.25,0,0.6480000000000001,0.648,0.3
0.0008463541666666667,2.987740592710034,0.08833979338397635,3.5923873119223964,0.9583333333333334,32.145833333333336,4.65566295266414,0.08749343921730969,2987.740592710035,5018,0,walk,walk_new_dfbsp_tau_0.25,dfbsp,0.1,adaptive,8,0.015625,34,5,2,5,0.4,0.08928571428571429,0.5833333333333333,0.05208333333333333,2,0,0,0,3,2,0.058823529411764705,1.0,2,1.0,36.283,42.84289999999999,0,4,0,23,0.25,0,0.6480000000000001,0.648,0.3
0.042187499999999996,1.971595486891086,0.08466102438802438,2.903199162771786,0.9791666666666666,30.75,4.661603306003455,0.042473524388024396,1971.5954868910876,5018,1,walk,walk_new_dfbsp_tau_0.25,dfbsp,0.1,adaptive,8,0.015625,33,2,1,4,0.5,0.7777777777777779,0.08035714285714285,0.0625,0,0,1,1,1,0,0.030303030303030304,0.5,1,1.0,35.436,45.9108,0,2,0,8,0.25,0,0.6480000000000001,0.648,0.3
0.032552083333333336,1.94038402017837,0.11876519642083001,2.796115331595859,0.9166666666666666,15.479166666666666,3.8623131749519235,0.08621311308749668,1940.3840201783703,5018,2,walk,walk_new_dfbsp_tau_0.25,dfbsp,0.1,adaptive,8,0.015625,34,4,2,10,0.5,0.21397379912663753,0.34077380952380953,0.07291666666666666,1,0,1,1,2,1,0.058823529411764705,0.6666666666666666,2,1.0,36.8605,51.897549999999995,0,8,0,32,0.25,0,0.6480000000000001,0.648,0.3
0.0003255208333333333,3.3089286985568016,0.08108229500146884,3.7719497539128337,0.9583333333333334,29.354166666666668,4.729960596197952,0.0807567741681355,3308.928698556801,5018,3,walk,walk_new_dfbsp_tau_0.25,dfbsp,0.1,adaptive,8,0.015625,39,3,1,2,0.3333333333333333,0.16666666666666666,0.375,0.0625,1,0,2,1,0,0,0.02564102564102564,0.3333333333333333,1,1.0,35.806,46.6289,0,2,0,9,0.25,0,0.6480000000000001,0.648,0.3
0.08483072916666667,2.001310955020239,0.11113057297146012,2.7529371611774773,0.9791666666666666,24.270833333333332,4.263640426895096,0.02629984380479347,2001.3109550202398,5019,0,walk,walk_new_dfbsp_tau_0.25,dfbsp,0.1,adaptive,8,0.015625,37,3,1,6,0.3333333333333333,0.1044776119402985,0.29910714285714285,0.03125,1,0,0,0,2,1,0.02702702702702703,0.5,1,1.0,36.3675,41.32235,0,5,0,26,0.25,0,0.6480000000000001,0.648,0.3
0.06324786324786325,1.8733190687260752,0.0772191719815618,3.260673422848464,0.9791666666666666,37.395833333333336,4.979626332201089,0.0212175887319949,1873.3190687260774,5019,1,walk,walk_new_dfbsp_tau_0.25,dfbsp,0.1,adaptive,8,0.015625,39,6,4,6,0.6666666666666666,0.19840954274353872,0.6237599206349207,0.12375992063492063,2,0,1,1,3,3,0.10256410256410256,0.75,4,1.0,35.259,42.62665,0,3,0,7,0.25,0,0.6480000000000001,0.648,0.3
0.042187499999999996,2.478918477535792,0.08529549656548296,3.197745092848246,1.0,33.520833333333336,4.767086784652251,0.06320285990099643,2478.9184775357944,5019,2,walk,walk_new_dfbsp_tau_0.25,dfbsp,0.1,adaptive,8,0.015625,32,2,2,9,1.0,1.0,0.049107142857142856,0.049107142857142856,0,0,0,0,2,2,0.0625,1.0,2,1.0,37.266999999999996,49.71679999999999,0,7,0,17,0.25,0,0.6480000000000001,0.648,0.3
0.29508825231481484,0.9549706606496092,0.10086498656284837,2.5138920058062477,1.0,24.708333333333332,4.401122350079419,0.19422326575196647,954.9706606496094,5019,3,walk,walk_new_dfbsp_tau_0.25,dfbsp,0.1,adaptive,8,0.015625,40,5,5,9,1.0,1.0,0.1138392857142857,0.1138392857142857,0,0,1,1,4,4,0.125,1.0,5,1.0,36.0085,44.800599999999996,0,4,0,18,0.25,0,0.6480000000000001,0.648,0.3
0.07646700789816731,2.198235226385791,0.10430235823944374,3.1349317025732275,1.0,30.479166666666668,4.560561426607564,0.07511201569738951,2198.2352263857915,5000,0,walk,walk_new_dfbsp_tau_0.5,dfbsp,0.1,adaptive,8,0.015625,41,5,4,7,0.8,0.8299595141700404,0.14702380952380953,0.12202380952380952,0,0,1,1,4,3,0.0975609756097561,0.75,4,1.0,37.712500000000006,44.3319,0,3,0,17,0.5,0,0.6480000000000001,0.648,0.3
0.1142578125,1.8264190952807648,0.12006666658579784,2.5508028335101254,1.0,20.625,4.102587041600711,0.06040748285983142,1826.4190952807655,5000,1,walk,walk_new_dfbsp_tau_0.5,dfbsp,0.1,adaptive,8,0.015625,37,3,2,6,0.6666666666666666,0.3103448275862069,0.18125,0.05625,1,0,0,0,2,2,0.05405405405405406,0.6666666666666666,2,1.0,36.3635,41.37625,0,3,0,20,0.5,0,0.6480000000000001,0.648,0.3
0.002277945788530466,2.141113786259315,0.06733021949440844,3.28196911296733,1.0,38.25,5.115434330856593,0.06505227370587797,2141.113786259317,5000,2,walk,walk_new_dfbsp_tau_0.5,dfbsp,0.1,adaptive,8,0.015625,39,2,1,2,0.5,0.020408163265306124,1.0208333333333333,0.020833333333333332,1,0,0,0,1,1,0.02564102564102564,0.5,1,1.0,36.236000000000004,43.5753,0,0,0,0,0.5,0,0.6480000000000001,0.648,0.3
0.06453993055555556,2.0422066119529636,0.07571077546940909,3.2758719471752595,1.0,39.5,5.078720561544315,0.033164515482430684,2042.2066119529647,5000,3,walk,walk_new_dfbsp_tau_0.5,dfbsp,0.1,adaptive,8,0.015625,37,4,3,6,0.75,0.6610169491525424,0.12291666666666667,0.08125,0,0,1,0,3,3,0.08108108108108109,0.75,3,1.0,34.7935,40.81439999999999,0,4,0,11,0.5,0,0.6480000000000001,0.648,0.3
0.13630642361111112,1.5428348068418174,0.13542170039695053,2.5756902195336546,0.9375,17.770833333333332,3.88902008942896,0.12269456460569816,1542.8348068418184,5001,0,walk,walk_new_dfbsp_tau_0.5,dfbsp,0.1,adaptive,8,0.015625,36,4,4,8,1.0,1.0,0.175,0.175,0,0,2,2,2,2,0.1111111111111111,1.0,4,1.0,36.473,47.02159999999999,0,5,0,26,0.5,0,0.6480000000000001,0.648,0.3
0.023797210233731173,3.7101504650391703,0.06690742030870832,3.94391359778453,0.9166666666666666,37.020833333333336,5.101513576490883,0.043110210074977146,3710.1504650391726,5001,1,walk,walk_new_dfbsp_tau_0.5,dfbsp,0.1,adaptive,8,0.015625,39,2,2,3,1.0,1.0,0.05208333333333333,0.05208333333333333,0,0,0,0,2,2,0.05128205128205128,1.0,2,1.0,36.429,45.6228,0,0,0,0,0.5,0,0.6480000000000001,0.648,0.3
0.16786024305555558,1.7009127224147411,0.12434484693002289,2.791003974802449,1.0,21.041666666666668,4.092284596356301,0.13132193146545243,1700.9127224147417,5001,2,walk,walk_new_dfbsp_tau_0.5,dfbsp,0.1,adaptive,8,0.015625,35,4,3,7,0.75,0.061583577712609985,1.0656249999999998,0.065625,1,0,0,0,3,3,0.08571428571428572,1.0,3,1.0,35.2675,44.88049999999999,0,4,0,19,0.5,0,0.6480000000000001,0.648,0.3
0.0006727430555555554,3.1370949919541484,0.07259739613350935,3.5861321268429833,0.9791666666666666,33.520833333333336,4.802991654961406,0.0719246530779538,3137.0949919541495,5001,3,walk,walk_new_dfbsp_tau_0.5,dfbsp,0.1,adaptive,8,0.015625,33,1,0,4,0.0,0.0,0.0625,0.0,0,0,1,0,0,0,0.0,0.0,0,1.0,36.215,49.19175,0,3,0,11,0.5,0,0.6480000000000001,0.648,0.3
0.0,5.2410489258537964,0.07519776094857107,3.9550080617249592,0.8958333333333334,39.979166666666664,5.078586002463751,0.07519776094857107,5241.048925853794,5002,0,walk,walk_new_dfbsp_tau_0.5,dfbsp,0.1,adaptive,8,0.015625,38,3,3,6,1.0,1.0,0.08452380952380953,0.08452380952380953,0,0,1,1,2,2,0.07894736842105263,1.0,3,1.0,35.5985,41.23329999999999,0,3,0,9,0.5,0,0.6480000000000001,0.648,0.3
0.022721354166666666,3.1415228932337125,0.07468194637038918,4.008721443092628,0.7708333333333334,33.770833333333336,4.9277809272981035,0.07127977927833783,3141.522893233714,5002,1,walk,walk_new_dfbsp_tau_0.5,dfbsp,0.1,adaptive,8,0.015625,37,4,4,5,1.0,1.0,0.12202380952380952,0.12202380952380952,0,0,1,1,3,3,0.10810810810810811,1.0,4,1.0,36.17400000000001,47.39035,0,2,0,2,0.5,0,0.6480000000000001,0.648,0.3
0.0031481481481481477,2.159939855947911,0.08282493668922988,3.4418359417432907,0.9791666666666666,29.208333333333332,4.699111721255783,0.07967678854108169,2159.939855947912,5002,2,walk,walk_new_dfbsp_tau_0.5,dfbsp,0.1,adaptive,8,0.015625,38,3,2,7,0.6666666666666666,0.05013192612137203,1.0527777777777778,0.05277777777777778,1,0,0,0,2,2,0.05263157894736842,0.6666666666666666,2,1.0,34.7175,42.6582,0,4,0,16,0.5,0,0.6480000000000001,0.648,0.3
0.12617187500000002,1.496877936442255,0.16222142491598587,2.4652477281328427,1.0,20.395833333333332,3.9384732151686612,0.13698860797562132,1496.8779364422555,5002,3,walk,walk_new_dfbsp_tau_0.5,dfbsp,0.1,adaptive,8,0.015625,35,2,0,6,0.0,0.0,1.25,0.0,2,0,0,0,0,0,0.0,0.0,0,1.0,35.8575,42.42495,0,5,0,27,0.5,0,0.6480000000000001,0.648,0.3
0.16666666666666666,2.564248325190787,0.06293025179549562,3.558403743194272,0.9166666666666666,41.645833333333336,5.253247512377385,0.10373641487117106,2564.248325190789,5003,0,walk,walk_new_dfbsp_tau_0.5,dfbsp,0.1,adaptive,8,0.015625,32,3,3,4,1.0,1.0,0.12202380952380952,0.12202380952380952,0,0,2,2,1,1,0.09375,1.0,3,1.0,35.3525,41.963249999999995,0,1,0,2,0.5,0,0.6480000000000001,0.648,0.3
0.02299558080808081,2.2036212501950287,0.08436031570137252,2.9721442118429966,1.0,29.770833333333332,4.683717872629608,0.061364734893291716,2203.6212501950304,5003,1,walk,walk_new_dfbsp_tau_0.5,dfbsp,0.1,adaptive,8,0.015625,41,8,7,7,0.875,0.9336283185840708,0.26904761904761904,0.2511904761904762,0,0,3,3,5,4,0.17073170731707318,1.0,7,1.0,35.304500000000004,45.439499999999995,0,3,0,12,0.5,0,0.6480000000000001,0.648,0.3
0.19227430555555558,2.1512183673797804,0.15579887305736895,3.180032892240551,0.8333333333333334,24.604166666666668,4.093939063219396,0.1272648098516595,2151.2183673797804,5003,2,walk,walk_new_dfbsp_tau_0.5,dfbsp,0.1,adaptive,8,0.015625,36,3,1,6,0.3333333333333333,0.05785123966942149,1.0803571428571428,0.0625,1,0,1,1,1,0,0.027777777777777776,0.5,1,1.0,35.963,43.9503,0,6,0,28,0.5,0,0.6480000000000001,0.648,0.3
0.377412712191358,1.7342574918665037,0.11433027606604955,2.820968430305087,1.0,28.166666666666668,4.455644494410001,0.26308243612530846,1734.2574918665039,5003,3,walk,walk_new_dfbsp_tau_0.5,dfbsp,0.1,adaptive,8,0.015625,38,2,2,7,1.0,1.0,0.05625,0.05625,0,0,0,0,2,2,0.05263157894736842,1.0,2,1.0,35.5905,46.161449999999995,0,5,0,17,0.5,0,0.6480000000000001,0.648,0.3
0.10642361111111111,2.521214596074631,0.10578012821697069,3.3815831995569425,0.9166666666666666,22.458333333333332,4.329338242477582,0.061919575111971985,2521.214596074631,5004,0,walk,walk_new_dfbsp_tau_0.5,dfbsp,0.1,adaptive,8,0.015625,30,3,2,6,0.6666666666666666,0.3225806451612903,0.1845238095238095,0.05952380952380952,1,0,1,1,1,1,0.06666666666666667,1.0,2,1.0,36.0355,46.21004999999999,0,4,0,15,0.5,0,0.6480000000000001,0.648,0.3
0.18975281084656084,2.110197060184458,0.11948441493779494,3.673529595981474,0.7083333333333334,24.666666666666668,4.266103576071488,0.07098658711197278,2110.197060184458,5004,1,walk,walk_new_dfbsp_tau_0.5,dfbsp,0.1,adaptive,8,0.015625,36,8,6,8,0.75,0.554467564259486,0.6078869047619047,0.3370535714285714,2,1,0,0,6,5,0.16666666666666666,0.6666666666666666,6,1.0,34.944500000000005,40.233549999999994,0,5,0,18,0.5,0,0.6480000000000001,0.648,0.3
0.022699652777777777,2.090614166213368,0.08778936399873648,3.2548450968936606,0.9791666666666666,29.541666666666668,4.656364596569751,0.0650897112209587,2090.6141662133678,5004,2,walk,walk_new_dfbsp_tau_0.5,dfbsp,0.1,adaptive,8,0.015625,35,1,0,3,0.0,0.0,0.017857142857142856,0.0,0,0,0,0,1,0,0.0,0.0,0,1.0,35.146,43.163599999999995,0,2,0,9,0.5,0,0.6480000000000001,0.648,0.3
0.1044921875,2.378093525143842,0.0928921060855346,3.0449895967452405,0.9583333333333334,26.75,4.606035196141274,0.08950820654197465,2378.093525143842,5004,3,walk,walk_new_dfbsp_tau_0.5,dfbsp,0.1,adaptive,8,0.015625,36,4,3,6,0.75,0.7941176470588235,0.10119047619047619,0.08035714285714285,0,0,1,1,3,2,0.08333333333333333,1.0,3,1.0,36.6715,41.93495,0,5,0,12,0.5,0,0.6480000000000001,0.648,0.3
0.04750434027777778,1.6719709835151482,0.12478512496709465,2.68800381094654,0.9791666666666666,21.875,4.186331835506594,0.08212696204916692,1671.9709835151498,5005,0,walk,walk_new_dfbsp_tau_0.5,dfbsp,0.1,adaptive,8,0.015625,38,6,5,6,0.8333333333333334,0.900709219858156,0.6294642857142857,0.5669642857142857,2,2,1,0,3,3,0.13157894736842105,0.8,5,1.0,35.293499999999995,42.430699999999995,0,2,0,17,0.5,0,0.6480000000000001,0.648,0.3
0.16666666666666666,2.330729304524786,0.14348560003306743,2.7437165489036404,1.0,23.604166666666668,4.0606096981198085,0.1239306866546472,2330.729304524787,5005,1,walk,walk_new_dfbsp_tau_0.5,dfbsp,0.1,adaptive,8,0.015625,36,3,2,5,0.6666666666666666,0.21311475409836064,1.2708333333333333,0.2708333333333333,2,1,0,0,1,1,0.05555555555555555,1.0,2,1.0,35.3835,44.40325,0,5,0,33,0.5,0,0.6480000000000001,0.648,0.3
0.14659288194444445,2.2633590443040497,0.11369931459533046,3.3631688509345055,0.7916666666666666,26.333333333333332,4.35131935051181,0.1616585401997319,2263.3590443040503,5005,2,walk,walk_new_dfbsp_tau_0.5,dfbsp,0.1,adaptive,8,0.015625,38,4,4,6,1.0,1.0,0.35119047619047616,0.35119047619047616,1,1,1,1,2,2,0.10526315789473684,1.0,4,1.0,34.6185,52.21915,0,3,0,19,0.5,0,0.6480000000000001,0.648,0.3
0.21634424603174604,1.3543806237347003,0.09282439952025547,2.7897911053934323,1.0,28.770833333333332,4.643028742247135,0.12351984651149056,1354.3806237347007,5005,3,walk,walk_new_dfbsp_tau_0.5,dfbsp,0.1,adaptive,8,0.015625,34,3,3,6,1.0,1.0,0.14285714285714285,0.14285714285714285,0,0,2,2,1,1,0.08823529411764706,1.0,3,1.0,35.582,45.15749999999999,0,3,0,9,0.5,0,0.6480000000000001,0.648,0.3
0.08333333333333333,2.6616641453184617,0.0965407115696974,3.2902930255321166,0.8541666666666666,28.625,4.602536677831144,0.0733293959269833,2661.664145318463,5006,0,walk,walk_new_dfbsp_tau_0.5,dfbsp,0.1,adaptive,8,0.015625,36,6,6,7,1.0,1.0,0.3861111111111111,0.3861111111111111,1,1,0,0,5,5,0.16666666666666666,1.0,6,1.0,36.765,43.68365,0,2,0,10,0.5,0,0.6480000000000001,0.648,0.3
0.03862847222222222,1.4229647606899543,0.1907306525578958,2.3528443609648595,0.9791666666666666,11.729166666666666,3.3052270214223465,0.16082099675414527,1422.9647606899546,5006,1,walk,walk_new_dfbsp_tau_0.5,dfbsp,0.1,adaptive,8,0.015625,40,2,2,6,1.0,1.0,0.3125,0.3125,1,1,1,1,0,0,0.05,1.0,2,1.0,35.429,42.38929999999999,0,5,0,45,0.5,0,0.6480000000000001,0.648,0.3
0.02886284722222222,3.925861435276681,0.09214569890526576,4.217955820528893,0.6458333333333334,28.145833333333332,4.62481451223722,0.06328285168304353,3925.8614352766817,5006,2,walk,walk_new_dfbsp_tau_0.5,dfbsp,0.1,adaptive,8,0.015625,33,0,0,5,nan,nan,0.0,0.0,0,0,0,0,0,0,0.0,nan,0,1.0,36.962,49.1969,0,4,0,11,0.5,0,0.6480000000000001,0.648,0.3
0.1782769097222222,1.4713775942480576,0.1318229826731601,2.5510269006981554,1.0,21.583333333333332,4.088624881551801,0.04645392704906212,1471.3775942480581,5006,3,walk,walk_new_dfbsp_tau_0.5,dfbsp,0.1,adaptive,8,0.015625,36,2,2,4,1.0,1.0,0.2708333333333333,0.2708333333333333,1,1,0,0,1,1,0.05555555555555555,1.0,2,1.0,36.587,47.7834,0,4,0,21,0.5,0,0.6480000000000001,0.648,0.3
0.0,2.9144769953066594,0.11519988912661062,3.3497279758507177,0.9375,23.958333333333332,4.287212658703757,0.11519988912661061,2914.4769953066602,5007,0,walk,walk_new_dfbsp_tau_0.5,dfbsp,0.1,adaptive,8,0.015625,39,6,5,9,0.8333333333333334,0.8958333333333333,0.4,0.35833333333333334,1,1,2,1,3,3,0.1282051282051282,1.0,5,1.0,35.7795,47.5849,0,7,0,18,0.5,0,0.6480000000000001,0.648,0.3
0.0025173611111111113,1.9206158301511456,0.13128954240296822,2.5370808728420893,0.9791666666666666,21.020833333333332,4.015432535544545,0.1287721812918571,1920.6158301511452,5007,1,walk,walk_new_dfbsp_tau_0.5,dfbsp,0.1,adaptive,8,0.015625,33,4,4,9,1.0,1.0,0.30848214285714287,0.30848214285714287,1,1,0,0,3,3,0.12121212121212122,1.0,4,1.0,35.316,43.133700000000005,0,6,0,21,0.5,0,0.6480000000000001,0.648,0.3
0.2503472222222222,2.6041967092234204,0.06341671712430848,3.545972966703055,1.0,48.4375,5.387814099521417,0.18693050509791373,2604.1967092234204,5007,2,walk,walk_new_dfbsp_tau_0.5,dfbsp,0.1,adaptive,8,0.015625,40,1,0,0,0.0,0.0,0.017857142857142856,0.0,0,0,0,0,1,0,0.0,0.0,0,nan,35.044,41.043949999999995,0,0,0,0,0.5,0,0.6480000000000001,0.648,0.3
0.0021701388888888886,2.171518266272896,0.1350537712183346,2.7986598651592693,0.9583333333333334,19.416666666666668,3.9502348863137606,0.13288363232944575,2171.5182662728953,5007,3,walk,walk_new_dfbsp_tau_0.5,dfbsp,0.1,adaptive,8,0.015625,33,5,4,11,0.8,0.10040160642570281,1.1116071428571428,0.11160714285714285,1,0,1,1,3,3,0.12121212121212122,1.0,4,1.0,36.646,41.84929999999999,0,6,0,28,0.5,0,0.6480000000000001,0.648,0.3
0.16927083333333334,1.516082156658501,0.1431903567572876,2.701790767154389,0.9791666666666666,20.0,3.899602014933718,0.07192563828163835,1516.0821566585016,5008,0,walk,walk_new_dfbsp_tau_0.5,dfbsp,0.1,adaptive,8,0.015625,33,4,2,9,0.5,0.3932584269662921,0.1324404761904762,0.05208333333333333,0,0,1,0,3,2,0.06060606060606061,0.6666666666666666,2,1.0,34.9695,52.903099999999995,0,8,0,38,0.5,0,0.6480000000000001,0.648,0.3
0.08622685185185186,1.7187374012036234,0.10696339231963133,2.8851671630682003,1.0,23.5,4.3697948674986025,0.05793383428596527,1718.7374012036244,5008,1,walk,walk_new_dfbsp_tau_0.5,dfbsp,0.1,adaptive,8,0.015625,37,3,3,7,1.0,1.0,0.09722222222222221,0.09722222222222221,0,0,1,1,2,2,0.08108108108108109,1.0,3,1.0,36.139,43.34264999999999,0,5,0,16,0.5,0,0.6480000000000001,0.648,0.3
0.003298611111111111,2.106626760102508,0.11290995969555985,3.103280656218437,1.0,23.104166666666668,4.276615534425646,0.10961134858444876,2106.6267601025074,5008,2,walk,walk_new_dfbsp_tau_0.5,dfbsp,0.1,adaptive,8,0.015625,35,3,2,6,0.6666666666666666,0.5714285714285715,0.14583333333333331,0.08333333333333333,0,0,2,1,1,1,0.05714285714285714,0.6666666666666666,2,1.0,34.7385,44.89695,0,4,0,19,0.5,0,0.6480000000000001,0.648,0.3
0.16666666666666666,1.9159644011222328,0.07316999428439509,3.3368729418462624,1.0,41.520833333333336,5.143710272801374,0.09349667238227156,1915.9644011222335,5008,3,walk,walk_new_dfbsp_tau_0.5,dfbsp,0.1,adaptive,8,0.015625,30,4,3,5,0.75,0.05525094896668074,1.0584821428571427,0.05848214285714286,1,0,0,0,3,3,0.1,0.75,3,1.0,35.0625,39.285349999999994,0,2,0,10,0.5,0,0.6480000000000001,0.648,0.3
0.14615885416666666,2.3477838814551544,0.08951821409012344,3.4464790574275486,0.8958333333333334,32.270833333333336,4.758306219880963,0.056640640076543236,2347.783881455155,5009,0,walk,walk_new_dfbsp_tau_0.5,dfbsp,0.1,adaptive,8,0.015625,32,5,5,7,1.0,1.0,0.18645833333333334,0.18645833333333334,0,0,2,2,3,3,0.15625,1.0,5,1.0,35.082,41.650999999999996,0,5,0,14,0.5,0,0.6480000000000001,0.648,0.3
0.030164930555555556,1.701229475547567,0.0856460541331499,3.1686919042643944,0.9791666666666666,26.8125,4.6123554554506265,0.05548112357759433,1701.2294755475675,5009,1,walk,walk_new_dfbsp_tau_0.5,dfbsp,0.1,adaptive,8,0.015625,38,2,2,5,1.0,1.0,0.05,0.05,0,0,0,0,2,2,0.05263157894736842,1.0,2,1.0,36.909,48.515249999999995,0,2,0,8,0.5,0,0.6480000000000001,0.648,0.3
0.04210069444444444,2.5422858185987973,0.08841670433573867,3.4034737055261512,1.0,30.4375,4.750171818109403,0.06436653170286817,2542.2858185987975,5009,2,walk,walk_new_dfbsp_tau_0.5,dfbsp,0.1,adaptive,8,0.015625,29,3,2,6,0.6666666666666666,0.6470588235294118,0.07083333333333333,0.04583333333333334,0,0,0,0,3,2,0.06896551724137931,1.0,2,1.0,36.1635,42.90565,0,3,0,12,0.5,0,0.6480000000000001,0.648,0.3
0.08567708333333333,2.3659900129110842,0.07735000823090017,3.299414715537466,1.0,40.75,5.04800597017062,0.021883050002253237,2365.9900129110842,5009,3,walk,walk_new_dfbsp_tau_0.5,dfbsp,0.1,adaptive,8,0.015625,39,2,2,4,1.0,1.0,0.2708333333333333,0.2708333333333333,1,1,0,0,1,1,0.05128205128205128,1.0,2,1.0,34.5305,41.190599999999996,0,3,0,9,0.5,0,0.6480000000000001,0.648,0.3
0.01101810515873016,3.3326628163059464,0.09058000031286502,3.583220446821304,0.9583333333333334,27.520833333333332,4.5988068890463305,0.07956189515413487,3332.662816305948,5010,0,walk,walk_new_dfbsp_tau_0.5,dfbsp,0.1,adaptive,8,0.015625,40,7,5,8,0.7142857142857143,0.06873614190687362,1.3422619047619047,0.09226190476190475,2,0,0,0,5,5,0.125,0.75,5,1.0,34.5355,42.94255,0,3,0,18,0.5,0,0.6480000000000001,0.648,0.3
0.022330729166666664,2.3150778139947596,0.06541378242926467,3.521223487585687,0.9583333333333334,38.020833333333336,5.105221653474784,0.04308305326259799,2315.0778139947606,5010,1,walk,walk_new_dfbsp_tau_0.5,dfbsp,0.1,adaptive,8,0.015625,38,3,2,5,0.6666666666666666,0.5714285714285714,0.14583333333333334,0.08333333333333333,0,0,2,1,1,1,0.05263157894736842,1.0,2,1.0,36.0875,45.24625,0,3,0,5,0.5,0,0.6480000000000001,0.648,0.3
0.2516376553362573,1.567043293030525,0.10842415100600905,2.8216599419440516,1.0,26.75,4.483477204041157,0.1432135043302483,1567.043293030525,5010,2,walk,walk_new_dfbsp_tau_0.5,dfbsp,0.1,adaptive,8,0.015625,35,4,4,8,1.0,1.0,0.10014880952380953,0.10014880952380953,0,0,1,1,3,3,0.11428571428571428,1.0,4,1.0,34.9565,41.58685,0,5,0,17,0.5,0,0.6480000000000001,0.648,0.3
0.2506510416666667,1.2845758263133709,0.14314270994682995,2.315119691031152,0.9791666666666666,17.208333333333332,3.8486349100305683,0.13019348534427358,1284.575826313371,5010,3,walk,walk_new_dfbsp_tau_0.5,dfbsp,0.1,adaptive,8,0.015625,32,5,5,10,1.0,1.0,0.36160714285714285,0.36160714285714285,1,1,0,0,4,4,0.15625,1.0,5,1.0,37.085,51.38945,0,6,0,29,0.5,0,0.6480000000000001,0.648,0.3
0.023538115530303032,2.170974427175317,0.10966813999956813,2.9397282422714426,1.0,23.729166666666668,4.306169411973643,0.08613002446926506,2170.9744271753184,5011,0,walk,walk_new_dfbsp_tau_0.5,dfbsp,0.1,adaptive,8,0.015625,38,1,0,3,0.0,0.0,1.0,0.0,1,0,0,0,0,0,0.0,0.0,0,1.0,34.7785,44.56065,0,2,0,23,0.5,0,0.6480000000000001,0.648,0.3
0.27395833333333336,1.8398668991322555,0.16711464410275875,2.5580901075617946,0.9791666666666666,18.75,3.752523665758341,0.12560657540672934,1839.8668991322565,5011,1,walk,walk_new_dfbsp_tau_0.5,dfbsp,0.1,adaptive,8,0.015625,33,6,4,8,0.6666666666666666,0.7738693467336684,0.4145833333333333,0.3208333333333333,1,1,1,0,4,3,0.12121212121212122,0.6,4,1.0,36.9215,48.955699999999986,0,7,0,30,0.5,0,0.6480000000000001,0.648,0.3
0.046310763888888884,2.1664129566135353,0.10784478428664838,3.6204450591186883,0.7916666666666666,29.083333333333332,4.558892921110006,0.07054164616878496,2166.4129566135366,5011,2,walk,walk_new_dfbsp_tau_0.5,dfbsp,0.1,adaptive,8,0.015625,39,3,3,6,1.0,1.0,0.3333333333333333,0.3333333333333333,1,1,1,1,1,1,0.07692307692307693,1.0,3,1.0,35.002,40.7342,0,5,0,10,0.5,0,0.6480000000000001,0.648,0.3
0.006423611111111112,2.5411010882280056,0.11510008579541299,2.810294341187427,1.0,27.041666666666668,4.407770166734314,0.1086764746843019,2541.1010882280057,5011,3,walk,walk_new_dfbsp_tau_0.5,dfbsp,0.1,adaptive,8,0.015625,36,4,2,5,0.5,0.03314917127071823,1.292857142857143,0.04285714285714286,2,0,0,0,2,2,0.05555555555555555,0.5,2,1.0,34.8765,45.9962,0,3,0,20,0.5,0,0.6480000000000001,0.648,0.3
0.01579861111111111,3.77455221954887,0.06420270298918858,3.8191758486395826,1.0,48.5625,5.497197423192913,0.048404091878077475,3774.5522195488725,5012,0,walk,walk_new_dfbsp_tau_0.5,dfbsp,0.1,adaptive,8,0.015625,39,2,2,2,1.0,1.0,0.03645833333333333,0.03645833333333333,0,0,0,0,2,2,0.05128205128205128,1.0,2,1.0,35.4505,44.5284,0,0,0,0,0.5,0,0.6480000000000001,0.648,0.3
0.08385416666666667,1.7944909044414332,0.12537275497384784,2.825172571155015,0.9375,18.458333333333332,4.002079961215092,0.12759107331924535,1794.4909044414328,5012,1,walk,walk_new_dfbsp_tau_0.5,dfbsp,0.1,adaptive,8,0.015625,37,3,2,5,0.6666666666666666,0.9272727272727274,0.2864583333333333,0.265625,1,1,0,0,2,1,0.05405405405405406,0.6666666666666666,2,1.0,35.091499999999996,45.437999999999995,0,4,0,32,0.5,0,0.6480000000000001,0.648,0.3
0.2720772283272283,2.5163090890698947,0.13570743473586763,2.6593064087974416,1.0,24.375,4.065014981370157,0.1538046252563737,2516.3090890698945,5012,2,walk,walk_new_dfbsp_tau_0.5,dfbsp,0.1,adaptive,8,0.015625,37,4,4,10,1.0,1.0,0.1261904761904762,0.1261904761904762,0,0,2,2,2,2,0.10810810810810811,1.0,4,1.0,36.203500000000005,42.55085,0,6,0,25,0.5,0,0.6480000000000001,0.648,0.3
0.1887400793650794,1.964655752911493,0.1302498429527397,2.814642968768327,1.0,24.229166666666668,4.18558964174349,0.11206264407041379,1964.6557529114941,5012,3,walk,walk_new_dfbsp_tau_0.5,dfbsp,0.1,adaptive,8,0.015625,32,1,0,7,0.0,0.0,0.017857142857142856,0.0,0,0,0,0,1,0,0.0,0.0,0,1.0,37.403,46.477149999999995,0,6,0,16,0.5,0,0.6480000000000001,0.648,0.3
0.1951419890873016,2.313569225950863,0.08312755628852733,3.415660874949406,0.875,34.708333333333336,4.908349834070298,0.11201443279877425,2313.569225950864,5013,0,walk,walk_new_dfbsp_tau_0.5,dfbsp,0.1,adaptive,8,0.015625,37,4,3,4,0.75,0.7640449438202247,0.1324404761904762,0.10119047619047619,0,0,1,1,3,2,0.08108108108108109,1.0,3,1.0,35.171499999999995,41.1412,0,4,0,10,0.5,0,0.6480000000000001,0.648,0.3
0.041666666666666664,2.7120397425777973,0.09832338614095854,3.1627311912862504,0.9791666666666666,28.833333333333332,4.559038786365867,0.07482272656913687,2712.0397425777983,5013,1,walk,walk_new_dfbsp_tau_0.5,dfbsp,0.1,adaptive,8,0.015625,36,6,5,7,0.8333333333333334,0.7321428571428571,0.23333333333333334,0.17083333333333334,0,0,2,1,4,4,0.1388888888888889,1.0,5,1.0,34.8905,47.346,0,4,0,14,0.5,0,0.6480000000000001,0.648,0.3
0.27120535714285715,1.789539118263251,0.1231027542951534,3.1775319307329517,0.875,24.854166666666668,4.265052456273765,0.21095252835476563,1789.5391182632504,5013,2,walk,walk_new_dfbsp_tau_0.5,dfbsp,0.1,adaptive,8,0.015625,30,1,1,6,1.0,1.0,0.025,0.025,0,0,0,0,1,1,0.03333333333333333,1.0,1,1.0,34.58,42.72325,0,5,0,23,0.5,0,0.6480000000000001,0.648,0.3
0.10516493055555555,1.4953666870263762,0.11250479475692064,3.035823043143353,0.9791666666666666,27.604166666666668,4.498114860514479,0.050143902209262604,1495.366687026377,5013,3,walk,walk_new_dfbsp_tau_0.5,dfbsp,0.1,adaptive,8,0.015625,36,5,4,7,0.8,0.947136563876652,0.337797619047619,0.31994047619047616,1,1,0,0,4,3,0.1111111111111111,0.8,4,1.0,35.022499999999994,40.25295,0,4,0,10,0.5,0,0.6480000000000001,0.648,0.3
0.09852430555555554,1.5770423885759701,0.14003164229687967,2.4384149338659937,1.0,16.729166666666668,3.8142768782739793,0.06920553069443537,1577.0423885759699,5014,0,walk,walk_new_dfbsp_tau_0.5,dfbsp,0.1,adaptive,8,0.015625,35,3,2,7,0.6666666666666666,0.8333333333333334,0.375,0.3125,1,1,2,1,0,0,0.05714285714285714,0.6666666666666666,2,1.0,35.963499999999996,51.322399999999995,0,6,0,26,0.5,0,0.6480000000000001,0.648,0.3
0.08409722222222223,2.988813008757173,0.0944094737651086,3.9967387010800777,0.7083333333333334,28.729166666666668,4.588586603787931,0.05888913419633249,2988.813008757172,5014,1,walk,walk_new_dfbsp_tau_0.5,dfbsp,0.1,adaptive,8,0.015625,39,2,1,6,0.5,0.058823529411764705,1.0625,0.0625,1,0,1,1,0,0,0.02564102564102564,0.5,1,1.0,35.3735,42.21005,0,5,0,20,0.5,0,0.6480000000000001,0.648,0.3
0.024305555555555556,2.20608810697807,0.10732168252605417,3.290181564130208,0.9375,25.979166666666668,4.414656379597299,0.11161619209480038,2206.0881069780726,5014,2,walk,walk_new_dfbsp_tau_0.5,dfbsp,0.1,adaptive,8,0.015625,37,5,5,7,1.0,1.0,0.609375,0.609375,2,2,1,1,2,2,0.13513513513513514,1.0,5,1.0,34.935,46.39175,0,4,0,15,0.5,0,0.6480000000000001,0.648,0.3
0.14583333333333334,2.0992247980917553,0.09105291783793346,3.07170127181046,1.0,25.395833333333332,4.498923932038312,0.05478041549539988,2099.224798091756,5014,3,walk,walk_new_dfbsp_tau_0.5,dfbsp,0.1,adaptive,8,0.015625,33,4,4,8,1.0,1.0,0.12896825396825395,0.12896825396825395,0,0,1,1,3,3,0.12121212121212122,1.0,4,1.0,37.2845,46.57569999999999,0,5,0,11,0.5,0,0.6480000000000001,0.648,0.3
0.09522569444444444,1.7616641884593032,0.11764098798166545,2.596863690920304,1.0,18.166666666666668,4.048673620467081,0.04571985727835831,1761.6641884593048,5015,0,walk,walk_new_dfbsp_tau_0.5,dfbsp,0.1,adaptive,8,0.015625,37,4,3,7,0.75,0.3406593406593406,0.37916666666666665,0.12916666666666665,1,0,2,2,1,1,0.08108108108108109,0.6666666666666666,3,1.0,34.683499999999995,46.033849999999994,0,4,0,21,0.5,0,0.6480000000000001,0.648,0.3
0.20876736111111108,2.2853837620437085,0.11662169122539168,2.871726854405042,0.9375,26.083333333333332,4.322659645271924,0.15657268930709548,2285.3837620437093,5015,1,walk,walk_new_dfbsp_tau_0.5,dfbsp,0.1,adaptive,8,0.015625,37,4,3,7,0.75,0.7254901960784313,0.45535714285714285,0.33035714285714285,2,1,1,1,1,1,0.08108108108108109,0.75,3,1.0,35.349000000000004,45.040099999999995,0,5,0,21,0.5,0,0.6480000000000001,0.648,0.3
0.0019159226190476192,2.855950189569983,0.08916448206484982,3.5384393742148057,1.0,37.020833333333336,4.993186241292103,0.08724855944580219,2855.9501895699827,5015,2,walk,walk_new_dfbsp_tau_0.5,dfbsp,0.1,adaptive,8,0.015625,35,1,1,5,1.0,1.0,0.020833333333333332,0.020833333333333332,0,0,0,0,1,1,0.02857142857142857,1.0,1,1.0,35.215500000000006,44.24565,0,4,0,12,0.5,0,0.6480000000000001,0.648,0.3
0.10572916666666667,1.7373936125676595,0.12969349217798778,2.6492898454023117,1.0,23.833333333333332,4.221679786337655,0.05352846711953744,1737.3936125676598,5015,3,walk,walk_new_dfbsp_tau_0.5,dfbsp,0.1,adaptive,8,0.015625,33,1,1,8,1.0,1.0,0.25,0.25,1,1,0,0,0,0,0.030303030303030304,1.0,1,1.0,35.413,45.7957,0,7,0,23,0.5,0,0.6480000000000001,0.648,0.3
0.001171875,3.357220680866589,0.06811837671771989,4.614323868322691,0.6458333333333334,34.645833333333336,5.029768212269572,0.06694650171771989,3357.2206808665865,5016,0,walk,walk_new_dfbsp_tau_0.5,dfbsp,0.1,adaptive,8,0.015625,41,3,3,3,1.0,1.0,0.11458333333333333,0.11458333333333333,0,0,1,1,2,2,0.07317073170731707,1.0,3,1.0,34.589,42.387249999999995,0,2,0,4,0.5,0,0.6480000000000001,0.648,0.3
0.12934027777777776,1.82032716191427,0.1440516353059497,3.2773858028335567,0.8958333333333334,22.104166666666668,4.15566020116434,0.17681987394613474,1820.3271619142713,5016,1,walk,walk_new_dfbsp_tau_0.5,dfbsp,0.1,adaptive,8,0.015625,30,2,2,8,1.0,1.0,0.2708333333333333,0.2708333333333333,1,1,0,0,1,1,0.06666666666666667,1.0,2,1.0,36.129000000000005,49.3414,0,6,0,20,0.5,0,0.6480000000000001,0.648,0.3
0.0018880208333333336,3.693958121604437,0.09230025209031095,3.3333209184603234,0.9375,26.1875,4.510907028652098,0.0904122312569776,3693.9581216044367,5016,2,walk,walk_new_dfbsp_tau_0.5,dfbsp,0.1,adaptive,8,0.015625,34,4,2,5,0.5,0.0625,1.3333333333333333,0.08333333333333333,2,0,1,1,1,1,0.058823529411764705,0.5,2,1.0,34.4,40.724,0,5,0,16,0.5,0,0.6480000000000001,0.648,0.3
0.1044921875,2.4194914316152,0.0672555780925904,3.458561016138079,1.0,39.979166666666664,5.165839141043269,0.03723660940740962,2419.4914316152003,5016,3,walk,walk_new_dfbsp_tau_0.5,dfbsp,0.1,adaptive,8,0.015625,34,3,2,5,0.6666666666666666,0.7272727272727273,0.11458333333333333,0.08333333333333333,0,0,1,1,2,1,0.058823529411764705,0.6666666666666666,2,1.0,35.135999999999996,41.078,0,3,0,6,0.5,0,0.6480000000000001,0.648,0.3
0.12608506944444445,2.590325775966458,0.10230723747006958,2.781664489372091,0.9583333333333334,23.25,4.329317244836262,0.05065675408392297,2590.3257759664584,5017,0,walk,walk_new_dfbsp_tau_0.5,dfbsp,0.1,adaptive,8,0.015625,37,5,4,7,0.8,0.09287257019438445,1.1023809523809522,0.10238095238095238,1,0,1,1,3,3,0.10810810810810811,0.6666666666666666,4,1.0,34.6165,42.83129999999999,0,3,0,12,0.5,0,0.6480000000000001,0.648,0.3
0.08333333333333333,1.8158373546883595,0.09829416919427843,2.9908519789390127,0.9791666666666666,29.1875,4.5561124450850405,0.05036787304125584,1815.8373546883604,5017,1,walk,walk_new_dfbsp_tau_0.5,dfbsp,0.1,adaptive,8,0.015625,36,2,2,3,1.0,1.0,0.2708333333333333,0.2708333333333333,1,1,0,0,1,1,0.05555555555555555,1.0,2,1.0,35.085499999999996,42.1187,0,2,0,13,0.5,0,0.6480000000000001,0.648,0.3
0.018055555555555557,2.3175107759360674,0.052169920339718935,3.5803943277528596,1.0,48.0625,5.523471346472533,0.03411436478416338,2317.5107759360676,5017,2,walk,walk_new_dfbsp_tau_0.5,dfbsp,0.1,adaptive,8,0.015625,40,2,1,2,0.5,0.017543859649122806,1.0178571428571428,0.017857142857142856,1,0,0,0,1,1,0.025,0.5,1,1.0,35.706,40.31905,0,0,0,0,0.5,0,0.6480000000000001,0.648,0.3
0.04800633394383395,2.372136935027661,0.09896397858270005,3.079845844734207,1.0,31.104166666666668,4.657865670733299,0.10131777991879287,2372.1369350276627,5017,3,walk,walk_new_dfbsp_tau_0.5,dfbsp,0.1,adaptive,8,0.015625,38,6,6,9,1.0,1.0,0.44146825396825395,0.44146825396825395,1,1,2,2,3,3,0.15789473684210525,1.0,6,1.0,34.8455,43.11039999999999,0,6,0,15,0.5,0,0.6480000000000001,0.648,0.3
0.0008463541666666667,2.4217402640851255,0.14300460536603968,3.0889518590011105,0.8958333333333334,23.166666666666668,4.0247666416213415,0.14215825119937303,2421.7402640851274,5018,0,walk,walk_new_dfbsp_tau_0.5,dfbsp,0.1,adaptive,8,0.015625,34,5,4,7,0.8,0.9464285714285714,0.5833333333333333,0.5520833333333333,2,2,0,0,3,2,0.11764705882352941,1.0,4,1.0,34.632,41.93494999999999,0,5,0,22,0.5,0,0.6480000000000001,0.648,0.3
0.12552083333333333,1.9443177766412765,0.10589675876977013,2.883289274248081,1.0,29.770833333333332,4.49822639332763,0.03574244453404771,1944.3177766412764,5018,1,walk,walk_new_dfbsp_tau_0.5,dfbsp,0.1,adaptive,8,0.015625,33,2,2,5,1.0,1.0,0.08035714285714285,0.08035714285714285,0,0,1,1,1,1,0.06060606060606061,1.0,2,1.0,36.5185,46.14789999999999,0,5,0,22,0.5,0,0.6480000000000001,0.648,0.3
0.23394097222222224,1.3594857929086495,0.1401092331828703,2.4606845128108454,1.0,20.375,4.096631914358781,0.1337766664640846,1359.4857929086495,5018,2,walk,walk_new_dfbsp_tau_0.5,dfbsp,0.1,adaptive,8,0.015625,34,4,3,5,0.75,0.947598253275109,0.34077380952380953,0.32291666666666663,1,1,1,1,2,1,0.08823529411764706,0.6666666666666666,3,1.0,34.9035,58.34269999999998,0,4,0,19,0.5,0,0.6480000000000001,0.648,0.3
0.1669921875,2.1053540138510054,0.11402242045610023,3.3367749468955377,0.9166666666666666,27.6875,4.4786649124332225,0.0753802219628182,2105.3540138510066,5018,3,walk,walk_new_dfbsp_tau_0.5,dfbsp,0.1,adaptive,8,0.015625,39,3,2,4,0.6666666666666666,0.8333333333333334,0.375,0.3125,1,1,2,1,0,0,0.05128205128205128,0.6666666666666666,2,1.0,36.205,44.763149999999996,0,4,0,12,0.5,0,0.6480000000000001,0.648,0.3
0.3348307291666666,1.2723621946853596,0.1924087024123007,2.2484412009625028,0.9791666666666666,19.375,3.5748784095595947,0.19934894487038954,1272.3621946853598,5019,0,walk,walk_new_dfbsp_tau_0.5,dfbsp,0.1,adaptive,8,0.015625,37,3,3,10,1.0,1.0,0.29910714285714285,0.29910714285714285,1,1,0,0,2,2,0.08108108108108109,1.0,3,1.0,34.968,44.4739,0,9,0,35,0.5,0,0.6480000000000001,0.648,0.3
0.2090811965811966,1.657091048379422,0.12116794746550136,3.116898882906438,0.9791666666666666,26.041666666666668,4.291129285051101,0.11756807905493803,1657.0910483794223,5019,1,walk,walk_new_dfbsp_tau_0.5,dfbsp,0.1,adaptive,8,0.015625,39,6,5,9,0.8333333333333334,0.8998011928429424,0.6237599206349207,0.5612599206349207,2,2,1,0,3,3,0.1282051282051282,1.0,5,1.0,37.3735,43.3601,0,7,0,18,0.5,0,0.6480000000000001,0.648,0.3
0.1046875,2.5067184642096954,0.11866905502678345,3.0270177696442073,1.0,33.645833333333336,4.534166229363291,0.16067370301410572,2506.7184642096977,5019,2,walk,walk_new_dfbsp_tau_0.5,dfbsp,0.1,adaptive,8,0.015625,32,2,2,9,1.0,1.0,0.049107142857142856,0.049107142857142856,0,0,0,0,2,2,0.0625,1.0,2,1.0,35.0935,41.40365,0,7,0,17,0.5,0,0.6480000000000001,0.648,0.3
0.29508825231481484,0.9724232093961014,0.09984311600310707,2.579537251187302,1.0,24.9375,4.4369487342334715,0.19524513631170773,972.4232093961015,5019,3,walk,walk_new_dfbsp_tau_0.5,dfbsp,0.1,adaptive,8,0.015625,40,5,4,8,0.8,0.8169934640522877,0.1138392857142857,0.09300595238095238,0,0,1,1,4,3,0.1,1.0,4,1.0,35.419,45.04045,0,3,0,12,0.5,0,0.6480000000000001,0.648,0.3
0.10837919287211739,2.0547526048957807,0.0920656414129764,3.073105559408875,1.0,32.666666666666664,4.755692959791228,0.08536699970550443,2054.752604895781,5000,0,walk,walk_new_dfbsp_tau_1.0,dfbsp,0.1,adaptive,8,0.015625,41,5,5,6,1.0,1.0,0.14702380952380953,0.14702380952380953,0,0,1,1,4,4,0.12195121951219512,1.0,5,1.0,36.7945,48.89755,0,4,0,16,1.0,0,0.6480000000000001,0.648,0.3
0.06360046184198727,2.2064829956794543,0.09799828547720531,3.009809806640284,1.0,23.291666666666668,4.396951664865667,0.03439782363521801,2206.482995679455,5000,1,walk,walk_new_dfbsp_tau_1.0,dfbsp,0.1,adaptive,8,0.015625,37,3,2,5,0.6666666666666666,0.3103448275862069,0.18125,0.05625,1,0,0,0,2,2,0.05405405405405406,0.6666666666666666,2,1.0,36.688,49.529099999999985,0,3,0,18,1.0,0,0.6480000000000001,0.648,0.3
0.2111232699535911,1.4717193237017792,0.1416366329889505,2.796911441777548,1.0,29.270833333333332,4.4296841025523985,0.1720982400377692,1471.7193237017798,5000,2,walk,walk_new_dfbsp_tau_1.0,dfbsp,0.1,adaptive,8,0.015625,39,2,2,4,1.0,1.0,1.0208333333333333,1.0208333333333333,1,1,0,0,1,1,0.05128205128205128,1.0,2,1.0,35.94,46.59245,0,3,0,18,1.0,0,0.6480000000000001,0.648,0.3
0.0020776721014492752,3.7634618621904337,0.06986840698912715,4.176622051939357,0.7708333333333334,36.791666666666664,4.959338685618545,0.06779073488767785,3763.461862190432,5000,3,walk,walk_new_dfbsp_tau_1.0,dfbsp,0.1,adaptive,8,0.015625,37,4,4,6,1.0,1.0,0.12291666666666667,0.12291666666666667,0,0,1,1,3,3,0.10810810810810811,1.0,4,1.0,37.083,57.81975,0,5,0,13,1.0,0,0.6480000000000001,0.648,0.3
0.13283805315055316,1.4423078608501285,0.18830679570088024,2.302046473427457,0.9791666666666666,13.25,3.3507911040946134,0.2102579736190421,1442.307860850129,5001,0,walk,walk_new_dfbsp_tau_1.0,dfbsp,0.1,adaptive,8,0.015625,36,4,4,10,1.0,1.0,0.175,0.175,0,0,2,2,2,2,0.1111111111111111,1.0,4,1.0,36.6575,45.3302,0,7,0,35,1.0,0,0.6480000000000001,0.648,0.3
0.0654873187515535,3.036665794063589,0.06833910118617098,3.5051793761620273,1.0,34.520833333333336,4.995944649911156,0.0054815508987158595,3036.6657940635882,5001,1,walk,walk_new_dfbsp_tau_1.0,dfbsp,0.1,adaptive,8,0.015625,39,2,2,3,1.0,1.0,0.05208333333333333,0.05208333333333333,0,0,0,0,2,2,0.05128205128205128,1.0,2,1.0,35.66,50.624249999999996,0,0,0,0,1.0,0,0.6480000000000001,0.648,0.3
0.2717427248677249,1.20947070931127,0.14055089563501894,2.4672492298330857,1.0,21.958333333333332,3.964520184654687,0.1311918292327059,1209.4707093112704,5001,2,walk,walk_new_dfbsp_tau_1.0,dfbsp,0.1,adaptive,8,0.015625,35,4,3,9,0.75,0.061583577712609985,1.0656249999999998,0.065625,1,0,0,0,3,3,0.08571428571428572,1.0,3,1.0,35.4745,44.9471,0,7,0,36,1.0,0,0.6480000000000001,0.648,0.3
0.0007094757094757094,3.2983121903650487,0.09712981001145425,3.52790721231343,0.9375,25.3125,4.36180471786052,0.09642033430197856,3298.3121903650485,5001,3,walk,walk_new_dfbsp_tau_1.0,dfbsp,0.1,adaptive,8,0.015625,33,1,0,5,0.0,0.0,0.0625,0.0,0,0,1,0,0,0,0.0,0.0,0,1.0,35.388000000000005,42.774699999999996,0,5,0,21,1.0,0,0.6480000000000001,0.648,0.3
0.0,4.779547009825331,0.0710917423533493,4.016729688653476,0.9375,41.0,5.190307501882001,0.0710917423533493,4779.54700982533,5002,0,walk,walk_new_dfbsp_tau_1.0,dfbsp,0.1,adaptive,8,0.015625,38,3,3,5,1.0,1.0,0.08452380952380953,0.08452380952380953,0,0,1,1,2,2,0.07894736842105263,1.0,3,1.0,35.7555,43.79269999999999,0,2,0,7,1.0,0,0.6480000000000001,0.648,0.3
0.0425760582010582,2.2860272747935864,0.07723293202801561,3.460664869081688,0.9791666666666666,32.395833333333336,4.853197908946381,0.03558100456358099,2286.027274793587,5002,1,walk,walk_new_dfbsp_tau_1.0,dfbsp,0.1,adaptive,8,0.015625,37,4,4,6,1.0,1.0,0.12202380952380952,0.12202380952380952,0,0,1,1,3,3,0.10810810810810811,1.0,4,1.0,36.2325,50.089949999999995,0,2,0,6,1.0,0,0.6480000000000001,0.648,0.3
0.044814814814814814,1.8072523565171885,0.12248605779190001,3.2165339893648994,0.9583333333333334,26.541666666666668,4.429199044323421,0.09017124297708518,1807.252356517188,5002,2,walk,walk_new_dfbsp_tau_1.0,dfbsp,0.1,adaptive,8,0.015625,38,3,3,5,1.0,1.0,1.0527777777777778,1.0527777777777778,1,1,0,0,2,2,0.07894736842105263,1.0,3,1.0,35.3815,44.53885,0,2,0,11,1.0,0,0.6480000000000001,0.648,0.3
0.16783854166666667,1.4761815345593279,0.10830996972156691,2.605815928493834,1.0,25.208333333333332,4.429296196299553,0.05952857194509983,1476.1815345593286,5002,3,walk,walk_new_dfbsp_tau_1.0,dfbsp,0.1,adaptive,8,0.015625,35,2,0,3,0.0,0.0,1.25,0.0,2,0,0,0,0,0,0.0,0.0,0,1.0,36.672,46.623099999999994,0,2,0,17,1.0,0,0.6480000000000001,0.648,0.3
0.14583333333333334,2.4830088473447107,0.07046404753867107,3.358760624044456,0.9166666666666666,36.083333333333336,4.99640553198147,0.10874082332521401,2483.008847344712,5003,0,walk,walk_new_dfbsp_tau_1.0,dfbsp,0.1,adaptive,8,0.015625,32,3,3,6,1.0,1.0,0.12202380952380952,0.12202380952380952,0,0,2,2,1,1,0.09375,1.0,3,1.0,36.6635,43.630449999999996,0,4,0,6,1.0,0,0.6480000000000001,0.648,0.3
0.002162247474747475,2.395412667478734,0.07826107674602872,3.0646643391170065,1.0,29.354166666666668,4.706991704200546,0.07609882927128124,2395.4126674787362,5003,1,walk,walk_new_dfbsp_tau_1.0,dfbsp,0.1,adaptive,8,0.015625,41,8,8,8,1.0,1.0,0.26904761904761904,0.26904761904761904,0,0,3,3,5,5,0.1951219512195122,1.0,8,1.0,37.058,42.7627,0,3,0,10,1.0,0,0.6480000000000001,0.648,0.3
0.4006076388888889,1.5844384305160564,0.3695568973435164,2.6152805565315163,0.8125,14.875,2.832357310641122,0.16985091596777116,1584.4384305160565,5003,2,walk,walk_new_dfbsp_tau_1.0,dfbsp,0.1,adaptive,8,0.015625,36,3,2,7,0.6666666666666666,0.9834710743801653,1.0803571428571428,1.0625,1,1,1,1,1,0,0.05555555555555555,1.0,2,1.0,34.810500000000005,41.46095,0,7,0,39,1.0,0,0.6480000000000001,0.648,0.3
0.2923761423761424,2.2693009518927676,0.13147247928825015,2.5562754616800056,0.9791666666666666,21.541666666666668,3.983133591883297,0.16090366308789222,2269.3009518927674,5003,3,walk,walk_new_dfbsp_tau_1.0,dfbsp,0.1,adaptive,8,0.015625,38,2,2,7,1.0,1.0,0.05625,0.05625,0,0,0,0,2,2,0.05263157894736842,1.0,2,1.0,35.93,64.04599999999996,0,6,0,33,1.0,0,0.6480000000000001,0.648,0.3
0.02309027777777778,3.8137480090809253,0.10370831384159611,3.825283209128596,0.8333333333333334,21.104166666666668,4.250206296352052,0.0806180360638183,3813.7480090809277,5004,0,walk,walk_new_dfbsp_tau_1.0,dfbsp,0.1,adaptive,8,0.015625,30,3,3,5,1.0,1.0,0.1845238095238095,0.1845238095238095,1,1,1,1,1,1,0.1,1.0,3,1.0,35.4165,44.487649999999995,0,2,0,9,1.0,0,0.6480000000000001,0.648,0.3
0.10561326601885113,1.7803291649288333,0.14647710603383166,2.8713329487192,0.9791666666666666,23.208333333333332,4.153859618087344,0.09696636678538023,1780.3291649288342,5004,1,walk,walk_new_dfbsp_tau_1.0,dfbsp,0.1,adaptive,8,0.015625,36,8,8,11,1.0,1.0,0.6078869047619047,0.6078869047619047,2,2,0,0,6,6,0.2222222222222222,1.0,8,1.0,38.201499999999996,44.66625,0,8,0,28,1.0,0,0.6480000000000001,0.648,0.3
0.25590136314222367,1.3661186052002658,0.09336432329108818,2.867595061835497,1.0,25.208333333333332,4.48679958187756,0.16253703985113557,1366.1186052002658,5004,2,walk,walk_new_dfbsp_tau_1.0,dfbsp,0.1,adaptive,8,0.015625,35,1,0,4,0.0,0.0,0.017857142857142856,0.0,0,0,0,0,1,0,0.0,0.0,0,1.0,35.091,42.9362,0,3,0,11,1.0,0,0.6480000000000001,0.648,0.3
0.20866402116402116,2.147049930223225,0.07922849690776974,3.340410855692103,0.9166666666666666,36.8125,5.029593258499534,0.12943552425625143,2147.049930223225,5004,3,walk,walk_new_dfbsp_tau_1.0,dfbsp,0.1,adaptive,8,0.015625,36,4,4,6,1.0,1.0,0.10119047619047619,0.10119047619047619,0,0,1,1,3,3,0.1111111111111111,1.0,4,1.0,36.5345,47.18075,0,3,0,7,1.0,0,0.6480000000000001,0.648,0.3
0.10666749338624339,2.035520590632766,0.1313519803910936,2.793044971967498,0.9375,18.0625,3.9775448772364226,0.0369045021493499,2035.5205906327662,5005,0,walk,walk_new_dfbsp_tau_1.0,dfbsp,0.1,adaptive,8,0.015625,38,6,5,7,0.8333333333333334,0.900709219858156,0.6294642857142857,0.5669642857142857,2,2,1,0,3,3,0.13157894736842105,0.8,5,1.0,36.040499999999994,47.172799999999995,0,4,0,22,1.0,0,0.6480000000000001,0.648,0.3
0.14583333333333334,2.397065554785605,0.1297778716067376,2.932691009541244,1.0,26.229166666666668,4.246816539305685,0.09002573133022569,2397.065554785607,5005,1,walk,walk_new_dfbsp_tau_1.0,dfbsp,0.1,adaptive,8,0.015625,36,3,2,4,0.6666666666666666,0.21311475409836064,1.2708333333333333,0.2708333333333333,2,1,0,0,1,1,0.05555555555555555,1.0,2,1.0,36.619,45.58365,0,4,0,26,1.0,0,0.6480000000000001,0.648,0.3
0.14616402116402116,2.396694620422273,0.11102910878754658,3.2130030960479954,0.8958333333333334,26.8125,4.374813668024675,0.14326028164456292,2396.6946204222736,5005,2,walk,walk_new_dfbsp_tau_1.0,dfbsp,0.1,adaptive,8,0.015625,38,4,4,6,1.0,1.0,0.35119047619047616,0.35119047619047616,1,1,1,1,2,2,0.10526315789473684,1.0,4,1.0,37.0905,47.637299999999996,0,3,0,19,1.0,0,0.6480000000000001,0.648,0.3
0.0705109126984127,2.0343630212031036,0.09613145744830508,2.9971533815562204,1.0,27.1875,4.512900283657216,0.05270286264778868,2034.3630212031042,5005,3,walk,walk_new_dfbsp_tau_1.0,dfbsp,0.1,adaptive,8,0.015625,34,3,2,6,0.6666666666666666,0.5625,0.14285714285714285,0.08035714285714285,0,0,2,1,1,1,0.058823529411764705,0.6666666666666666,2,1.0,37.8685,43.73715,0,2,0,9,1.0,0,0.6480000000000001,0.648,0.3
0.08333333333333333,2.8210978279707444,0.09690608702315122,3.2667831834542134,0.8541666666666666,28.770833333333332,4.617568265044154,0.07763481254549487,2821.097827970745,5006,0,walk,walk_new_dfbsp_tau_1.0,dfbsp,0.1,adaptive,8,0.015625,36,6,6,7,1.0,1.0,0.3861111111111111,0.3861111111111111,1,1,0,0,5,5,0.16666666666666666,1.0,6,1.0,36.099000000000004,46.692299999999996,0,2,0,10,1.0,0,0.6480000000000001,0.648,0.3
0.03862847222222222,1.513903472814782,0.1762880366179066,2.2161405592464227,1.0,11.8125,3.3641832031586616,0.14637838081415608,1513.9034728147833,5006,1,walk,walk_new_dfbsp_tau_1.0,dfbsp,0.1,adaptive,8,0.015625,40,2,2,6,1.0,1.0,0.3125,0.3125,1,1,1,1,0,0,0.05,1.0,2,1.0,35.827,43.387249999999995,0,5,0,45,1.0,0,0.6480000000000001,0.648,0.3
0.17469618055555555,2.2583826079269085,0.18358232907148167,2.6790479299003658,0.9583333333333334,18.541666666666668,3.773390156652517,0.07735569851646991,2258.3826079269097,5006,2,walk,walk_new_dfbsp_tau_1.0,dfbsp,0.1,adaptive,8,0.015625,33,0,0,8,nan,nan,0.0,0.0,0,0,0,0,0,0,0.0,nan,0,1.0,37.664,44.535250000000005,0,7,0,27,1.0,0,0.6480000000000001,0.648,0.3
0.1574864849321371,1.3814560537584957,0.11122192738577526,2.8283617938436927,1.0,24.458333333333332,4.358119035359381,0.09761895663624925,1381.4560537584957,5006,3,walk,walk_new_dfbsp_tau_1.0,dfbsp,0.1,adaptive,8,0.015625,36,2,2,5,1.0,1.0,0.2708333333333333,0.2708333333333333,1,1,0,0,1,1,0.05555555555555555,1.0,2,1.0,38.137,50.4047,0,4,0,17,1.0,0,0.6480000000000001,0.648,0.3
0.08333333333333333,2.5576725178832835,0.1282009368665087,2.9113198852764826,0.9583333333333334,20.833333333333332,4.0506447045979135,0.07926720145398934,2557.6725178832844,5007,0,walk,walk_new_dfbsp_tau_1.0,dfbsp,0.1,adaptive,8,0.015625,39,6,4,8,0.6666666666666666,0.7916666666666667,0.4,0.3166666666666667,1,1,2,0,3,3,0.10256410256410256,0.75,4,1.0,38.33,49.8304,0,5,0,22,1.0,0,0.6480000000000001,0.648,0.3
0.023350694444444445,1.587566277535492,0.15307589615712525,2.342341514062364,1.0,21.0,3.937964631138818,0.12972520171268082,1587.5662775354922,5007,1,walk,walk_new_dfbsp_tau_1.0,dfbsp,0.1,adaptive,8,0.015625,33,4,3,11,0.75,0.18958031837916062,0.30848214285714287,0.05848214285714286,1,0,0,0,3,3,0.09090909090909091,1.0,3,1.0,38.6915,49.84369999999999,0,8,0,23,1.0,0,0.6480000000000001,0.648,0.3
0.2503472222222222,3.1413672006970663,0.07778005760234474,3.3698374334892693,1.0,45.270833333333336,5.1881828270928905,0.2134788460751931,3141.3672006970664,5007,2,walk,walk_new_dfbsp_tau_1.0,dfbsp,0.1,adaptive,8,0.015625,40,1,0,1,0.0,0.0,0.017857142857142856,0.0,0,0,0,0,1,0,0.0,0.0,0,1.0,36.754999999999995,51.12644999999999,0,1,0,4,1.0,0,0.6480000000000001,0.648,0.3
0.0021701388888888886,3.154606961290721,0.11224772336514359,3.5819928194557806,0.875,25.1875,4.43836079252961,0.11007758447625471,3154.606961290721,5007,3,walk,walk_new_dfbsp_tau_1.0,dfbsp,0.1,adaptive,8,0.015625,33,5,4,8,0.8,0.10040160642570281,1.1116071428571428,0.11160714285714285,1,0,1,1,3,3,0.12121212121212122,1.0,4,1.0,40.1325,50.356249999999996,0,4,0,14,1.0,0,0.6480000000000001,0.648,0.3
0.10677083333333333,1.5982087734787827,0.16932549953325085,2.6189238103901773,1.0,18.604166666666668,3.702977739757132,0.0625546661999175,1598.208773478783,5008,0,walk,walk_new_dfbsp_tau_1.0,dfbsp,0.1,adaptive,8,0.015625,33,4,4,10,1.0,1.0,0.1324404761904762,0.1324404761904762,0,0,1,1,3,3,0.12121212121212122,1.0,4,1.0,39.1435,48.7793,0,9,0,39,1.0,0,0.6480000000000001,0.648,0.3
0.06539351851851852,2.0351466099878768,0.07271644515580582,3.5484744216821102,0.9791666666666666,31.145833333333332,4.863602790869012,0.0073229266372873,2035.1466099878764,5008,1,walk,walk_new_dfbsp_tau_1.0,dfbsp,0.1,adaptive,8,0.015625,37,3,3,5,1.0,1.0,0.09722222222222221,0.09722222222222221,0,0,1,1,2,2,0.08108108108108109,1.0,3,1.0,36.6505,46.443099999999994,0,1,0,2,1.0,0,0.6480000000000001,0.648,0.3
0.06579861111111111,1.7913039095542154,0.12872279625161034,2.8454572653346166,1.0,23.604166666666668,4.247027995275845,0.1123987649648458,1791.3039095542154,5008,2,walk,walk_new_dfbsp_tau_1.0,dfbsp,0.1,adaptive,8,0.015625,35,3,2,6,0.6666666666666666,0.5714285714285715,0.14583333333333331,0.08333333333333333,0,0,2,1,1,1,0.05714285714285714,0.6666666666666666,2,1.0,39.067499999999995,45.16715,0,4,0,18,1.0,0,0.6480000000000001,0.648,0.3
0.08333333333333333,2.702307794869468,0.1398530591567321,3.7076945006402737,0.7916666666666666,30.1875,4.487883466651478,0.06921743269802232,2702.3077948694695,5008,3,walk,walk_new_dfbsp_tau_1.0,dfbsp,0.1,adaptive,8,0.015625,30,4,4,6,1.0,1.0,1.0584821428571427,1.0584821428571427,1,1,0,0,3,3,0.13333333333333333,1.0,4,1.0,38.1545,49.16485,0,4,0,17,1.0,0,0.6480000000000001,0.648,0.3
0.022855750487329435,3.046586610257529,0.08900207093620867,3.745767956775713,0.8541666666666666,32.604166666666664,4.746001401273239,0.06614632044887923,3046.5866102575287,5009,0,walk,walk_new_dfbsp_tau_1.0,dfbsp,0.1,adaptive,8,0.015625,32,5,4,7,0.8,0.6648044692737429,0.18645833333333334,0.12395833333333332,0,0,2,1,3,3,0.125,1.0,4,1.0,38.7575,44.278600000000004,0,5,0,17,1.0,0,0.6480000000000001,0.648,0.3
0.04608015492701678,2.3635128990653644,0.06448144747898947,3.7498570472185815,0.9166666666666666,39.083333333333336,5.13490950018218,0.024031240006348552,2363.5128990653634,5009,1,walk,walk_new_dfbsp_tau_1.0,dfbsp,0.1,adaptive,8,0.015625,38,2,2,3,1.0,1.0,0.05,0.05,0,0,0,0,2,2,0.05263157894736842,1.0,2,1.0,37.0305,47.75569999999999,0,1,0,9,1.0,0,0.6480000000000001,0.648,0.3
0.02126736111111111,2.403283189706779,0.09275304925666715,3.469949409216534,0.9583333333333334,31.354166666666668,4.779076610464669,0.07148568814555602,2403.2831897067804,5009,2,walk,walk_new_dfbsp_tau_1.0,dfbsp,0.1,adaptive,8,0.015625,29,3,2,6,0.6666666666666666,0.6470588235294118,0.07083333333333333,0.04583333333333334,0,0,0,0,3,2,0.06896551724137931,1.0,2,1.0,39.9695,46.1558,0,3,0,10,1.0,0,0.6480000000000001,0.648,0.3
0.042758958574013406,2.4280477483151244,0.07881574665963322,3.2434100774516907,1.0,39.166666666666664,5.014043600322217,0.07545025046424784,2428.047748315125,5009,3,walk,walk_new_dfbsp_tau_1.0,dfbsp,0.1,adaptive,8,0.015625,39,2,2,4,1.0,1.0,0.2708333333333333,0.2708333333333333,1,1,0,0,1,1,0.05128205128205128,1.0,2,1.0,38.0655,53.68505,0,3,0,9,1.0,0,0.6480000000000001,0.648,0.3
0.3026847718253968,1.6669301210778034,0.23889158086338805,2.7015053929879476,0.9791666666666666,21.833333333333332,3.7235051491601205,0.16925944295162185,1666.9301210778037,5010,0,walk,walk_new_dfbsp_tau_1.0,dfbsp,0.1,adaptive,8,0.015625,40,7,7,11,1.0,1.0,1.3422619047619047,1.3422619047619047,2,2,0,0,5,5,0.175,1.0,7,1.0,35.71,49.185149999999986,0,5,0,24,1.0,0,0.6480000000000001,0.648,0.3
0.002755410298513747,2.2994567302961775,0.08713492440343167,3.184530550207598,1.0,31.833333333333332,4.69707146687517,0.08437951410491791,2299.456730296178,5010,1,walk,walk_new_dfbsp_tau_1.0,dfbsp,0.1,adaptive,8,0.015625,38,3,3,5,1.0,1.0,0.14583333333333334,0.14583333333333334,0,0,2,2,1,1,0.07894736842105263,1.0,3,1.0,38.554,47.49375,0,5,0,18,1.0,0,0.6480000000000001,0.648,0.3
0.14616402116402116,1.6572823275668476,0.09081804720984198,2.904708617439779,0.9791666666666666,27.229166666666668,4.576551332047777,0.055345973954179194,1657.2823275668482,5010,2,walk,walk_new_dfbsp_tau_1.0,dfbsp,0.1,adaptive,8,0.015625,35,4,4,8,1.0,1.0,0.10014880952380953,0.10014880952380953,0,0,1,1,3,3,0.11428571428571428,1.0,4,1.0,38.161500000000004,51.0533,0,5,0,14,1.0,0,0.6480000000000001,0.648,0.3
0.18815104166666666,1.552590451213441,0.13225221254544,2.4040460459993076,0.9791666666666666,16.854166666666668,3.8470470205378526,0.1676793911498128,1552.5904512134414,5010,3,walk,walk_new_dfbsp_tau_1.0,dfbsp,0.1,adaptive,8,0.015625,32,5,5,9,1.0,1.0,0.36160714285714285,0.36160714285714285,1,1,0,0,4,4,0.15625,1.0,5,1.0,39.747,51.81375,0,6,0,24,1.0,0,0.6480000000000001,0.648,0.3
0.003592311260727992,2.2638107057699437,0.1091018062558482,2.905845981744875,0.9791666666666666,23.604166666666668,4.300350767885752,0.10550949499512023,2263.810705769945,5011,0,walk,walk_new_dfbsp_tau_1.0,dfbsp,0.1,adaptive,8,0.015625,38,1,0,3,0.0,0.0,1.0,0.0,1,0,0,0,0,0,0.0,0.0,0,1.0,36.537000000000006,43.9923,0,2,0,24,1.0,0,0.6480000000000001,0.648,0.3
0.14895833333333333,2.174713137010007,0.10755288260857483,2.9353850819897924,0.9791666666666666,28.104166666666668,4.511830442957233,0.04436216416278915,2174.713137010007,5011,1,walk,walk_new_dfbsp_tau_1.0,dfbsp,0.1,adaptive,8,0.015625,33,6,3,5,0.5,0.17085427135678394,0.4145833333333333,0.07083333333333333,1,0,1,0,4,3,0.09090909090909091,0.4,3,1.0,38.294,44.8949,0,3,0,10,1.0,0,0.6480000000000001,0.648,0.3
0.10881076388888888,2.2659719288716915,0.09891221208262964,4.002624204585592,0.6666666666666666,30.75,4.705841889432172,0.08919678472033928,2265.9719288716933,5011,2,walk,walk_new_dfbsp_tau_1.0,dfbsp,0.1,adaptive,8,0.015625,39,3,3,4,1.0,1.0,0.3333333333333333,0.3333333333333333,1,1,1,1,1,1,0.07692307692307693,1.0,3,1.0,36.7345,45.20255,0,3,0,9,1.0,0,0.6480000000000001,0.648,0.3
0.006423611111111112,2.4665341355611847,0.10718708143205441,3.019429154992204,1.0,27.125,4.401158669757706,0.10076347032094328,2466.5341355611845,5011,3,walk,walk_new_dfbsp_tau_1.0,dfbsp,0.1,adaptive,8,0.015625,36,4,2,7,0.5,0.03314917127071823,1.292857142857143,0.04285714285714286,2,0,0,0,2,2,0.05555555555555555,0.5,2,1.0,36.1235,43.50965,0,5,0,20,1.0,0,0.6480000000000001,0.648,0.3
0.01579861111111111,3.263003339030691,0.07384719707411762,3.5648798139324653,1.0,39.875,5.164658255692645,0.058048585963006515,3263.003339030693,5012,0,walk,walk_new_dfbsp_tau_1.0,dfbsp,0.1,adaptive,8,0.015625,39,2,2,4,1.0,1.0,0.03645833333333333,0.03645833333333333,0,0,0,0,2,2,0.05128205128205128,1.0,2,1.0,38.443,48.519999999999996,0,1,0,5,1.0,0,0.6480000000000001,0.648,0.3
0.08385416666666667,1.7687517590570625,0.11132173932667155,3.050651673202905,1.0,21.979166666666668,4.218647986908416,0.09453430350486476,1768.7517590570633,5012,1,walk,walk_new_dfbsp_tau_1.0,dfbsp,0.1,adaptive,8,0.015625,37,3,3,6,1.0,1.0,0.2864583333333333,0.2864583333333333,1,1,0,0,2,2,0.08108108108108109,1.0,3,1.0,38.6535,50.065749999999994,0,4,0,14,1.0,0,0.6480000000000001,0.648,0.3
0.2721677559912854,1.8439146748788113,0.13615492008333233,2.6597221785336234,1.0,24.25,4.062013063641905,0.1498137961116692,1843.9146748788116,5012,2,walk,walk_new_dfbsp_tau_1.0,dfbsp,0.1,adaptive,8,0.015625,37,4,4,10,1.0,1.0,0.1261904761904762,0.1261904761904762,0,0,2,2,2,2,0.10810810810810811,1.0,4,1.0,35.504999999999995,47.8863,0,6,0,25,1.0,0,0.6480000000000001,0.648,0.3
0.08457341269841269,2.980480670935514,0.11552802896596313,3.1512312825810334,1.0,25.375,4.274972575394842,0.032736326926368985,2980.4806709355157,5012,3,walk,walk_new_dfbsp_tau_1.0,dfbsp,0.1,adaptive,8,0.015625,32,1,0,6,0.0,0.0,0.017857142857142856,0.0,0,0,0,0,1,0,0.0,0.0,0,1.0,35.057,46.77804999999999,0,5,0,16,1.0,0,0.6480000000000001,0.648,0.3
0.2729614067849362,2.3037131497458114,0.08386355323053003,3.3890206359102866,0.875,34.645833333333336,4.9030687992047435,0.1890978535544062,2303.713149745812,5013,0,walk,walk_new_dfbsp_tau_1.0,dfbsp,0.1,adaptive,8,0.015625,37,4,3,4,0.75,0.7640449438202247,0.1324404761904762,0.10119047619047619,0,0,1,1,3,2,0.08108108108108109,1.0,3,1.0,37.291,49.989999999999995,0,4,0,10,1.0,0,0.6480000000000001,0.648,0.3
0.3333333333333333,1.8501762950501277,0.13361605070154187,2.7858101636691273,0.9791666666666666,26.208333333333332,4.225818364050717,0.27735828696624015,1850.1762950501281,5013,1,walk,walk_new_dfbsp_tau_1.0,dfbsp,0.1,adaptive,8,0.015625,36,6,6,9,1.0,1.0,0.23333333333333334,0.23333333333333334,0,0,2,2,4,4,0.16666666666666666,1.0,6,1.0,35.5945,44.9952,0,6,0,23,1.0,0,0.6480000000000001,0.648,0.3
0.16703869047619047,1.9038715593200404,0.12334686238008274,3.0017076144110875,0.9375,23.25,4.138031539286532,0.19789377945550268,1903.8715593200413,5013,2,walk,walk_new_dfbsp_tau_1.0,dfbsp,0.1,adaptive,8,0.015625,30,1,1,6,1.0,1.0,0.025,0.025,0,0,0,0,1,1,0.03333333333333333,1.0,1,1.0,35.536,46.54465,0,5,0,25,1.0,0,0.6480000000000001,0.648,0.3
0.06349826388888889,2.1339117251042983,0.10264692851305617,3.2083824385213835,0.9791666666666666,28.270833333333332,4.555001156793089,0.05539087520737122,2133.9117251042994,5013,3,walk,walk_new_dfbsp_tau_1.0,dfbsp,0.1,adaptive,8,0.015625,36,5,4,5,0.8,0.947136563876652,0.337797619047619,0.31994047619047616,1,1,0,0,4,3,0.1111111111111111,0.8,4,1.0,35.437,40.0764,0,2,0,7,1.0,0,0.6480000000000001,0.648,0.3
0.2026909722222222,1.5293423518077411,0.1340822472051094,2.4253309552009585,1.0,16.6875,3.829884272339967,0.08399993900894594,1529.3423518077414,5014,0,walk,walk_new_dfbsp_tau_1.0,dfbsp,0.1,adaptive,8,0.015625,35,3,2,7,0.6666666666666666,0.8333333333333334,0.375,0.3125,1,1,2,1,0,0,0.05714285714285714,0.6666666666666666,2,1.0,34.954499999999996,46.91479999999999,0,6,0,22,1.0,0,0.6480000000000001,0.648,0.3
0.1882638888888889,2.3739264219318867,0.19799858729272482,3.1298547280945304,0.8333333333333334,25.604166666666668,4.038983830030109,0.08388636353319029,2373.9264219318866,5014,1,walk,walk_new_dfbsp_tau_1.0,dfbsp,0.1,adaptive,8,0.015625,39,2,2,7,1.0,1.0,1.0625,1.0625,1,1,1,1,0,0,0.05128205128205128,1.0,2,1.0,37.0235,47.1117,0,6,0,23,1.0,0,0.6480000000000001,0.648,0.3
0.14616402116402116,2.9659935261473116,0.11015808182002183,3.31265140451857,0.9583333333333334,28.791666666666668,4.528478959278621,0.0969566317070038,2965.993526147311,5014,2,walk,walk_new_dfbsp_tau_1.0,dfbsp,0.1,adaptive,8,0.015625,37,5,5,7,1.0,1.0,0.609375,0.609375,2,2,1,1,2,2,0.13513513513513514,1.0,5,1.0,36.07299999999999,40.3457,0,5,0,14,1.0,0,0.6480000000000001,0.648,0.3
0.125,2.2255742718893283,0.0930451055168132,3.1730209022473033,0.9791666666666666,24.75,4.4884659895231485,0.05290718463305391,2225.574271889328,5014,3,walk,walk_new_dfbsp_tau_1.0,dfbsp,0.1,adaptive,8,0.015625,33,4,4,6,1.0,1.0,0.12896825396825395,0.12896825396825395,0,0,1,1,3,3,0.12121212121212122,1.0,4,1.0,38.0925,51.234199999999994,0,3,0,8,1.0,0,0.6480000000000001,0.648,0.3
0.11605902777777777,1.8672068282199819,0.11996622245605622,2.7986169769003895,0.9166666666666666,17.895833333333332,4.0206758046181506,0.03817668099445708,1867.2068282199818,5015,0,walk,walk_new_dfbsp_tau_1.0,dfbsp,0.1,adaptive,8,0.015625,37,4,3,7,0.75,0.3406593406593406,0.37916666666666665,0.12916666666666665,1,0,2,2,1,1,0.08108108108108109,0.6666666666666666,3,1.0,35.739999999999995,47.70024999999999,0,4,0,24,1.0,0,0.6480000000000001,0.648,0.3
0.20876736111111108,2.2853837620437085,0.11749535692140435,2.8871926731147983,0.9375,25.9375,4.317925532310829,0.16054353905304777,2285.3837620437093,5015,1,walk,walk_new_dfbsp_tau_1.0,dfbsp,0.1,adaptive,8,0.015625,37,4,3,7,0.75,0.7254901960784313,0.45535714285714285,0.33035714285714285,2,1,1,1,1,1,0.08108108108108109,0.75,3,1.0,35.3495,46.46224999999999,0,5,0,21,1.0,0,0.6480000000000001,0.648,0.3
0.14652321656632003,2.9708669064741215,0.06364830858156775,3.4811533972929816,0.9583333333333334,41.3125,5.237657589005549,0.08287490798475226,2970.866906474123,5015,2,walk,walk_new_dfbsp_tau_1.0,dfbsp,0.1,adaptive,8,0.015625,35,1,1,2,1.0,1.0,0.020833333333333332,0.020833333333333332,0,0,0,0,1,1,0.02857142857142857,1.0,1,1.0,35.2775,44.93745,0,1,0,1,1.0,0,0.6480000000000001,0.648,0.3
0.2098958333333333,1.6332269459009927,0.10635221174335091,2.7959247094972643,1.0,27.729166666666668,4.435472220264108,0.11697436115221459,1633.226945900993,5015,3,walk,walk_new_dfbsp_tau_1.0,dfbsp,0.1,adaptive,8,0.015625,33,1,1,6,1.0,1.0,0.25,0.25,1,1,0,0,0,0,0.030303030303030304,1.0,1,1.0,35.8755,43.23005,0,5,0,17,1.0,0,0.6480000000000001,0.648,0.3
0.02200520833333333,3.4337600433950364,0.07130011559025462,4.636284579135592,0.5416666666666666,33.25,4.958092948992294,0.049294907256921296,3433.7600433950356,5016,0,walk,walk_new_dfbsp_tau_1.0,dfbsp,0.1,adaptive,8,0.015625,41,3,3,3,1.0,1.0,0.11458333333333333,0.11458333333333333,0,0,1,1,2,2,0.07317073170731707,1.0,3,1.0,34.7055,40.88435,0,2,0,5,1.0,0,0.6480000000000001,0.648,0.3
0.10850694444444443,1.9376537425703715,0.10869967643624696,2.917726794248228,1.0,27.833333333333332,4.526835857846665,0.10901612923460975,1937.6537425703712,5016,1,walk,walk_new_dfbsp_tau_1.0,dfbsp,0.1,adaptive,8,0.015625,30,2,1,5,0.5,0.07692307692307693,0.2708333333333333,0.020833333333333332,1,0,0,0,1,1,0.03333333333333333,0.5,1,1.0,36.792,45.34005,0,3,0,15,1.0,0,0.6480000000000001,0.648,0.3
0.1886987433862434,1.5373504315428004,0.19283088826007308,2.5691077478753463,0.9791666666666666,15.5,3.6101420666189115,0.18145824750613207,1537.3504315428006,5016,2,walk,walk_new_dfbsp_tau_1.0,dfbsp,0.1,adaptive,8,0.015625,34,4,3,8,0.75,0.8125,1.3333333333333333,1.0833333333333333,2,1,1,1,1,1,0.08823529411764706,1.0,3,1.0,35.3595,43.574549999999995,0,6,0,34,1.0,0,0.6480000000000001,0.648,0.3
0.0419973544973545,2.863263790881321,0.10278068153632386,3.2177975432378383,1.0,32.875,4.672492342434717,0.0607833270389694,2863.26379088132,5016,3,walk,walk_new_dfbsp_tau_1.0,dfbsp,0.1,adaptive,8,0.015625,34,3,2,6,0.6666666666666666,0.45454545454545453,0.11458333333333333,0.05208333333333333,0,0,1,0,2,2,0.058823529411764705,0.6666666666666666,2,1.0,37.369,41.909949999999995,0,5,0,17,1.0,0,0.6480000000000001,0.648,0.3
0.12610607078853045,2.21349090325041,0.09835223006434489,2.749334220055267,0.9583333333333334,21.229166666666668,4.264915782464258,0.0932435809039257,2213.4909032504115,5017,0,walk,walk_new_dfbsp_tau_1.0,dfbsp,0.1,adaptive,8,0.015625,37,5,4,7,0.8,0.09287257019438445,1.1023809523809522,0.10238095238095238,1,0,1,1,3,3,0.10810810810810811,0.6666666666666666,4,1.0,37.193,46.323,0,3,0,17,1.0,0,0.6480000000000001,0.648,0.3
0.020833333333333332,1.8659398202568525,0.10720605431671988,3.0065605548565055,0.9583333333333334,26.833333333333332,4.395143483604315,0.08637272098338655,1865.9398202568534,5017,1,walk,walk_new_dfbsp_tau_1.0,dfbsp,0.1,adaptive,8,0.015625,36,2,2,4,1.0,1.0,0.2708333333333333,0.2708333333333333,1,1,0,0,1,1,0.05555555555555555,1.0,2,1.0,35.073,48.25195,0,3,0,16,1.0,0,0.6480000000000001,0.648,0.3
0.12326388888888888,2.416835554726387,0.14066367274181937,3.3052930997073484,1.0,39.625,4.860281225412037,0.05021228385293047,2416.835554726388,5017,2,walk,walk_new_dfbsp_tau_1.0,dfbsp,0.1,adaptive,8,0.015625,40,2,2,4,1.0,1.0,1.0178571428571428,1.0178571428571428,1,1,0,0,1,1,0.05,1.0,2,1.0,35.899,48.69625,0,3,0,10,1.0,0,0.6480000000000001,0.648,0.3
0.02717300061050061,2.3929702683609944,0.10162925283642509,3.055007522503057,1.0,30.75,4.628724214773723,0.09569125387573514,2392.970268360996,5017,3,walk,walk_new_dfbsp_tau_1.0,dfbsp,0.1,adaptive,8,0.015625,38,6,6,9,1.0,1.0,0.44146825396825395,0.44146825396825395,1,1,2,2,3,3,0.15789473684210525,1.0,6,1.0,35.6205,42.75835,0,6,0,15,1.0,0,0.6480000000000001,0.648,0.3
0.0011987433862433862,1.6682204496921733,0.16044526307769366,2.5866698815290454,0.9583333333333334,16.270833333333332,3.735667205588667,0.1592465196914503,1668.220449692174,5018,0,walk,walk_new_dfbsp_tau_1.0,dfbsp,0.1,adaptive,8,0.015625,34,5,3,7,0.6,0.5178571428571429,0.5833333333333333,0.3020833333333333,2,1,0,0,3,2,0.08823529411764706,1.0,3,1.0,38.275999999999996,43.395,0,5,0,28,1.0,0,0.6480000000000001,0.648,0.3
0.0005208333333333333,2.6945845605047225,0.07374421856579502,3.499913984180122,1.0,37.895833333333336,5.000531761141775,0.07322338523246168,2694.584560504724,5018,1,walk,walk_new_dfbsp_tau_1.0,dfbsp,0.1,adaptive,8,0.015625,33,2,2,3,1.0,1.0,0.08035714285714285,0.08035714285714285,0,0,1,1,1,1,0.06060606060606061,1.0,2,1.0,36.3635,48.8465,0,3,0,7,1.0,0,0.6480000000000001,0.648,0.3
0.1506076388888889,1.817900176657104,0.14179786889302287,2.68371322796399,1.0,18.3125,3.9815807307327966,0.13699471817710743,1817.9001766571048,5018,2,walk,walk_new_dfbsp_tau_1.0,dfbsp,0.1,adaptive,8,0.015625,34,4,3,6,0.75,0.947598253275109,0.34077380952380953,0.32291666666666663,1,1,1,1,2,1,0.08823529411764706,0.6666666666666666,3,1.0,36.5405,46.826899999999995,0,5,0,22,1.0,0,0.6480000000000001,0.648,0.3
0.021164021164021163,1.7971867333224794,0.12531756872129193,2.940685607770789,0.9791666666666666,28.958333333333332,4.3827089479639385,0.10415354755727074,1797.186733322479,5018,3,walk,walk_new_dfbsp_tau_1.0,dfbsp,0.1,adaptive,8,0.015625,39,3,3,5,1.0,1.0,0.375,0.375,1,1,2,2,0,0,0.07692307692307693,1.0,3,1.0,34.884,44.75274999999999,0,5,0,16,1.0,0,0.6480000000000001,0.648,0.3
0.2726107804232804,1.5973660510481658,0.13588379016095686,2.5699186381869628,0.9791666666666666,23.0625,4.096528667540974,0.13672699026232352,1597.366051048167,5019,0,walk,walk_new_dfbsp_tau_1.0,dfbsp,0.1,adaptive,8,0.015625,37,3,2,7,0.6666666666666666,0.16417910447761194,0.29910714285714285,0.049107142857142856,1,0,0,0,2,2,0.05405405405405406,0.5,2,1.0,36.696,49.3452,0,6,0,30,1.0,0,0.6480000000000001,0.648,0.3
0.20908905228758168,1.313978513489749,0.11116740188179625,2.6088094557356936,1.0,26.0625,4.310859081998776,0.09792165040578545,1313.9785134897493,5019,1,walk,walk_new_dfbsp_tau_1.0,dfbsp,0.1,adaptive,8,0.015625,39,6,5,9,0.8333333333333334,0.8998011928429424,0.6237599206349207,0.5612599206349207,2,2,1,0,3,3,0.1282051282051282,1.0,5,1.0,35.8405,43.62654999999999,0,7,0,18,1.0,0,0.6480000000000001,0.648,0.3
0.22968750000000002,2.5535379296482037,0.1202864726598602,3.00476324814978,1.0,33.479166666666664,4.5207265910222425,0.1094010273401398,2553.5379296482056,5019,2,walk,walk_new_dfbsp_tau_1.0,dfbsp,0.1,adaptive,8,0.015625,32,2,2,9,1.0,1.0,0.049107142857142856,0.049107142857142856,0,0,0,0,2,2,0.0625,1.0,2,1.0,36.567,48.57545,0,7,0,17,1.0,0,0.6480000000000001,0.648,0.3
0.04237614237614238,2.0418007159593814,0.11163802358872009,2.5592961090631277,1.0,21.208333333333332,4.199972552290247,0.06926188121257769,2041.800715959381,5019,3,walk,walk_new_dfbsp_tau_1.0,dfbsp,0.1,adaptive,8,0.015625,40,5,3,7,0.6,0.6601307189542485,0.1138392857142857,0.07514880952380952,0,0,1,1,4,2,0.075,0.6666666666666666,3,1.0,36.657,49.42764999999999,0,3,0,22,1.0,0,0.6480000000000001,0.648,0.3
