condition,scenario,method,param,attack,side,n_clusters,n_trajectories,cap_violations,hit,hit_low,hit_high,error_cells,error_cells_low,error_cells_high,error_m,error_m_low,error_m_high,peak,peak_low,peak_high,logloss,logloss_low,logloss_high,covered95,covered95_low,covered95_high,credible95,credible95_low,credible95_high,entropy,entropy_low,entropy_high,prior_hit,prior_hit_low,prior_hit_high,raw_completion,raw_completion_low,raw_completion_high,coverage,coverage_low,coverage_high,reward,reward_low,reward_high,latency_slots,latency_slots_low,latency_slots_high,gate_us_p50,gate_us_p50_low,gate_us_p50_high,gate_us_p95,gate_us_p95_low,gate_us_p95_high,ece,ece_low,ece_high,utility,utility_low,utility_high
static_fixed_none_1,static,none,1.0,fixed,8.0,20,80,0.0,0.3276904854034197,0.26386897009234195,0.3965043927951445,1.8563044407050175,1.638263884465899,2.0976934250232606,1856.304440705017,1638.2638844658993,2097.6934250232603,0.3164374544630518,0.26159684045309584,0.3721498986609585,2.181481928447842,1.948745532084156,2.4090398352504216,0.98125,0.9669205729166668,0.9927083333333332,19.96640625,17.736497395833332,22.64635416666666,3.1614670307765325,2.8629188934249554,3.4957232740724216,0.015625,0.015625,0.015625,0.09682689906961581,0.08472475307532071,0.10962736636550895,1.0,1.0,1.0,3.4625,3.025,3.95,1.0,1.0,1.0,5.13880625,5.10696796875,5.17673453125,6.569366875,6.425696718750001,6.727010343749999,0.10113144875168072,0.08262964055269939,0.12160748121691395,1.0,1.0,1.0
static_fixed_random_0.15,static,random,0.15,fixed,8.0,20,80,0.0,0.048692740572842244,0.019490208196601473,0.08457443791764342,3.6317054796137294,3.380876796072915,3.928068470495527,3631.7054796137286,3380.876796072916,3928.068470495525,0.04772666508203134,0.03068452175613076,0.07108435138346227,3.790654324554206,3.6224156626132347,3.9451932690104656,0.9658854166666666,0.9413997395833331,0.9875065104166667,50.49973958333333,46.9031640625,53.7401953125,5.475119805440204,5.238812961333618,5.684945035424249,0.015625,0.015625,0.015625,0.015454417217102504,0.01053352295124483,0.020460005830212912,0.4291666666666666,0.31239583333333326,0.5376041666666665,0.55,0.375,0.725,1.0,1.0,1.0,5.22604375,5.1939596875,5.256594999999999,6.520149999999998,6.3866135625,6.669920046875,0.038793592048990355,0.027606260055886563,0.053820942980974465,0.1588447653429603,0.11454444935869085,0.20486548261390886
static_fixed_random_0.3,static,random,0.3,fixed,8.0,20,80,0.0,0.10921617986295185,0.07211070115346421,0.15160420323735904,3.1412146180592155,2.8999183569014786,3.398755934038855,3141.214618059216,2899.9183569014785,3398.7559340388552,0.10074659823072811,0.07329193730260412,0.1295183612873289,3.365357245856316,3.1940757487413016,3.5422418890847416,0.96015625,0.9348763020833334,0.9817773437499999,41.209375,38.274602864583336,44.23171875,4.873994647354241,4.63792222647979,5.1213241033496955,0.015625,0.015625,0.015625,0.030469392029107017,0.02476057265240448,0.03682620503157177,0.7375,0.6457291666666666,0.8209374999999998,1.0875,0.875,1.3125,1.0,1.0,1.0,5.2417125,5.22756109375,5.2562375,6.517290624999999,6.423291624999999,6.606720984374999,0.06768504609215703,0.0512160344944102,0.08812444756999059,0.3140794223826715,0.2551584171014124,0.38407190635451505
static_fixed_random_0.5,static,random,0.5,fixed,8.0,20,80,0.0,0.1690893236432438,0.11991124883353636,0.21808368107443535,2.7259793752102404,2.5038481255413108,2.9659139107011745,2725.9793752102405,2503.8481255413108,2965.913910701174,0.1569942071739999,0.1180635133707374,0.19130340784851688,3.01366208116752,2.8213442583281383,3.22546511049495,0.95859375,0.92837890625,0.9851627604166666,34.21119791666666,31.255253906249994,37.39689453124999,4.373422165499516,4.1078708200879674,4.681956792192731,0.015625,0.015625,0.015625,0.047720579724724224,0.03978349159442,0.05572026352231893,0.8791666666666667,0.8083333333333332,0.9458333333333332,1.7,1.425,1.975,1.0,1.0,1.0,5.252987500000001,5.2194328125,5.286929218750001,6.5687675,6.434107062500001,6.756455218749998,0.09378997478916949,0.07833768581012394,0.11058271804578465,0.49097472924187724,0.42306451612903223,0.5674813364259731
static_fixed_random_0.7,static,random,0.7,fixed,8.0,20,80,0.0,0.200327167581173,0.14046218592113557,0.25788654961210616,2.4202902694945356,2.1734473390630766,2.6718072881157227,2420.290269494535,2173.447339063076,2671.8072881157223,0.20208750952285012,0.15443060897828303,0.25077499571243095,2.7549069197596596,2.5159646329664986,2.9888745996353694,0.9770833333333332,0.9523372395833332,0.9947981770833334,28.644270833333337,25.546347656249996,31.753489583333334,3.983082427205018,3.6599064111105686,4.311774131036256,0.015625,0.015625,0.015625,0.06302048113932227,0.05399078459304019,0.07162446861422395,0.9583333333333333,0.9083333333333334,1.0,2.25,1.925,2.55,1.0,1.0,1.0,5.28716875,5.262401093749999,5.3135284375000005,6.519404374999999,6.420027515624999,6.6206799531249985,0.10232755460148572,0.08750081425340261,0.11774503070740333,0.6498194945848376,0.5816476031358437,0.7246776326665564
static_fixed_rate_2,static,rate,2.0,fixed,8.0,20,80,0.0,0.1970414710731863,0.13616882301867073,0.2663531958529146,2.4989782853672344,2.2478515858909818,2.765070118098682,2498.9782853672345,2247.8515858909823,2765.0701180986825,0.19286682805862165,0.1399390575770595,0.25501081441436957,2.8437892773920437,2.571998225553736,3.1018431223514202,0.9588541666666668,0.9328125,0.9817838541666667,29.147395833333338,25.97755208333333,32.3962890625,4.022395969924701,3.673492279505996,4.356966097147548,0.015625,0.015625,0.015625,0.055656398516397,0.046250324063126985,0.06559845913544891,0.8833333333333332,0.8125,0.95,1.975,1.6496875,2.3378124999999996,1.0,1.0,1.0,5.44264375,5.4180245312499995,5.4666767187500005,6.7574024999999995,6.617252828124999,6.9268899218749995,0.057208487183409575,0.044815018385030006,0.07092736839823566,0.5703971119133574,0.505529187800712,0.6328759043724442
static_fixed_rate_4,static,rate,4.0,fixed,8.0,20,80,0.0,0.13082556803228446,0.08192106502404684,0.19383154026809965,2.9022106781642,2.652750717599222,3.1710792569467925,2902.2106781642005,2652.7507175992214,3171.079256946792,0.1257441303747605,0.08211505640375774,0.18307807372526225,3.2132009140980147,2.9353804007526305,3.4689295721158437,0.9812500000000002,0.9635416666666667,0.9947916666666666,38.39791666666666,34.66393229166667,42.18067708333333,4.674229169558659,4.294585095354275,5.00464991616387,0.015625,0.015625,0.015625,0.029022534254076672,0.02307127491526675,0.03539566341420737,0.65,0.5708333333333333,0.725,1.025,0.8125,1.2625,1.0,1.0,1.0,5.513368750000001,5.487287187500001,5.537860937499999,6.822382500000001,6.726609718750001,6.911659328125001,0.024024456609167587,0.018149573785177377,0.030750987731963244,0.296028880866426,0.2465277777777778,0.34539774217520547
static_fixed_rate_8,static,rate,8.0,fixed,8.0,20,80,0.0,0.09700981313656885,0.05453790732551116,0.1486400235304871,3.2665041936702446,3.0070857865691183,3.524438190025918,3266.504193670244,3007.0857865691178,3524.4381900259177,0.09216478883734294,0.050665118181669105,0.14208762045800719,3.502555926068331,3.2725354609404436,3.713281097871221,0.9854166666666668,0.9666666666666668,1.0,45.67916666666666,41.73192708333333,49.454531249999995,5.131761342254181,4.803401876348562,5.434940299398257,0.015625,0.015625,0.015625,0.013915684920814663,0.009223695921942889,0.01928606315239763,0.4125,0.3082291666666666,0.5208333333333333,0.5,0.3375,0.7,1.0,1.0,1.0,5.44095,5.41136734375,5.4737109375,6.659996874999999,6.588960328125,6.726810312499999,0.011280978591697416,0.006774712684234961,0.016770182887241355,0.1444043321299639,0.10107611796902294,0.1894813676527084
static_fixed_coarse_2,static,coarse,2.0,fixed,8.0,20,80,0.0,0.08949329605579606,0.07741645762684582,0.10325765153267594,2.6293105894889233,2.4048824092680943,2.855955892618569,2629.310589488922,2404.8824092680925,2855.9558926185678,0.08655592789248528,0.07583022339545345,0.0988230457484399,3.0849099282477175,2.9074414206304597,3.2572068859195342,0.9666666666666668,0.9385351562500002,0.9869791666666667,32.208072916666666,29.230371093750005,34.95482421875,4.491569607979886,4.276272386669737,4.682991744982948,0.015625,0.015625,0.015625,0.054363756589425084,0.045232752170798286,0.06342806821382842,0.8791666666666667,0.8041666666666666,0.9541666666666666,1.925,1.6125,2.2378124999999995,1.0,1.0,1.0,6.37069375,6.34990421875,6.3937765625,7.850240625,7.677944281249998,8.090538078124998,0.022468420103993077,0.018226702477505064,0.02734699780429745,0.555956678700361,0.4740393370970679,0.6448300849575211
static_fixed_coarse_4,static,coarse,4.0,fixed,8.0,20,80,0.0,0.02794731987847222,0.024422675238715275,0.03137301974826388,3.375792839287224,3.1908051817564975,3.5612465803176554,3375.7928392872245,3190.8051817564983,3561.246580317657,0.02747180661266522,0.02524230971803266,0.029700632888922187,3.8262047508227353,3.7266673993392576,3.9381578573443305,0.9372395833333333,0.88748046875,0.9770898437499999,49.47447916666667,47.11348958333333,51.938665364583336,5.535820818960562,5.440541104531812,5.635822672010193,0.015625,0.015625,0.015625,0.01900215295541937,0.014520497775414434,0.024166988881955707,0.525,0.4125,0.6334374999999999,0.675,0.5125,0.8625,1.0,1.0,1.0,6.408500000000001,6.389580781249999,6.428682812499999,7.846594999999998,7.717291874999999,7.9716299687499985,0.005864439682034533,0.004623741556187592,0.007225418284153769,0.19494584837545126,0.15189504014185096,0.24427696148768868
static_fixed_bsp_0.05,static,bsp,0.05,fixed,8.0,20,80,0.0,0.02955258637743292,0.02532134977471892,0.03445302932750792,3.5116789496713543,3.31934746681376,3.7170357433345087,3511.678949671355,3319.3474668137615,3717.0357433345102,0.03524646523260197,0.033523915789697684,0.036846424439550836,3.753344036251555,3.6784610042135917,3.8279597139287374,0.9239583333333334,0.8715950520833334,0.9651171875000001,44.682031249999994,43.09287109375,46.06692708333333,5.373498288299975,5.3114065881735195,5.430887252004067,0.015625,0.015625,0.015625,0.040649682345398605,0.033942470908652635,0.0475791290630321,0.7375,0.6666666666666666,0.8083333333333332,1.4625,1.2125,1.7125,1.0,1.0,1.0,30.807975000000006,30.7125496875,30.91160265625,40.39584124999998,39.28411670312499,41.60412003124999,0.02161329404525577,0.017576452783864764,0.025896870836026185,0.4223826714801444,0.3788304062381494,0.4701659504036239
static_fixed_bsp_0.1,static,bsp,0.1,fixed,8.0,20,80,0.0,0.05179021508652472,0.04120503940929453,0.06353140846983107,3.007631594637547,2.7930511405751246,3.210889457592575,3007.631594637548,2793.0511405751245,3210.889457592576,0.05647055051399508,0.053899690399438045,0.05935402016371344,3.40347470257852,3.294761635186641,3.5069711114417053,0.9552083333333334,0.9255208333333333,0.9799544270833335,34.316145833333344,32.47753255208334,35.92272135416667,4.860570619721164,4.7732749637112555,4.940790930603909,0.015625,0.015625,0.015625,0.05841962417710955,0.049471479990922725,0.06998835331665101,0.9208333333333332,0.8666666666666668,0.975,2.1,1.775,2.5128125,1.0,1.0,1.0,30.410912500000002,30.311239374999996,30.505331562499997,38.48249750000001,37.625926859375,39.3774806875,0.03445347506659668,0.02906478369088311,0.04104967018995534,0.6064981949458483,0.5353133671919995,0.6733891540487162
static_fixed_bsp_0.2,static,bsp,0.2,fixed,8.0,20,80,0.0,0.0791877028206071,0.06460652188979359,0.09416907912309155,2.634215037155701,2.4630133969490395,2.80569730313109,2634.215037155701,2463.013396949039,2805.6973031310895,0.08034299009746912,0.07590556593745525,0.08471622013779818,3.1487471363754387,3.0189006924574846,3.2777349394380138,0.9455729166666667,0.9143229166666667,0.9739713541666667,29.913281250000004,28.067467447916666,31.785429687500006,4.520758448066169,4.409592612588934,4.631066414405117,0.015625,0.015625,0.015625,0.07339147883845973,0.06380485633212052,0.08402429834156343,0.9583333333333333,0.9125,1.0,2.6375,2.2875,3.025,1.0,1.0,1.0,30.656381250000003,30.571635781250006,30.73420984374999,39.9624375,38.8212280625,41.07422596874999,0.051654849982450034,0.044848328208268055,0.058719312265099396,0.7617328519855595,0.7090893888719976,0.8093224460858669
static_fixed_bsp_0.4,static,bsp,0.4,fixed,8.0,20,80,0.0,0.14680847074026887,0.12378942215479033,0.17198008073764262,2.2568836162609727,2.070311658642391,2.4512074039644784,2256.8836162609723,2070.3116586423926,2451.2074039644785,0.1452133532825522,0.13131268143567373,0.158508097748968,2.665544451746821,2.509400854333692,2.836775589847809,0.9875,0.97265625,0.9973958333333334,23.34505208333333,21.196080729166667,25.797513020833332,3.8498335383866475,3.6665222686447687,4.059697110581662,0.015625,0.015625,0.015625,0.08226321304639751,0.07148972934497541,0.09411764509620933,1.0,1.0,1.0,2.95,2.5625,3.375,1.0,1.0,1.0,30.50529375,30.419314687499995,30.59657078125,39.35288499999999,38.101793546874994,40.74061064062499,0.06766516027848439,0.05710000829402928,0.07974859770882194,0.851985559566787,0.8087174393787446,0.8928604375329467
static_fixed_positive_only_0.1,static,positive_only,0.1,fixed,8.0,20,80,0.0,0.05240653453096916,0.04231738050774724,0.06381335027206096,3.0009147870248647,2.787482267655299,3.210648852196685,3000.9147870248653,2787.4822676552994,3210.6488521966853,0.057505236902070433,0.05471674053888226,0.06062808104349555,3.390385985016234,3.291008776217508,3.4891789522485754,0.95234375,0.9221223958333333,0.9773437499999998,34.08958333333334,32.25445963541667,35.68203776041668,4.840578060937502,4.750619762767005,4.920560358760518,0.015625,0.015625,0.015625,0.0591904970423847,0.0500319784533039,0.07088743804815203,0.9333333333333332,0.8833333333333332,0.9833333333333332,2.125,1.7996875,2.5375,1.0,1.0,1.0,15.781962500000002,15.71221125,15.864515468750001,20.233092499999998,19.404475296874995,21.349746796874996,0.034523366951691704,0.029309406225369445,0.04113486177624502,0.6137184115523465,0.5428571428571428,0.6794601224636195
static_adaptive_none_1,static,none,1.0,adaptive,8.0,20,80,0.0,0.4972204601503479,0.4558897258507447,0.5407952444018392,1.2791671276989414,1.1315646650013937,1.4313981798471387,1279.1671276989414,1131.564665001394,1431.3981798471389,0.5185450387458215,0.48383970625040623,0.5550588081488399,1.596873627570553,1.4540157478586513,1.7513958019960305,0.9846354166666668,0.9755208333333334,0.9924479166666667,14.38203125,12.731022135416664,16.16938802083333,2.2765760855749386,2.0730553335030564,2.469444121656964,0.015625,0.015625,0.015625,0.09682689906961581,0.08472475307532071,0.10962736636550895,1.0,1.0,1.0,3.4625,3.025,3.95,1.0,1.0,1.0,5.168,5.15236625,5.1846509375,6.21056125,6.116744515625,6.315554359374999,0.09403458081178953,0.08040297828076884,0.10718888553209198,1.0,1.0,1.0
static_adaptive_random_0.15,static,random,0.15,adaptive,8.0,20,80,0.0,0.05618220552884494,0.03427069502961298,0.08092220252767092,3.067277527752416,2.831589030943434,3.3177559174322826,3067.277527752415,2831.589030943433,3317.755917432281,0.05786137656200787,0.03920771966431856,0.08180435536816448,3.661569667644625,3.5060003483566398,3.8092071732674078,0.9760416666666666,0.9544205729166667,0.9906249999999999,46.67942708333334,43.113203125000005,50.075247395833344,5.306293209802744,5.071523711505963,5.513055599867186,0.015625,0.015625,0.015625,0.015454417217102504,0.01053352295124483,0.020460005830212912,0.4291666666666666,0.31239583333333326,0.5376041666666665,0.55,0.375,0.725,1.0,1.0,1.0,5.340931249999999,5.31281734375,5.374041093750001,6.735226249999999,6.457740796874999,7.12472109375,0.059040759248695084,0.04722804927136039,0.072251041858335,0.1588447653429603,0.11454444935869085,0.20486548261390886
static_adaptive_random_0.3,static,random,0.3,adaptive,8.0,20,80,0.0,0.11307646352178022,0.07461827464651022,0.15854911270442199,2.545735266455604,2.2977640259460497,2.8136754437437594,2545.735266455604,2297.76402594605,2813.6754437437585,0.1325140646181776,0.10268304887179139,0.16410810345785912,3.1723759969705245,2.979188203014786,3.3578409140283454,0.9747395833333332,0.9562369791666665,0.9901041666666666,35.896874999999994,32.21572265625001,39.95360677083333,4.581912499958493,4.315285200425783,4.844368750131158,0.015625,0.015625,0.015625,0.030469392029107017,0.02476057265240448,0.03682620503157177,0.7375,0.6457291666666666,0.8209374999999998,1.0875,0.875,1.3125,1.0,1.0,1.0,5.2775125,5.24931109375,5.310921406249999,6.7483193749999995,6.493884859374999,7.024915406249998,0.09241674472530668,0.07361442408317906,0.10995038785337956,0.3140794223826715,0.2551584171014124,0.38407190635451505
static_adaptive_random_0.5,static,random,0.5,adaptive,8.0,20,80,0.0,0.21519839217163722,0.14744967306705128,0.2835640451141826,2.130985477686569,1.9060457911001711,2.3798384188774637,2130.9854776865695,1906.0457911001704,2379.8384188774635,0.22506681886356872,0.17110269812399054,0.2788361908575362,2.7184687966545007,2.5003992959620103,2.942792546704839,0.9809895833333335,0.9630208333333334,0.9942708333333332,29.02135416666667,26.32911458333334,31.964967447916663,3.9444744167256793,3.6489117332203596,4.255863272621084,0.015625,0.015625,0.015625,0.047720579724724224,0.03978349159442,0.05572026352231893,0.8791666666666667,0.8083333333333332,0.9458333333333332,1.7,1.425,1.975,1.0,1.0,1.0,5.345325000000001,5.327358437500001,5.366094531249999,6.854923124999999,6.596342078124999,7.167640218749997,0.10659965166774174,0.09272195911267547,0.1208042709528653,0.49097472924187724,0.42306451612903223,0.5674813364259731
static_adaptive_random_0.7,static,random,0.7,adaptive,8.0,20,80,0.0,0.32536201174642393,0.26101249472149524,0.3876984739058501,1.771707679443809,1.577085450447048,1.9944011154941843,1771.7076794438094,1577.085450447048,1994.401115494184,0.3348496484299966,0.2765789290540776,0.39194612292041764,2.262339845938606,2.055631998101663,2.4824160154951596,0.9815104166666666,0.9645833333333333,0.9942708333333334,22.09609375,19.961848958333338,24.80481770833333,3.2554980413402843,2.9702973709992175,3.5702388640112197,0.015625,0.015625,0.015625,0.06302048113932227,0.05399078459304019,0.07162446861422395,0.9583333333333333,0.9083333333333334,1.0,2.25,1.925,2.55,1.0,1.0,1.0,5.273418749999999,5.25597703125,5.292285156249999,7.03198625,6.333373140625,8.292552968749996,0.11550697070212901,0.09798577923032727,0.13413047160558328,0.6498194945848376,0.5816476031358437,0.7246776326665564
static_adaptive_rate_2,static,rate,2.0,adaptive,8.0,20,80,0.0,0.29097983997078936,0.22937712430556942,0.35071406336927685,2.0015928713921274,1.7755846605047911,2.242625558552764,2001.5928713921269,1775.584660504791,2242.6255585527633,0.30216425584351597,0.2504085443138747,0.3542982773487786,2.4192180380317985,2.192032899085281,2.658231032223394,0.9671875,0.9489583333333332,0.9828255208333333,23.285416666666666,21.081171875,25.589921875,3.407223418951601,3.1153348429579455,3.693084957326315,0.015625,0.015625,0.015625,0.055656398516397,0.046250324063126985,0.06559845913544891,0.8833333333333332,0.8125,0.95,1.975,1.6496875,2.3378124999999996,1.0,1.0,1.0,5.48935625,5.46708578125,5.5099571874999995,6.701255624999999,6.5307588125,6.933208562499997,0.08103520891622264,0.07072464692063883,0.09179300499993341,0.5703971119133574,0.505529187800712,0.6328759043724442
static_adaptive_rate_4,static,rate,4.0,adaptive,8.0,20,80,0.0,0.16774588664184434,0.1189268665743823,0.2228608160879715,2.559342370856453,2.3099054398939063,2.814404382435376,2559.3423708564524,2309.905439893906,2814.4043824353753,0.15461983499770066,0.11172812319795271,0.2029337221032804,3.030255644905489,2.7990842260032736,3.2644072066410836,0.9458333333333334,0.9176822916666666,0.9719010416666668,33.592708333333334,30.241354166666675,37.22109375,4.378236562438651,4.073350094055536,4.699194523918827,0.015625,0.015625,0.015625,0.029022534254076672,0.02307127491526675,0.03539566341420737,0.65,0.5708333333333333,0.725,1.025,0.8125,1.2625,1.0,1.0,1.0,5.455318749999999,5.43678703125,5.472575,6.725109999999999,6.5540711875,6.935013609374999,0.05545067866011446,0.04467605117102333,0.06669972674688306,0.296028880866426,0.2465277777777778,0.34539774217520547
static_adaptive_rate_8,static,rate,8.0,adaptive,8.0,20,80,0.0,0.09094057355635925,0.05132910373761568,0.13926401931479276,3.0747817794564702,2.8159101087300744,3.3447451789308587,3074.78177945647,2815.9101087300746,3344.745178930858,0.0903442762260149,0.05369866318068033,0.13349791273541936,3.463932729377011,3.2403558145983067,3.671780728035701,0.9854166666666666,0.9708333333333332,0.9958333333333333,43.03333333333334,39.49348958333334,46.62932291666667,5.018846077686063,4.726675425120152,5.299447955667634,0.015625,0.015625,0.015625,0.013915684920814663,0.009223695921942889,0.01928606315239763,0.4125,0.3082291666666666,0.5208333333333333,0.5,0.3375,0.7,1.0,1.0,1.0,5.479737500000001,5.458299374999999,5.498460625,6.64389625,6.53843184375,6.749943046875001,0.019410567288453216,0.015194777133205781,0.024376337174518523,0.1444043321299639,0.10107611796902294,0.1894813676527084
static_adaptive_coarse_2,static,coarse,2.0,adaptive,8.0,20,80,0.0,0.15695126677792692,0.14150969994677276,0.1699274853315991,1.7449397318912017,1.5991492431847778,1.8933636264530234,1744.9397318911997,1599.1492431847762,1893.3636264530212,0.15576725957934462,0.1436575636020712,0.16680464842765408,2.378469175765196,2.228040686682578,2.546074025062556,0.9723958333333333,0.9411393229166666,0.9895833333333334,19.821875,17.41274088541667,22.425807291666665,3.4525391377764714,3.2668737128499816,3.6556898699589913,0.015625,0.015625,0.015625,0.054363756589425084,0.045232752170798286,0.06342806821382842,0.8791666666666667,0.8041666666666666,0.9541666666666666,1.925,1.6125,2.2378124999999995,1.0,1.0,1.0,6.321793749999999,6.272951875,6.38320265625,8.761642499999999,7.911824781249999,10.230814859374997,0.025096163558188535,0.021310985899552534,0.02931908713348082,0.555956678700361,0.4740393370970679,0.6448300849575211
static_adaptive_coarse_4,static,coarse,4.0,adaptive,8.0,20,80,0.0,0.05244683159722222,0.05085272894965277,0.053968878851996534,2.417937775368049,2.309007274922437,2.5455254867768167,2417.93777536805,2309.0072749224382,2545.5254867768176,0.05160985253264595,0.050086123883313995,0.053141944599441,3.1108767470470022,3.059300199249688,3.1628469360922886,0.9744791666666666,0.9533854166666667,0.9911458333333332,27.25989583333333,25.504108072916665,29.027760416666666,4.515048679627686,4.439476397761764,4.592890113885129,0.015625,0.015625,0.015625,0.01900215295541937,0.014520497775414434,0.024166988881955707,0.525,0.4125,0.6334374999999999,0.675,0.5125,0.8625,1.0,1.0,1.0,6.456837500000001,6.420818281250001,6.51075765625,8.388653125000001,7.72506934375,9.579879046874996,0.0038553898379231665,0.002849994519056309,0.004856060837088173,0.19494584837545126,0.15189504014185096,0.24427696148768868
static_adaptive_bsp_0.05,static,bsp,0.05,adaptive,8.0,20,80,0.0,0.04514066522876513,0.033698116191611595,0.05737307159019109,3.109156801657769,2.859661957046644,3.4114890652766423,3109.1568016577703,2859.6619570466455,3411.489065276642,0.04495806633572751,0.044397714147033224,0.04563423862147191,3.4272596449557673,3.3317253397605606,3.550876246140076,0.9388020833333333,0.8999869791666667,0.9726627604166669,34.45338541666666,32.510859374999995,36.60263671874999,4.945421085906373,4.884816015296054,5.010183887198548,0.015625,0.015625,0.015625,0.027467898103586415,0.021113087916523828,0.03381737523277427,0.6083333333333333,0.5041666666666667,0.7001041666666665,1.0,0.775,1.2375,1.0,1.0,1.0,31.42385625,31.07015609375,32.074679375,40.118680624999996,38.45109724999999,42.035835453124996,0.040300105427320404,0.030765543579751847,0.05101976305778629,0.2888086642599278,0.23212359943977592,0.34568110483364717
static_adaptive_bsp_0.1,static,bsp,0.1,adaptive,8.0,20,80,0.0,0.07395767313198955,0.059914384415678375,0.08784875996760763,2.3283320499987576,2.1399194964072135,2.5410440792927513,2328.3320499987567,2139.919496407214,2541.04407929275,0.0800136069443007,0.07806956085211143,0.08163117567074117,2.962905379201545,2.846348354440228,3.102966909813902,0.9690104166666668,0.9343750000000002,0.9942708333333332,24.63046875,22.81876953125,26.51554036458333,4.292511120882468,4.207285034348813,4.379921369306412,0.015625,0.015625,0.015625,0.046824519883840246,0.03963567089363105,0.05450304182878844,0.8333333333333333,0.7708333333333333,0.8958333333333333,1.6875,1.425,1.975,1.0,1.0,1.0,31.23559375,31.1702825,31.301870624999996,39.65615187499999,38.786320515625,40.6151345,0.04692714414639513,0.04080339236545011,0.05337921233183041,0.48736462093862815,0.4374667553191489,0.5390388494867858
static_adaptive_bsp_0.2,static,bsp,0.2,adaptive,8.0,20,80,0.0,0.15446540679011386,0.13273083132642463,0.17643919294861682,1.8159909482935668,1.6370842957537703,2.0151737088310773,1815.9909482935668,1637.08429575377,2015.173708831077,0.14359255122352169,0.13929123882355868,0.14773188355211078,2.487517418983131,2.3575304182095342,2.644616779088046,0.9729166666666667,0.94296875,0.9947916666666667,19.16041666666667,17.61516276041667,20.884394531250003,3.662759180405898,3.5526610804252416,3.783692423576192,0.015625,0.015625,0.015625,0.055782431927957885,0.0483215038658059,0.0635145271508232,0.9166666666666666,0.8583333333333334,0.975,2.0,1.725,2.2878125,1.0,1.0,1.0,31.0311375,30.950377500000002,31.11353875,40.3460925,39.256776515625,41.53609992187499,0.08361830417712948,0.06825073298372737,0.10201535423028661,0.5776173285198556,0.5326349816529792,0.6270491803278688
static_adaptive_bsp_0.4,static,bsp,0.4,adaptive,8.0,20,80,0.0,0.20873854438519368,0.1729560371671277,0.2423168153913201,1.60035568802352,1.4673658979620159,1.7588110331624442,1600.3556880235199,1467.3658979620159,1758.8110331624446,0.240945946725082,0.2298790111508384,0.2516126877448637,2.1875855039641263,2.0390533976551666,2.3614329273247963,0.9757812500000002,0.9552083333333334,0.9906315104166666,15.504687499999998,13.841464843750002,17.37641276041667,3.0495739726785347,2.905624589745328,3.2080200473664076,0.015625,0.015625,0.015625,0.07589185069907732,0.06665216352859131,0.08496632083206067,0.9875,0.9625,1.0,2.725,2.3875,3.075,1.0,1.0,1.0,31.087393750000007,30.983089531249995,31.188395781249998,40.213163124999994,39.146285390625,41.35914770312499,0.13329842329046343,0.11204937280704441,0.1569868220290952,0.7870036101083032,0.7464609692050609,0.8298879646282974
static_adaptive_positive_only_0.1,static,positive_only,0.1,adaptive,8.0,20,80,0.0,0.10071553730196307,0.08806757082074465,0.11182691383820537,2.0803426270273753,1.9292983069604106,2.254421811840091,2080.3426270273753,1929.2983069604109,2254.4218118400904,0.10195767007040069,0.09361713418673445,0.11120469082604378,2.719763322935169,2.6099618914722402,2.856480858698185,0.9690104166666668,0.9364518229166667,0.9932291666666666,21.013541666666665,19.459563802083334,22.686139322916667,3.930965078866405,3.8278263592175503,4.038239840593677,0.015625,0.015625,0.015625,0.04976596518248605,0.04217757887923018,0.05737226632163682,0.8708333333333332,0.8166666666666667,0.925,1.7875,1.5125,2.0625,1.0,1.0,1.0,16.050662499999998,16.01113140625,16.096445,20.39299375,19.430082968750003,21.808335484374997,0.02732470504933913,0.022233113721951317,0.032769711848076,0.516245487364621,0.4580387205387205,0.5679501900538486
walk_fixed_none_1,walk,none,1.0,fixed,8.0,20,80,0.0,0.1227886591426616,0.08593725440524004,0.1623791807942934,2.5383565829956645,2.2872212138835013,2.829327491099293,2538.3565829956647,2287.221213883501,2829.3274910992936,0.10718884030294104,0.09580928232946402,0.11830348574434062,3.271403422544078,3.1164643950957664,3.4248538245704645,0.9494791666666668,0.9369726562499999,0.9617252604166666,33.23411458333334,31.095559895833336,35.58647135416666,4.72329786572317,4.594464339972357,4.855974059148886,0.015625,0.015625,0.015625,0.09784464707237733,0.08421974503166088,0.11090004922938398,1.0,1.0,1.0,3.5,3.0125,3.9628124999999996,1.0,1.0,1.0,5.029812499999999,5.0075328125,5.050252500000001,6.425816875,6.292528859374999,6.565317093749999,0.1192547343463652,0.0961986831145284,0.14443827997852782,1.0,1.0,1.0
walk_fixed_random_0.15,walk,random,0.15,fixed,8.0,20,80,0.0,0.027140670642968545,0.014198833602656743,0.04282412882392475,4.211966473405858,3.923272355597021,4.520721205255351,4211.966473405857,3923.2723555970215,4520.721205255351,0.032329101995445704,0.026363558322386994,0.039488008529328995,3.962998310935627,3.8826130586627836,4.039616681817939,0.9528645833333333,0.9320247395833333,0.9718815104166668,54.01276041666667,51.527246093749994,56.186074218749994,5.726111751468229,5.624589461004296,5.818590742217285,0.015625,0.015625,0.015625,0.01815626477239839,0.012033665133398654,0.024638683015552113,0.2495138888888889,0.1747829861111111,0.3183385416666667,0.65,0.4375,0.875,1.0,1.0,1.0,5.0762125,5.058667499999999,5.0958575,6.5080124999999995,6.300928734375,6.809578828124999,0.03720240271358159,0.02829228992680525,0.04767240135113838,0.18571428571428572,0.13702020202020201,0.23052752166951912
walk_fixed_random_0.3,walk,random,0.3,fixed,8.0,20,80,0.0,0.037534263004596856,0.02366594206983946,0.05379345092658106,3.846517589916889,3.581551879956738,4.118429357038365,3846.5175899168885,3581.5518799567376,4118.429357038365,0.04552047638005291,0.03834658080852769,0.053870999184075015,3.8206958078179127,3.7227484761768523,3.9177471814872527,0.95234375,0.9361979166666667,0.9677213541666667,48.649479166666666,46.321015625,51.090807291666664,5.50995560340683,5.3950628315577935,5.621520446117355,0.015625,0.015625,0.015625,0.03221131277547823,0.025817708792785214,0.03872824831697837,0.4132638888888889,0.338734375,0.4898020833333332,1.1625,0.925,1.4,1.0,1.0,1.0,5.1487187500000005,5.114640468749999,5.18615515625,6.780060624999999,6.469736421874999,7.263321593750001,0.048758001165579865,0.04081204547000765,0.05797682312910329,0.33214285714285713,0.2762211668928087,0.38780018031308905
walk_fixed_random_0.5,walk,random,0.5,fixed,8.0,20,80,0.0,0.05293832617233189,0.03388538575919762,0.07545059338733422,3.4345246612898235,3.175630758024863,3.6832377191891843,3434.5246612898236,3175.630758024862,3683.2377191891837,0.05815634584051098,0.051312955682992975,0.06564771273020906,3.671571659949668,3.576024401702351,3.768500719794482,0.959375,0.9453059895833333,0.9721354166666665,43.90364583333333,42.379140625,45.41767578125,5.310955724275642,5.22599209559419,5.390958658750517,0.015625,0.015625,0.015625,0.04743666272026317,0.03972991942563352,0.05484858085615077,0.5880555555555556,0.5155555555555555,0.667519097222222,1.7,1.425,1.9628124999999996,1.0,1.0,1.0,5.0530687499999996,5.033551093749999,5.0731409375,6.568084375,6.357535765624999,6.853356734374999,0.06533202699680833,0.05397552276074612,0.07887098088312883,0.4857142857142857,0.4323339731932377,0.5454713183495471
walk_fixed_random_0.7,walk,random,0.7,fixed,8.0,20,80,0.0,0.06793057567630015,0.04360833693328309,0.09562599856657822,3.0602968180508556,2.814032622794624,3.2915097987625974,3060.2968180508556,2814.0326227946243,3291.5097987625977,0.07523415095053908,0.06561297751107177,0.08506579776568651,3.5306917133893614,3.411487272547984,3.6431385895088346,0.9601562499999998,0.9450455729166666,0.9739648437500003,39.534375,37.36642578125001,41.70677734375001,5.091712362773955,4.966209948293365,5.205306614092355,0.015625,0.015625,0.015625,0.06470927630413091,0.0546267054065742,0.07432289394686437,0.7620138888888889,0.6942083333333333,0.8348020833333333,2.3125,1.95,2.65,1.0,1.0,1.0,5.07909375,5.05911140625,5.09832125,6.603293749999999,6.481063281249999,6.733877890624998,0.08137341025201698,0.0662977446312276,0.09824167350326919,0.6607142857142857,0.610894534620582,0.7192464539007092
walk_fixed_rate_2,walk,rate,2.0,fixed,8.0,20,80,0.0,0.07851901620963928,0.05442393784144457,0.10636272921061177,3.1806662895511213,2.9065801025485665,3.4849634266576954,3180.666289551121,2906.580102548566,3484.963426657695,0.07119407508076556,0.061009859693773254,0.08069922604162545,3.618028521860471,3.5001594766185167,3.7314400757489157,0.9458333333333332,0.92837890625,0.9630273437500001,41.09244791666667,38.832265625,43.48050130208334,5.159794291450052,5.038673780196561,5.283667805169949,0.015625,0.015625,0.015625,0.0552867510548373,0.045269872974455,0.065186498361638,0.6572222222222222,0.5789427083333333,0.7404253472222222,1.975,1.6125,2.3375,1.0,1.0,1.0,5.3465875,5.313504999999999,5.383263593749999,7.317173124999999,6.781199109374999,8.147403109374995,0.08660383685972721,0.07021148198705691,0.10425500317043057,0.5642857142857143,0.5036111367766177,0.6250101791530944
walk_fixed_rate_4,walk,rate,4.0,fixed,8.0,20,80,0.0,0.03841221160594478,0.025696527352986727,0.052416443903656185,3.829209287144436,3.5334844454470713,4.172363180518445,3829.2092871444356,3533.484445447071,4172.363180518444,0.047710635615976646,0.03979020426976027,0.05573673284119953,3.8412126245786906,3.7479194009039576,3.9304159107043746,0.9546875,0.9330664062499999,0.9729296875000001,47.91067708333333,45.72975260416666,50.09235677083333,5.4842595440052655,5.379254656667265,5.588706038233933,0.015625,0.015625,0.015625,0.02640451697369111,0.02176424771610054,0.03128840871522377,0.3669444444444444,0.3010850694444444,0.429265625,0.9375,0.775,1.1125,1.0,1.0,1.0,5.42704375,5.405203281250001,5.45323421875,6.927268124999999,6.7504392499999994,7.179422734375,0.057565545480770294,0.04767132365212494,0.06780911411343357,0.26785714285714285,0.233201581027668,0.30345135467980294
walk_fixed_rate_8,walk,rate,8.0,fixed,8.0,20,80,0.0,0.030491195857915498,0.017253005596418184,0.04575154579930319,4.246073958869254,3.9329221157826493,4.561696501349001,4246.073958869254,3932.922115782648,4561.696501349,0.03325454708484,0.027193628602997805,0.04065489098560105,3.9689248709600626,3.887370141338091,4.038782442728219,0.965625,0.94166015625,0.9869856770833333,53.518489583333334,51.53413411458334,55.493639322916664,5.723913290131313,5.631800861283267,5.810532287747627,0.015625,0.015625,0.015625,0.013017332492249475,0.00856603210923064,0.017716882953318552,0.17041666666666666,0.11311458333333334,0.2294010416666666,0.4625,0.3125,0.625,1.0,1.0,1.0,5.270362499999999,5.2552854687499995,5.2860028125,7.083566874999998,6.763762656249998,7.454137984374999,0.04265006686936294,0.03248904639992847,0.05467681625607634,0.13214285714285715,0.09652160766618598,0.16944834740588025
walk_fixed_coarse_2,walk,coarse,2.0,fixed,8.0,20,80,0.0,0.042739259926282365,0.02911965901356787,0.056299769729333045,3.385541649734688,3.0575082811803393,3.71776001379699,3385.5416497346873,3057.5082811803386,3717.76001379699,0.05296257723819105,0.04731600258750516,0.05925383469152473,3.699308473229229,3.577712302781455,3.816734792255474,0.9572916666666668,0.9380208333333334,0.9747395833333332,43.36614583333333,41.01375,45.63897135416668,5.314918744692333,5.203291624103486,5.418094537445019,0.015625,0.015625,0.015625,0.05140251402503537,0.042782602840077184,0.059841597093298636,0.5982638888888889,0.5125694444444445,0.6797690972222222,1.8375,1.5375,2.1375,1.0,1.0,1.0,6.32363125,6.300105781249999,6.348720625,8.110157499999998,7.9692799375000005,8.325127703124998,0.054480054111065546,0.04544489888787167,0.06541712188240918,0.525,0.456587998700382,0.5948211209408961
walk_fixed_coarse_4,walk,coarse,4.0,fixed,8.0,20,80,0.0,0.017393796484091777,0.012641676993052195,0.02323177663877202,3.9310454824999623,3.722686562044239,4.131302456461744,3931.0454824999624,3722.68656204424,4131.3024564617435,0.027925041745068862,0.025449549127688285,0.03044835875332166,3.973655806625407,3.8977344684893507,4.046817330202474,0.9411458333333333,0.9119791666666668,0.9669335937499999,52.54869791666666,50.9218359375,54.311276041666666,5.711926184281736,5.651531750813465,5.774003623196046,0.015625,0.015625,0.015625,0.01775417513404322,0.014320556846076369,0.021693395129958666,0.2656944444444444,0.20907812499999998,0.3304218749999999,0.6375,0.5,0.7875,1.0,1.0,1.0,6.321468749999999,6.301559375,6.342534374999999,7.927478749999997,7.7839980156249995,8.069748140624998,0.02150948028911099,0.01692511529203931,0.027379969924208464,0.18214285714285713,0.1443548282313809,0.224276065763384
walk_fixed_bsp_0.05,walk,bsp,0.05,fixed,8.0,20,80,0.0,0.02671203548693783,0.013705602252294146,0.044441863852203195,3.8710155788940313,3.6187287171113707,4.130732812970993,3871.015578894031,3618.7287171113703,4130.732812970993,0.031194886793010045,0.029707017782431674,0.0326685389019813,3.955206658682909,3.8800700730891493,4.031697736231917,0.9424479166666666,0.9192643229166667,0.96484375,50.98020833333333,49.52162109375001,52.31401692708334,5.684816397334188,5.639224369875799,5.727970259490091,0.015625,0.015625,0.015625,0.04563715023119398,0.03830653758578257,0.05442347610745243,0.5794444444444445,0.4965086805555556,0.6733350694444442,1.65,1.3875,1.9625,1.0,1.0,1.0,30.929925000000004,30.875845,30.992793593749997,40.852731874999996,40.137460937499995,41.68572684375,0.033546802418288627,0.022844972844296596,0.04879624245101989,0.4714285714285714,0.41175939689955404,0.5331213532984044
walk_fixed_bsp_0.1,walk,bsp,0.1,fixed,8.0,20,80,0.0,0.04240401724171886,0.026854680168761573,0.062111381575536216,3.4038029173118325,3.092706481038752,3.716710129457225,3403.8029173118325,3092.7064810387524,3716.710129457225,0.044227634621517346,0.04207472800545419,0.04652984500730628,3.78092314885422,3.681464806039046,3.8791736269486488,0.9403645833333332,0.9208268229166665,0.9604166666666665,44.49010416666667,43.03909505208333,45.92858072916666,5.417985647802124,5.364898258383895,5.471701952432806,0.015625,0.015625,0.015625,0.06491433228204316,0.05554918654100681,0.07524658179411826,0.76,0.6711874999999999,0.8470937499999999,2.3375,1.9875,2.725,1.0,1.0,1.0,30.603312500000005,30.53621125,30.672566562500002,39.928940624999996,39.10796042187499,40.85320165625,0.049438712713282824,0.03520372084057866,0.06781194114600159,0.6678571428571428,0.6006705961823411,0.7303891333251092
walk_fixed_bsp_0.2,walk,bsp,0.2,fixed,8.0,20,80,0.0,0.04858065362978102,0.031249647769123885,0.06928077734603219,3.254616414042185,2.9689454325421596,3.5335956126267183,3254.6164140421856,2968.945432542159,3533.595612626717,0.05390409793104434,0.04943253724357043,0.058251371358877285,3.69898831334379,3.5805363316024805,3.8249972599866027,0.9390625,0.9200520833333334,0.9580729166666666,41.525,39.736835937500004,43.45078125,5.264456281104013,5.183421417259286,5.352205632292666,0.015625,0.015625,0.015625,0.07533198474397709,0.06451254785524756,0.0864990882664155,0.8378472222222222,0.7639982638888889,0.9083541666666668,2.7125,2.325,3.1125,1.0,1.0,1.0,30.8567375,30.777326093750002,30.94529578125,39.567444374999994,38.899804390625,40.25547053124999,0.06196568938048004,0.047171735890619564,0.0819174166199148,0.775,0.722398367603202,0.8279693615872588
walk_fixed_bsp_0.4,walk,bsp,0.4,fixed,8.0,20,80,0.0,0.0932085499836449,0.06590115467432359,0.12483434196018343,2.7704446294262963,2.5171833455536006,3.0206818203102723,2770.4446294262966,2517.183345553601,3020.6818203102725,0.08263079332597914,0.07524110598211729,0.09094399871724422,3.4221407133671016,3.264084819399136,3.558746550113243,0.95078125,0.9375,0.9640625,35.58463541666667,33.24076822916667,37.77579427083334,4.905717282585675,4.774226676297652,5.017890144026704,0.015625,0.015625,0.015625,0.08957269678272353,0.0774837111041684,0.1023411790921602,0.939861111111111,0.907611111111111,0.9711111111111113,3.2125,2.7875,3.6625,1.0,1.0,1.0,30.3780625,30.30572203125,30.455376874999995,38.778719374999994,37.964851921874995,39.55681629687499,0.10075599653488174,0.0798419637414292,0.12578168234752748,0.9178571428571428,0.8885010945170525,0.9508296681327468
walk_fixed_positive_only_0.1,walk,positive_only,0.1,fixed,8.0,20,80,0.0,0.04240401724171886,0.026854680168761573,0.062111381575536216,3.4085007358959962,3.0966779455102316,3.721950327436036,3408.5007358959965,3096.6779455102323,3721.950327436037,0.044344115413000776,0.04201596884915536,0.04685921271412492,3.7846398598228133,3.684515884048175,3.8836390671767105,0.9390624999999998,0.9195312500000001,0.9591145833333332,44.47708333333334,43.024348958333334,45.90917317708333,5.416632278723623,5.360866015130101,5.4716270690178685,0.015625,0.015625,0.015625,0.06491433228204316,0.05554918654100681,0.07524658179411826,0.76,0.6711874999999999,0.8470937499999999,2.3375,1.9875,2.725,1.0,1.0,1.0,15.766206250000002,15.736272812500001,15.79813828125,20.069209375,19.600646281249993,20.574300546874994,0.05007425684848958,0.03603008449302604,0.06838591315439112,0.6678571428571428,0.6006705961823411,0.7303891333251092
walk_adaptive_none_1,walk,none,1.0,adaptive,8.0,20,80,0.0,0.16362411259319418,0.13466604846757282,0.19652526951331067,2.062375243701727,1.8845997316834788,2.2505083512379147,2062.3752437017274,1884.599731683479,2250.5083512379147,0.16088554230688437,0.14714440742800405,0.17505571927817792,2.950534546396183,2.8159421392639827,3.082423687698193,0.9526041666666666,0.9377604166666668,0.9674479166666664,26.1171875,24.476555989583332,27.78110677083333,4.222440432943262,4.106112605879669,4.338544092146259,0.015625,0.015625,0.015625,0.09784464707237733,0.08421974503166088,0.11090004922938398,1.0,1.0,1.0,3.5,3.0125,3.9628124999999996,1.0,1.0,1.0,5.0866999999999996,5.069599687499999,5.105210468750001,6.376856875,6.265038234374999,6.499342906249999,0.12868370365602544,0.11622797394771986,0.14213010672446375,1.0,1.0,1.0
walk_adaptive_random_0.15,walk,random,0.15,adaptive,8.0,20,80,0.0,0.037054524924539395,0.01849439863635986,0.05598368528814976,3.527219084172908,3.201321465799131,3.8629929427107594,3527.2190841729084,3201.3214657991316,3862.992942710759,0.03807379915613459,0.031937210107009235,0.045146227395675545,3.832279133197763,3.7429603455536715,3.916965859709274,0.9677083333333332,0.95703125,0.9786458333333332,50.26770833333333,48.268841145833335,52.38666015625001,5.592373701256139,5.502888633903024,5.6817454546538,0.015625,0.015625,0.015625,0.01815626477239839,0.012033665133398654,0.024638683015552113,0.2495138888888889,0.1747829861111111,0.3183385416666667,0.65,0.4375,0.875,1.0,1.0,1.0,5.21405625,5.1968946874999995,5.2322340625,6.4527874999999995,6.333270781249999,6.584423109375,0.04557681983808269,0.03394061928465006,0.05717645503262741,0.18571428571428572,0.13702020202020201,0.23052752166951912
walk_adaptive_random_0.3,walk,random,0.3,adaptive,8.0,20,80,0.0,0.049751688259650394,0.031111764120109627,0.06993438787943301,3.256550054765306,2.9924223139500965,3.51523206801278,3256.5500547653055,2992.422313950097,3515.23206801278,0.05483056838689489,0.04641743972154461,0.06456181437899078,3.706946178039197,3.5993118172708667,3.805534455412501,0.9515624999999999,0.93203125,0.9692708333333332,44.5109375,42.22968098958333,46.94289713541667,5.342990476870944,5.226660366740261,5.457513820672963,0.015625,0.015625,0.015625,0.03221131277547823,0.025817708792785214,0.03872824831697837,0.4132638888888889,0.338734375,0.4898020833333332,1.1625,0.925,1.4,1.0,1.0,1.0,5.15141875,5.1284609375,5.173532656250001,6.61485375,6.387202812499999,6.909807984375,0.062269019235843395,0.05057164095012182,0.07579700550796617,0.33214285714285713,0.2762211668928087,0.38780018031308905
walk_adaptive_random_0.5,walk,random,0.5,adaptive,8.0,20,80,0.0,0.07869040483381194,0.05729555937553613,0.10016746989996544,2.8034174262101828,2.6068813589803272,3.002619709766261,2803.4174262101833,2606.881358980328,3002.619709766261,0.07887688693449935,0.07077689629773305,0.0878652353416551,3.5121024320044705,3.3954762561993013,3.6231353825605033,0.9432291666666666,0.9213411458333335,0.9617252604166666,38.53125000000001,36.690071614583324,40.35983072916666,5.033808631617197,4.94023131215278,5.127914630410107,0.015625,0.015625,0.015625,0.04743666272026317,0.03972991942563352,0.05484858085615077,0.5880555555555556,0.5155555555555555,0.667519097222222,1.7,1.425,1.9628124999999996,1.0,1.0,1.0,5.194906249999999,5.177435937500001,5.212236093750001,6.36894,6.278432531249999,6.4720573437499995,0.07598852347948401,0.06551444739248406,0.08588256525327052,0.4857142857142857,0.4323339731932377,0.5454713183495471
walk_adaptive_random_0.7,walk,random,0.7,adaptive,8.0,20,80,0.0,0.08837880960034171,0.06208475625726896,0.11649614129211268,2.5895482617185666,2.391896942834735,2.7975762416179277,2589.548261718567,2391.896942834736,2797.576241617928,0.10153106729193517,0.09082528271155303,0.11294049505724374,3.3585803824826073,3.2407708472974597,3.4786364392766878,0.9520833333333334,0.9330729166666668,0.9708333333333332,34.01510416666666,31.91220703125,36.079889322916664,4.780795548692194,4.666227114514676,4.8947349988551565,0.015625,0.015625,0.015625,0.06470927630413091,0.0546267054065742,0.07432289394686437,0.7620138888888889,0.6942083333333333,0.8348020833333333,2.3125,1.95,2.65,1.0,1.0,1.0,5.10311875,5.08813140625,5.117228281249999,6.414681249999999,6.245817546874999,6.67282059375,0.09266457926865349,0.07893950925437618,0.10802228629812843,0.6607142857142857,0.610894534620582,0.7192464539007092
walk_adaptive_rate_2,walk,rate,2.0,adaptive,8.0,20,80,0.0,0.10607614009932391,0.08132841795551866,0.13305333396618993,2.675725576182644,2.452897478973327,2.9430545360233293,2675.7255761826445,2452.897478973328,2943.0545360233295,0.09286605452171272,0.08270447324945915,0.10322580488458856,3.353851047647622,3.223346606158192,3.496394991996186,0.9447916666666668,0.9166536458333333,0.9703125,35.10729166666666,32.961406249999996,37.303841145833324,4.852458630747668,4.7264423018828525,4.969667395823502,0.015625,0.015625,0.015625,0.0552867510548373,0.045269872974455,0.065186498361638,0.6572222222222222,0.5789427083333333,0.7404253472222222,1.975,1.6125,2.3375,1.0,1.0,1.0,5.4496375,5.4288282812499995,5.476282187500001,7.312001249999999,6.80385453125,8.014778109375,0.10160181424754736,0.08606364893584258,0.11748680976402437,0.5642857142857143,0.5036111367766177,0.6250101791530944
walk_adaptive_rate_4,walk,rate,4.0,adaptive,8.0,20,80,0.0,0.05762520299099164,0.04198076183165887,0.07390947330488312,3.2689373129137693,3.044766066478283,3.5248825440659615,3268.937312913769,3044.7660664782825,3524.8825440659607,0.056953794661464476,0.0492888403865163,0.06489816705712766,3.693025981848737,3.59288616769978,3.7908028103311793,0.95,0.9291601562500001,0.96875,43.666927083333334,41.57942057291667,45.66541015625,5.301929375803772,5.199347739272302,5.3996424794947995,0.015625,0.015625,0.015625,0.02640451697369111,0.02176424771610054,0.03128840871522377,0.3669444444444444,0.3010850694444444,0.429265625,0.9375,0.775,1.1125,1.0,1.0,1.0,5.3324375,5.315504218749999,5.348669375000001,6.870446249999998,6.622948640624998,7.227468906249997,0.06491250455183932,0.05204032409910955,0.07919335121722397,0.26785714285714285,0.233201581027668,0.30345135467980294
walk_adaptive_rate_8,walk,rate,8.0,adaptive,8.0,20,80,0.0,0.030926710254214805,0.01971723244706164,0.04358724463179928,4.149378606910185,3.900970908482227,4.402302325131259,4149.378606910183,3900.970908482227,4402.30232513126,0.036636776484113634,0.030155861528414346,0.04495018052359098,3.9282546052159004,3.8443922826864037,4.012815717035497,0.9591145833333332,0.93462890625,0.98125,51.20338541666666,48.81212239583333,53.498613281249995,5.64007604046131,5.529821026298189,5.741829038798336,0.015625,0.015625,0.015625,0.013017332492249475,0.00856603210923064,0.017716882953318552,0.17041666666666666,0.11311458333333334,0.2294010416666666,0.4625,0.3125,0.625,1.0,1.0,1.0,5.43638125,5.42169890625,5.45095609375,6.70444375,6.631395234374999,6.784025484374999,0.043716242009403314,0.03370980259953699,0.054519768815094634,0.13214285714285715,0.09652160766618598,0.16944834740588025
walk_adaptive_coarse_2,walk,coarse,2.0,adaptive,8.0,20,80,0.0,0.09285780540176922,0.07470126618086297,0.11208822478569695,2.3683822472803833,2.2164780809576476,2.5277505256619337,2368.382247280383,2216.478080957648,2527.7505256619334,0.1048031972703904,0.09787065344384391,0.11191761563849897,3.1651457407165164,3.059030197806425,3.273687428792082,0.9614583333333334,0.9458333333333334,0.9742187499999998,30.313020833333333,28.731692708333338,32.04048828125,4.573016334149796,4.4788475971026545,4.666647401016447,0.015625,0.015625,0.015625,0.05140251402503537,0.042782602840077184,0.059841597093298636,0.5982638888888889,0.5125694444444445,0.6797690972222222,1.8375,1.5375,2.1375,1.0,1.0,1.0,6.2141375000000005,6.182286093750001,6.243277812500001,7.7210149999999995,7.610628328124999,7.8472072187499995,0.09760146073329046,0.08433577073646628,0.11148625873187902,0.525,0.456587998700382,0.5948211209408961
walk_adaptive_coarse_4,walk,coarse,4.0,adaptive,8.0,20,80,0.0,0.04690747578398378,0.028394751507302987,0.07104855093655836,2.735321265999455,2.585282326713374,2.870329007084261,2735.321265999455,2585.2823267133754,2870.329007084262,0.06705750327792258,0.06404219217603087,0.07016187060534276,3.3763603083623885,3.297540101329604,3.448578381482762,0.95390625,0.9351562500000001,0.9705794270833332,32.56171875,31.2919921875,33.87012369791666,4.861879011102063,4.803998144946716,4.918221707388608,0.015625,0.015625,0.015625,0.01775417513404322,0.014320556846076369,0.021693395129958666,0.2656944444444444,0.20907812499999998,0.3304218749999999,0.6375,0.5,0.7875,1.0,1.0,1.0,6.438306250000001,6.4148553125,6.4649978125,8.202965625,7.912403828124997,8.553028390624998,0.07334239135779179,0.05877641541637373,0.09180328399428633,0.18214285714285713,0.1443548282313809,0.224276065763384
walk_adaptive_bsp_0.05,walk,bsp,0.05,adaptive,8.0,20,80,0.0,0.03795670314566799,0.02684259330305473,0.052131222679501495,3.3187066193136117,3.0939093958404356,3.54421980949904,3318.706619313611,3093.909395840435,3544.219809499039,0.04023890810667743,0.03975028503278109,0.04074170190883067,3.677324486127702,3.598336574925125,3.7604180948611847,0.9533854166666667,0.9288997395833335,0.9760416666666666,40.23046875,39.440279947916665,41.03336588541667,5.314523262158977,5.289325326392869,5.339064393445916,0.015625,0.015625,0.015625,0.02920458780080242,0.02279624689369326,0.03649274599776701,0.3938888888888889,0.3133958333333334,0.4802482638888888,1.0625,0.825,1.325,1.0,1.0,1.0,31.007112500000005,30.844917031249995,31.235535156250005,39.980371875,38.603550375,41.65770267187499,0.03931909115691062,0.031367631711064145,0.04886258583282044,0.30357142857142855,0.2473108504398827,0.36288837744533947
walk_adaptive_bsp_0.1,walk,bsp,0.1,adaptive,8.0,20,80,0.0,0.05903409581674766,0.03752503319795801,0.08266113474515573,2.85040950806546,2.643828580837476,3.0509318650997916,2850.4095080654597,2643.828580837476,3050.931865099792,0.06779980789755188,0.06624999368160935,0.06944575711964845,3.4270975096959093,3.3419919019193607,3.5074544252912676,0.94921875,0.9309895833333334,0.9666666666666666,33.65833333333334,32.44578776041667,34.84673177083334,4.920139461450874,4.872030073877302,4.967506861333997,0.015625,0.015625,0.015625,0.04704845522929654,0.04002479921734189,0.055446308820957524,0.6326388888888889,0.5406822916666666,0.7312690972222221,1.7125,1.4621875,2.025,1.0,1.0,1.0,31.175106250000006,31.05887453125,31.325286093749998,40.958103124999994,40.04263128125,41.76497679687499,0.06596445541103871,0.05323461342693747,0.08196120455953147,0.48928571428571427,0.4222222222222222,0.5584959132228249
walk_adaptive_bsp_0.2,walk,bsp,0.2,adaptive,8.0,20,80,0.0,0.10689619899135083,0.07870783448810596,0.13876099426453037,2.3174774045812674,2.1135107840128287,2.533068416092263,2317.4774045812674,2113.510784012829,2533.0684160922624,0.10127195770895318,0.09794508963856739,0.10502344154308002,3.1918867252373575,3.071908500310034,3.313902271288211,0.9481770833333332,0.9302083333333334,0.965625,29.83125,28.6186328125,31.038131510416665,4.60185637414078,4.537800022564459,4.660760936400889,0.015625,0.015625,0.015625,0.06902534421495846,0.058535569689559794,0.0803233613625786,0.7924305555555555,0.708734375,0.866875,2.4875,2.1,2.8875,1.0,1.0,1.0,30.772693749999995,30.707731093750006,30.840074218750004,39.414736875,38.547938953125,40.28291584375,0.10180570228348307,0.08295809562125435,0.12368812973021144,0.7107142857142857,0.6428510063819343,0.767276955602537
walk_adaptive_bsp_0.4,walk,bsp,0.4,adaptive,8.0,20,80,0.0,0.13188621252226182,0.11061370561788801,0.15577570052099837,2.1971650027315306,2.0527544022412236,2.345187310613462,2197.1650027315304,2052.754402241223,2345.1873106134626,0.12639990883464786,0.11824738471870469,0.13406018186190125,3.0800034370205256,2.977035146701704,3.185421939124563,0.95625,0.9450520833333333,0.9666666666666668,27.86484375,26.394121093749998,29.384147135416665,4.422855089574481,4.336817494864752,4.515720177745188,0.015625,0.015625,0.015625,0.08554021426286837,0.07231580045673465,0.09877923374526114,0.9015972222222223,0.8529826388888888,0.9454270833333333,3.075,2.6,3.55,1.0,1.0,1.0,30.968574999999994,30.888758906249997,31.04676171875,39.485974375,38.666824703124995,40.31475590624999,0.11642409812322256,0.10324322844973517,0.13019938349521493,0.8785714285714286,0.8312164192696475,0.9213144028103044
walk_adaptive_positive_only_0.1,walk,positive_only,0.1,adaptive,8.0,20,80,0.0,0.06486091873341432,0.04452258080558823,0.08982229298764866,2.674980293996393,2.463488822882752,2.875687147295344,2674.980293996394,2463.4888228827526,2875.6871472953444,0.07318368180062108,0.07126269348163759,0.07516676602209472,3.36524020940668,3.262947880846247,3.4708348253832835,0.9572916666666668,0.9390559895833331,0.9750065104166665,33.819270833333334,32.80274739583333,34.86287760416667,4.896180946145354,4.857163123877605,4.93352095168728,0.015625,0.015625,0.015625,0.04539909245645678,0.038389327228343616,0.054066420909771234,0.5920833333333333,0.49623958333333335,0.6962812499999999,1.65,1.3875,1.975,1.0,1.0,1.0,15.851081250000002,15.764355781250002,15.964995781250002,20.344211874999996,19.259498374999996,21.67960971875,0.07713233593879354,0.06509308403823874,0.09104426301285795,0.4714285714285714,0.4050537657169468,0.5434035537644257
commute_fixed_none_1,commute,none,1.0,fixed,8.0,20,80,0.0,0.06052473957864518,0.05071989650003203,0.07022585936285186,3.1750289210562324,3.010428649783001,3.349966558409458,3175.0289210562323,3010.428649783001,3349.9665584094582,0.10816659201374863,0.09830607820737082,0.11894800507277416,4.24645199264145,4.130020923903255,4.372601567954215,0.7971354166666667,0.7723958333333334,0.8184960937500001,33.68619791666667,32.0056640625,35.31606770833333,4.7484086336559574,4.643684707853939,4.85220375590088,0.015625,0.015625,0.015625,0.08919354094645834,0.07719021450878465,0.10296304211433832,1.0,1.0,1.0,3.2375,2.8125,3.7378124999999995,1.0,1.0,1.0,5.03545625,5.0117853125,5.061765625000001,6.691321249999999,6.378723531249999,7.165777718749998,0.07129740823069801,0.06616802458712577,0.07710692806935132,1.0,1.0,1.0
commute_fixed_random_0.15,commute,random,0.15,fixed,8.0,20,80,0.0,0.02128067821913454,0.01430728357703104,0.029094546838952396,4.419006769300217,4.179402324805965,4.685765654377491,4419.006769300217,4179.402324805964,4685.765654377491,0.03249303914680219,0.02753909707227776,0.038240648223884045,4.205864343231829,4.140975465240084,4.276251797201184,0.91484375,0.8953125,0.9328124999999998,54.115364583333324,52.8621875,55.43283854166666,5.729945750694766,5.662751114992643,5.791163075362933,0.015625,0.015625,0.015625,0.01518427412333325,0.011028941636020029,0.019774304501453403,0.2181944444444444,0.15776909722222218,0.27743402777777776,0.55,0.4,0.7125,1.0,1.0,1.0,5.0610124999999995,5.041680781249999,5.079595625,6.481123749999999,6.31525203125,6.676834406249999,0.028459734982189296,0.025005046789258696,0.03225829052384323,0.16988416988416988,0.12851132155079462,0.20785067873303167
commute_fixed_random_0.3,commute,random,0.3,fixed,8.0,20,80,0.0,0.03232311210662051,0.022155928133103953,0.04380659622778202,4.093985396936678,3.829786231052514,4.386597401896471,4093.9853969366777,3829.786231052514,4386.59740189647,0.04750819737457086,0.040586102357653316,0.05575806222777811,4.222484134117162,4.126054441458347,4.326009023538049,0.8848958333333332,0.8653580729166666,0.9026041666666668,48.78125,47.08491536458333,50.286490885416676,5.517256731930165,5.424644247008359,5.5950739627511235,0.015625,0.015625,0.015625,0.03062248226854595,0.02359910574371123,0.03744613318318996,0.40694444444444444,0.31287500000000007,0.4911197916666667,1.1125,0.8625,1.3625,1.0,1.0,1.0,5.09128125,5.068774687499999,5.111669375,6.476914374999998,6.36718546875,6.590038515624999,0.039452240089696354,0.034439590575499224,0.04549764519929581,0.3436293436293436,0.26951356423078177,0.41954528206425495
commute_fixed_random_0.5,commute,random,0.5,fixed,8.0,20,80,0.0,0.0428099505719746,0.03174166900344613,0.05486886873849676,3.7310658811860486,3.509944681776872,3.9863857220371823,3731.0658811860476,3509.944681776871,3986.3857220371815,0.06517955866881497,0.05720117715938221,0.0747096310527813,4.227562675374892,4.107593416515349,4.363489560080606,0.8541666666666666,0.8281184895833333,0.8768294270833334,43.88619791666666,42.04598958333333,45.642018229166666,5.279257352651081,5.178286165976611,5.373372198773004,0.015625,0.015625,0.015625,0.04515259790839861,0.036909067396290955,0.05348009338213506,0.5659722222222221,0.4781753472222222,0.6452777777777776,1.6375,1.325,1.9378124999999997,1.0,1.0,1.0,5.047006250000001,5.02198171875,5.07605875,6.6369631249999985,6.32435675,7.1280210312499985,0.048165704236188,0.041677617526103675,0.054491676047872896,0.5057915057915058,0.4325186635740269,0.5696881403688525
commute_fixed_random_0.7,commute,random,0.7,fixed,8.0,20,80,0.0,0.0472025183629799,0.03622952699026651,0.05867761978757988,3.550802307400416,3.343273429453413,3.762297152689271,3550.802307400415,3343.2734294534125,3762.2971526892698,0.07969351838215558,0.07136817352604612,0.08925547143026319,4.245673135947427,4.124504086356598,4.383622990192165,0.8333333333333333,0.8072851562499997,0.85521484375,39.41067708333334,37.53891927083334,41.21674479166667,5.075742340906727,4.971212181417548,5.174733225747126,0.015625,0.015625,0.015625,0.0608940974506202,0.052315543689721675,0.06974680509904727,0.7268055555555556,0.634220486111111,0.8063315972222221,2.2125,1.8875,2.5375,1.0,1.0,1.0,5.11333125,5.093781250000001,5.132370937499999,6.4485874999999995,6.3558404531249995,6.551843546874999,0.05550612245765037,0.049791266633045346,0.06127630858771033,0.6833976833976834,0.6204199650457489,0.7488835424329454
commute_fixed_rate_2,commute,rate,2.0,fixed,8.0,20,80,0.0,0.04067991001497995,0.03238620538086661,0.04921572931724494,3.714280065200976,3.542677311632652,3.9209592662036203,3714.2800652009755,3542.6773116326513,3920.95926620362,0.07070340952938031,0.06301840304021773,0.07934780476265703,4.232099404586536,4.133172225399017,4.352139514074372,0.846875,0.8257682291666667,0.8664127604166667,41.25208333333333,39.61656901041666,42.78962890625,5.173747491151316,5.079890469892398,5.264837665865688,0.015625,0.015625,0.015625,0.047987807982205775,0.040613748215216273,0.056478728816337115,0.5668055555555555,0.5060190972222222,0.6302083333333333,1.7375,1.475,2.05,1.0,1.0,1.0,5.31574375,5.297431250000001,5.332132500000001,6.9111474999999984,6.6438243281250005,7.366119984374998,0.050632949422758824,0.04450207218257677,0.057839168763591485,0.5366795366795367,0.48017511742567903,0.598395124901149
commute_fixed_rate_4,commute,rate,4.0,fixed,8.0,20,80,0.0,0.029009107836591295,0.022860092551949193,0.03583123484910581,4.0802525419905615,3.899225540560394,4.2716432000753795,4080.2525419905605,3899.2255405603937,4271.6432000753775,0.05092700432746723,0.04320893370826701,0.059249310245696164,4.228040861152481,4.13586687616238,4.333687361146163,0.8765625,0.8520768229166668,0.8994791666666666,47.69869791666667,45.706341145833335,49.74628255208333,5.462146994220855,5.359408463517557,5.562403112466512,0.015625,0.015625,0.015625,0.025752257731224353,0.020924298233411853,0.030551335534597684,0.36701388888888886,0.29618055555555556,0.4323350694444444,0.925,0.75,1.1,1.0,1.0,1.0,5.36009375,5.337681406250001,5.3827423437499995,6.74425125,6.613755796874999,6.909971265624999,0.04032227482527016,0.03438633030961007,0.04664956832395291,0.2857142857142857,0.24372684557694044,0.3271236142116614
commute_fixed_rate_8,commute,rate,8.0,fixed,8.0,20,80,0.0,0.02020247646489488,0.014345702137578993,0.026268693650402564,4.536508842367469,4.3023491857323055,4.795991936582421,4536.50884236747,4302.349185732306,4795.99193658242,0.0369253017039379,0.030594779586378976,0.04481502132494011,4.188435273727761,4.132470163570384,4.2609103616692385,0.91953125,0.9041666666666666,0.9330729166666666,53.19921875,51.218027343749995,55.0225390625,5.691186560749655,5.593977929353378,5.777854856947352,0.015625,0.015625,0.015625,0.012104486562495837,0.008818303985040353,0.015395714381567926,0.18041666666666667,0.1248576388888889,0.24642708333333327,0.4375,0.3125,0.5625,1.0,1.0,1.0,5.261068749999999,5.2422185937500005,5.278679531249999,6.575472499999999,6.519085499999999,6.645325890624998,0.029051591067603556,0.024013139135483752,0.034964669679822126,0.13513513513513514,0.1,0.16603925353925353
commute_fixed_coarse_2,commute,coarse,2.0,fixed,8.0,20,80,0.0,0.02972414904912556,0.02224174563271034,0.03759907980916623,3.8525383669752316,3.6421530375178652,4.062651055294518,3852.5383669752314,3642.153037517865,4062.6510552945174,0.054670725769166026,0.04890018211955105,0.06133163852294271,4.141099441747954,4.074190782325956,4.22333825494213,0.8658854166666667,0.8432226562499999,0.8854166666666666,43.35494791666667,41.04080078125,45.573307291666666,5.3097769696545765,5.199463727626063,5.413085103294766,0.015625,0.015625,0.015625,0.04543735402053149,0.03770131936631888,0.05368080897332115,0.5549305555555556,0.4701197916666666,0.632939236111111,1.6375,1.3625,1.925,1.0,1.0,1.0,6.301425000000001,6.269260781250001,6.33700765625,8.007116874999998,7.840549265625,8.228021171875,0.040228071947978714,0.035195531384489484,0.045729285575426486,0.5057915057915058,0.44029456590287996,0.5738553730137355
commute_fixed_coarse_4,commute,coarse,4.0,fixed,8.0,20,80,0.0,0.013770695146953175,0.009850140598309885,0.017962608136812067,4.2997097969633,4.140239143177028,4.470966036588609,4299.7097969633,4140.239143177027,4470.9660365886075,0.02833320745177148,0.02547594495844281,0.031502094180131515,4.207084687778233,4.169440755649815,4.2483638945286,0.9111979166666668,0.8924479166666668,0.9281315104166666,52.748177083333324,50.514485677083336,54.84875,5.714328159726159,5.632700593902785,5.790479611929568,0.015625,0.015625,0.015625,0.01649544289870481,0.012487639457065014,0.022096510863267665,0.24041666666666664,0.17075,0.31250868055555553,0.6,0.45,0.8003124999999998,1.0,1.0,1.0,6.328899999999999,6.304859843749999,6.34963265625,7.929429375,7.807447015624998,8.062801828124998,0.01893232274881047,0.015694280044959708,0.02245457613056736,0.18532818532818532,0.14615044247787612,0.2262935148792813
commute_fixed_bsp_0.05,commute,bsp,0.05,fixed,8.0,20,80,0.0,0.02022662192046958,0.014633854618778936,0.02651865550853588,4.190931138433957,3.9965475541600326,4.386196943975573,4190.931138433955,3996.547554160032,4386.196943975573,0.03141416513300826,0.029938515090655444,0.03286970038135364,4.146335355865325,4.064677180488275,4.231086099658618,0.9200520833333334,0.9,0.9380273437500001,51.578125,50.14813151041667,52.953600260416664,5.697537743760649,5.652385161129677,5.742163518178658,0.015625,0.015625,0.015625,0.04125676024117545,0.0344653777115711,0.048744441607590665,0.5303472222222222,0.44366840277777775,0.6091701388888888,1.5,1.25,1.7753124999999996,1.0,1.0,1.0,30.7126625,30.604345156249995,30.825338125,39.336153124999996,38.227137375,40.455612953125005,0.027697713512805276,0.024948451034739572,0.03064470563735299,0.46332046332046334,0.41664915966386556,0.5113147998925597
commute_fixed_bsp_0.1,commute,bsp,0.1,fixed,8.0,20,80,0.0,0.02647304704444431,0.020468231555653554,0.03234195825029014,3.837725230795231,3.6661581519965107,4.025480912147705,3837.725230795231,3666.1581519965107,4025.480912147705,0.045658050808634124,0.043160546571603314,0.0479120400781089,4.089017137471486,4.014507197759637,4.157971214565542,0.8945312499999998,0.8791666666666668,0.9104231770833333,44.11796875,42.30897135416667,45.691276041666676,5.404649766388136,5.33556750669194,5.465015364540027,0.015625,0.015625,0.015625,0.06091620714078849,0.052191497784453915,0.07117095297767642,0.741736111111111,0.6730399305555557,0.8087534722222223,2.2,1.8996875,2.575,1.0,1.0,1.0,30.2716,30.216000156249994,30.323037656249998,39.360408125,38.36348417187501,40.319649625000004,0.03124732603973395,0.02725389482282687,0.03532542217683513,0.6795366795366795,0.6343880817532628,0.7303443343422198
commute_fixed_bsp_0.2,commute,bsp,0.2,fixed,8.0,20,80,0.0,0.0328889154100197,0.026313784695799248,0.03953551343385284,3.661265335167168,3.4894720581303122,3.8625517311761315,3661.265335167168,3489.4720581303127,3862.5517311761305,0.05462500400578717,0.04989676392705066,0.05946610696768122,4.110542188802964,4.020587323342077,4.201240674591816,0.8744791666666666,0.8544140624999998,0.8919270833333334,41.21927083333333,39.14815755208333,43.240449218749994,5.259925656364495,5.165568578073386,5.34886809847811,0.015625,0.015625,0.015625,0.06840190884886828,0.05907267784415923,0.07913823829220776,0.8261111111111109,0.7726840277777778,0.8758402777777777,2.475,2.1375,2.8628124999999995,1.0,1.0,1.0,30.584224999999996,30.499759062500004,30.66857375,38.34770437499999,37.419933406249996,39.28400976562499,0.041553268733439966,0.03801834427775914,0.04567312981422495,0.7644787644787645,0.7288118438207644,0.8008301361103498
commute_fixed_bsp_0.4,commute,bsp,0.4,fixed,8.0,20,80,0.0,0.043648249792165236,0.035692758919311146,0.052301470025699064,3.3096969117588024,3.1603209964487653,3.482292739258011,3309.696911758803,3160.320996448766,3482.292739258011,0.07900681039121246,0.071726196312636,0.08656346906546762,4.193089076347031,4.099049283815211,4.289648699210027,0.8296875000000001,0.8062434895833335,0.84921875,36.63333333333334,34.709205729166676,38.50302734374999,4.973160606941026,4.869726387985654,5.0776792356954905,0.015625,0.015625,0.015625,0.08104513868812555,0.07053619757692542,0.0929110473684256,0.9502083333333333,0.9270729166666666,0.971671875,2.9375,2.55,3.375,1.0,1.0,1.0,30.2246125,30.16118015625,30.287293906250003,38.7798775,37.78754389062499,39.7879320625,0.05521020368564363,0.048852423066847644,0.06139464085096498,0.9073359073359073,0.8799961240310078,0.9333568075117371
commute_fixed_positive_only_0.1,commute,positive_only,0.1,fixed,8.0,20,80,0.0,0.02673346371111098,0.02052841022810308,0.0328559975148192,3.8221171288519544,3.6434806908211788,4.005918263507309,3822.1171288519545,3643.4806908211785,4005.91826350731,0.04601607623350595,0.04340880427844664,0.048409454417176596,4.083394905149671,4.010454663804781,4.154318346567527,0.8953125,0.8802083333333334,0.9111979166666666,44.07265625000001,42.25559244791667,45.65755859375,5.400099844568823,5.331553194150209,5.460812736708592,0.015625,0.015625,0.015625,0.06092559152517287,0.052055609603171064,0.07119059862957883,0.7406944444444444,0.6696527777777778,0.8092413194444443,2.2,1.875,2.575,1.0,1.0,1.0,15.576137499999998,15.545992499999995,15.606537343749999,19.994651249999997,19.4552699375,20.595173656249997,0.03195421221756119,0.028244514419067134,0.03581254584278011,0.6795366795366795,0.6334522668818398,0.7335922604335852
commute_adaptive_none_1,commute,none,1.0,adaptive,8.0,20,80,0.0,0.07810824419069855,0.06837981801890503,0.08806250823117043,2.712701609199969,2.5989606084368453,2.833654138239965,2712.7016091999694,2598.960608436845,2833.654138239966,0.1341727331244847,0.12544755079677927,0.14301751993815295,4.153571049133049,4.056793817981578,4.244205180863545,0.7835937499999999,0.7692708333333333,0.7986979166666666,28.37682291666667,27.132330729166668,29.759667968749998,4.440459102904863,4.3598542253016035,4.525930337921174,0.015625,0.015625,0.015625,0.08919354094645834,0.07719021450878465,0.10296304211433832,1.0,1.0,1.0,3.2375,2.8125,3.7378124999999995,1.0,1.0,1.0,4.8921125,4.87014046875,4.91351453125,6.139146874999999,6.040797906249999,6.248703765624999,0.08110799866631438,0.07538577652376006,0.08726706515693819,1.0,1.0,1.0
commute_adaptive_random_0.15,commute,random,0.15,adaptive,8.0,20,80,0.0,0.02012242590376565,0.014767580508254694,0.025136459654274808,3.947058303052857,3.724707528212158,4.176861945362262,3947.058303052857,3724.7075282121577,4176.861945362261,0.033949580122661485,0.030754397418226883,0.03721703372096347,4.239386636279327,4.16087911379905,4.320579160895398,0.8997395833333334,0.878125,0.9213606770833335,52.26979166666666,51.01787109375,53.46163411458334,5.673054496901944,5.625678386319833,5.722084643657459,0.015625,0.015625,0.015625,0.01518427412333325,0.011028941636020029,0.019774304501453403,0.2181944444444444,0.15776909722222218,0.27743402777777776,0.55,0.4,0.7125,1.0,1.0,1.0,5.061349999999999,5.04364453125,5.08131609375,6.4812625,6.2641537031249985,6.7625034843749985,0.02677057214495729,0.02344625304801621,0.029903102620997376,0.16988416988416988,0.12851132155079462,0.20785067873303167
commute_adaptive_random_0.3,commute,random,0.3,adaptive,8.0,20,80,0.0,0.03673994693399081,0.029025962641585697,0.04521269861794007,3.484742092015651,3.31483043732191,3.6787955161639325,3484.74209201565,3314.8304373219094,3678.795516163933,0.050621631291367354,0.044174301974144854,0.058255690677185654,4.2373914184485715,4.110705303472368,4.36699347964476,0.8708333333333333,0.8447916666666666,0.8953125,45.782552083333336,43.41333984375001,48.0328515625,5.409078985571111,5.302803833601386,5.508882164653696,0.015625,0.015625,0.015625,0.03062248226854595,0.02359910574371123,0.03744613318318996,0.40694444444444444,0.31287500000000007,0.4911197916666667,1.1125,0.8625,1.3625,1.0,1.0,1.0,4.9630374999999995,4.948277031249999,4.979100000000001,6.193299999999999,6.048835578124999,6.36040884375,0.03914253481483328,0.03326406601795262,0.045215616246883965,0.3436293436293436,0.26951356423078177,0.41954528206425495
commute_adaptive_random_0.5,commute,random,0.5,adaptive,8.0,20,80,0.0,0.0476096437707023,0.038299969720437456,0.05793263236992287,3.3120241789193763,3.0849355922824095,3.557895164515444,3312.024178919376,3084.9355922824097,3557.8951645154443,0.077030017332876,0.07016224304612977,0.08447646081732346,4.32386943130266,4.1936281320845445,4.4493526388947915,0.8184895833333334,0.7973958333333334,0.8411458333333333,38.40182291666667,36.39322265625,40.20783854166667,5.0394467827156815,4.936964069554035,5.130923136378334,0.015625,0.015625,0.015625,0.04515259790839861,0.036909067396290955,0.05348009338213506,0.5659722222222221,0.4781753472222222,0.6452777777777776,1.6375,1.325,1.9378124999999997,1.0,1.0,1.0,5.0894625,5.061082031250001,5.122160000000001,6.343419999999999,6.157865921875,6.660324578124999,0.05397922076538182,0.04847776804031158,0.05979842070910951,0.5057915057915058,0.4325186635740269,0.5696881403688525
commute_adaptive_random_0.7,commute,random,0.7,adaptive,8.0,20,80,0.0,0.05514893083635656,0.046580875628339125,0.06375138506783445,3.11660856422471,2.958560234604499,3.284962564251672,3116.6085642247103,2958.560234604499,3284.962564251673,0.09961360848320176,0.09281813643764891,0.10691885490422243,4.256757967388623,4.142444462078725,4.3662595872919185,0.79609375,0.7783854166666667,0.8132942708333333,33.47708333333334,31.888749999999998,34.99805989583334,4.780581497830639,4.695692934951683,4.860794925464491,0.015625,0.015625,0.015625,0.0608940974506202,0.052315543689721675,0.06974680509904727,0.7268055555555556,0.634220486111111,0.8063315972222221,2.2125,1.8875,2.5375,1.0,1.0,1.0,4.968249999999999,4.944318124999999,4.99050921875,6.2014675,6.092534859374999,6.3219714062499985,0.06241630591115536,0.056948495041331225,0.06831872523489319,0.6833976833976834,0.6204199650457489,0.7488835424329454
commute_adaptive_rate_2,commute,rate,2.0,adaptive,8.0,20,80,0.0,0.0458041898719689,0.03794947920330409,0.05419025471371288,3.4472432667491857,3.3029900437393276,3.589495812466336,3447.2432667491858,3302.9900437393276,3589.495812466337,0.08183037036869543,0.07657492717067989,0.08767636941720532,4.3219503013984335,4.219255849146294,4.441434684060288,0.8049479166666667,0.7828125000000001,0.8268229166666666,36.245052083333334,34.73118489583333,37.647539062499995,4.948483325550763,4.875278893807799,5.016127657595443,0.015625,0.015625,0.015625,0.047987807982205775,0.040613748215216273,0.056478728816337115,0.5668055555555555,0.5060190972222222,0.6302083333333333,1.7375,1.475,2.05,1.0,1.0,1.0,5.2853562499999995,5.26568734375,5.3051925,6.538624999999999,6.429782265625001,6.675839906249999,0.05674689397456735,0.05162076310397898,0.06260328392942391,0.5366795366795367,0.48017511742567903,0.598395124901149
commute_adaptive_rate_4,commute,rate,4.0,adaptive,8.0,20,80,0.0,0.03470181235362667,0.027733010499878093,0.04270224495657404,3.8129878863982496,3.60000644484218,4.02644479680576,3812.98788639825,3600.00644484218,4026.4447968057602,0.0562757113683112,0.051480220518594216,0.061043031904682264,4.256624741256551,4.146804262401737,4.379043635124069,0.846875,0.8270833333333334,0.8640690104166668,42.86927083333334,41.22958333333333,44.3475390625,5.2797186544542285,5.2088077292747395,5.347337610843395,0.015625,0.015625,0.015625,0.025752257731224353,0.020924298233411853,0.030551335534597684,0.36701388888888886,0.29618055555555556,0.4323350694444444,0.925,0.75,1.1,1.0,1.0,1.0,5.17369375,5.1553871875,5.194370625,6.443781249999999,6.350654031249999,6.553677828124998,0.04158249712199516,0.036071862656364244,0.0473651646560304,0.2857142857142857,0.24372684557694044,0.3271236142116614
commute_adaptive_rate_8,commute,rate,8.0,adaptive,8.0,20,80,0.0,0.017990588587505227,0.01264925651505174,0.023683976668801062,4.380750695944152,4.1676463906842045,4.618774667404157,4380.750695944151,4167.646390684205,4618.774667404156,0.03872746462984107,0.0347953872093603,0.04291969863876604,4.197221685572005,4.095093984363006,4.310527516074705,0.9044270833333334,0.8846354166666668,0.9229166666666668,49.39270833333333,47.961438802083336,50.73132161458333,5.572046200120601,5.5075513299220225,5.630446313062912,0.015625,0.015625,0.015625,0.012104486562495837,0.008818303985040353,0.015395714381567926,0.18041666666666667,0.1248576388888889,0.24642708333333327,0.4375,0.3125,0.5625,1.0,1.0,1.0,5.292243749999999,5.27590234375,5.30971859375,6.504577500000001,6.409364140624999,6.608939796874998,0.03182566044338101,0.028169821364752747,0.03585828066729235,0.13513513513513514,0.1,0.16603925353925353
commute_adaptive_coarse_2,commute,coarse,2.0,adaptive,8.0,20,80,0.0,0.04400110990581381,0.03506628528208943,0.052955915048076216,3.128383647605669,2.9987278473445773,3.2455977624910197,3128.3836476056686,2998.7278473445776,3245.5977624910197,0.08817442703954086,0.08260945008838272,0.09335833131905358,4.268030698247859,4.173134096557699,4.388924182318171,0.7963541666666666,0.7770833333333333,0.8127604166666667,33.05624999999999,31.54799479166666,34.6123828125,4.783379561779011,4.7064147921422,4.861870123826398,0.015625,0.015625,0.015625,0.04543735402053149,0.03770131936631888,0.05368080897332115,0.5549305555555556,0.4701197916666666,0.632939236111111,1.6375,1.3625,1.925,1.0,1.0,1.0,6.0881,6.050602499999999,6.1270053125,7.588692499999999,7.452502562499999,7.740772171874999,0.06599003865283255,0.05888664888290274,0.07317524590155965,0.5057915057915058,0.44029456590287996,0.5738553730137355
commute_adaptive_coarse_4,commute,coarse,4.0,adaptive,8.0,20,80,0.0,0.031840820312500004,0.021565524631076388,0.04219061957465279,3.2907059698677608,3.1389678362683133,3.4397382359679836,3290.70596986776,3138.9678362683126,3439.738235967982,0.08508820354964028,0.07933012671636325,0.09125827219280697,4.4307130705060045,4.353068247596029,4.513894062221986,0.7346354166666667,0.7143229166666667,0.7528776041666668,31.05677083333333,29.454420572916664,32.74276692708333,4.7186944225106044,4.637695748168903,4.796178094739303,0.015625,0.015625,0.015625,0.01649544289870481,0.012487639457065014,0.022096510863267665,0.24041666666666664,0.17075,0.31250868055555553,0.6,0.45,0.8003124999999998,1.0,1.0,1.0,6.2715375,6.255385937499999,6.288677187500001,7.666510625000001,7.572909421875,7.776680296874999,0.07351873705868203,0.06668802212019205,0.08063258483626726,0.18532818532818532,0.14615044247787612,0.2262935148792813
commute_adaptive_bsp_0.05,commute,bsp,0.05,adaptive,8.0,20,80,0.0,0.028172445953207677,0.020079524933345732,0.0364986414026331,3.774769498891787,3.5927134127929103,3.9831536074834997,3774.7694988917874,3592.7134127929094,3983.1536074834994,0.039605968545929106,0.03894445012579074,0.040261323823015074,4.18355145741174,4.048889673286967,4.337934060168769,0.86328125,0.83203125,0.8901041666666666,41.23125,40.14034505208333,42.403378906250005,5.351527544919469,5.315729123890737,5.3899356326367185,0.015625,0.015625,0.015625,0.027969863969675008,0.022076813701241635,0.03461547607020252,0.3770833333333333,0.2985416666666666,0.45479513888888884,1.025,0.8125,1.2625,1.0,1.0,1.0,30.506275000000006,30.451803750000007,30.55424796875,37.834267499999996,37.072524703125,38.607539890625,0.03242896733228115,0.029406427691860994,0.035396767047014235,0.3166023166023166,0.2633537565287264,0.3701932251908397
commute_adaptive_bsp_0.1,commute,bsp,0.1,adaptive,8.0,20,80,0.0,0.038753608677925086,0.03083002710090112,0.048018145525896984,3.3345063328974915,3.158208037627118,3.479798657437967,3334.5063328974916,3158.208037627118,3479.7986574379665,0.06666958273303011,0.06373067536661192,0.06944141137272793,4.1364826644841886,4.013556321237637,4.253516366802125,0.8247395833333334,0.7994791666666666,0.84896484375,35.055729166666666,33.58125,36.62555338541666,4.988551662115762,4.923005288564119,5.053506826409648,0.015625,0.015625,0.015625,0.04862862166246662,0.0402221237821089,0.058022394300779594,0.6124305555555555,0.5323350694444444,0.6916701388888888,1.7625,1.4621875,2.1,1.0,1.0,1.0,30.83464375000001,30.781532187499998,30.902585312499998,39.43237,38.63281029687499,40.17302728124999,0.04530691189186874,0.04072558937009831,0.04954607280710181,0.5444015444015444,0.48287631402370834,0.6050554086176303
commute_adaptive_bsp_0.2,commute,bsp,0.2,adaptive,8.0,20,80,0.0,0.053890327427925086,0.04699898533089451,0.060705693379338406,3.011628125521965,2.911936553110434,3.1060873722345854,3011.6281255219646,2911.936553110434,3106.0873722345864,0.0959529459731063,0.08952936004734387,0.10179916501999309,4.071501936684476,3.974660902899798,4.166326650533863,0.8283854166666667,0.8057291666666668,0.8507877604166668,32.08177083333333,30.20359375,34.13877604166667,4.7279335200543695,4.63126146751824,4.835148137942342,0.015625,0.015625,0.015625,0.060328327400431946,0.0514889410645012,0.0696902499261006,0.7197222222222223,0.6309600694444445,0.8076701388888887,2.1875,1.8621875,2.5375,1.0,1.0,1.0,30.5267875,30.484415468749997,30.569725312499997,39.000598125,38.22985090624999,39.707583546875,0.05495278327551981,0.048693187575408095,0.06027833128980784,0.6756756756756757,0.6283461574997625,0.7279418807752986
commute_adaptive_bsp_0.4,commute,bsp,0.4,adaptive,8.0,20,80,0.0,0.06851700270033068,0.05913892661297134,0.07800101939127319,2.902480721242541,2.7770350715154777,3.049152404916611,2902.4807212425408,2777.0350715154773,3049.1524049166114,0.12266494421359153,0.11258491784681911,0.13208951155286328,4.314211388047001,4.1933136645652045,4.43418511606963,0.76484375,0.74375,0.78671875,29.363541666666663,27.747552083333332,31.210690104166662,4.516307041823088,4.409689964994713,4.636395796899053,0.015625,0.015625,0.015625,0.07747586533484484,0.06767215947666316,0.08961962371049194,0.8939583333333333,0.8387187499999998,0.9439583333333333,2.8125,2.45,3.2503124999999997,1.0,1.0,1.0,30.72589375,30.66770890625,30.787537031249997,38.247415,37.447430609375,39.089863359374995,0.0779806156802498,0.06921080914018223,0.08649828432126884,0.8687258687258688,0.8319565632528351,0.9021408397665223
commute_adaptive_positive_only_0.1,commute,positive_only,0.1,adaptive,8.0,20,80,0.0,0.042041369094591746,0.032058114833932706,0.05225010463169642,3.2377287373567163,3.066260551638821,3.4017482394069742,3237.7287373567165,3066.2605516388207,3401.748239406975,0.07168570724949891,0.06773557026769925,0.07563589902031637,4.12446560169463,3.9910828919452124,4.259772550458969,0.8239583333333333,0.7966080729166666,0.8497395833333334,34.58645833333334,32.932506510416665,36.33639973958333,4.9457672513772355,4.869010984534074,5.0235405088322445,0.015625,0.015625,0.015625,0.04811337428474354,0.04002195231658684,0.056500258510414444,0.6168750000000001,0.5378385416666666,0.6918854166666667,1.75,1.4625,2.05,1.0,1.0,1.0,15.64104375,15.6053859375,15.676478437500002,19.66665625,19.071728906249994,20.2637808125,0.04748294031877861,0.04401635965160169,0.05107433338753134,0.5405405405405406,0.4801473818309612,0.6033057851239669
geolife_fixed_none_1,geolife,none,1.0,fixed,8.0,47,53,0.0,0.1810704608930895,0.12434625186105555,0.24684833127960007,2.0251806252732445,1.7570428027642446,2.276627427102057,8548.450477305043,7418.239164687818,9605.57952420205,0.2167631512967684,0.1858094197660801,0.25334469403860743,2.9334977218241605,2.674372722285475,3.1925600686860536,0.9188829787234044,0.8781028368794327,0.9556737588652482,24.613401300236408,21.583680555555556,27.57893026004728,3.9516636263415936,3.6940491068095853,4.185082629737071,0.015625,0.015625,0.015625,0.10354344715810018,0.09052195148924762,0.1165078649971848,1.0,1.0,1.0,3.673758865248227,3.223404255319149,4.152570921985816,1.0,1.0,1.0,5.085404255319149,5.054958377659573,5.11872885638298,6.684366666666666,6.35717589539007,7.128134645390069,0.1772522133940083,0.1514708499793388,0.20501553566294187,1.0,1.0,1.0
geolife_fixed_random_0.15,geolife,random,0.15,fixed,8.0,47,53,0.0,0.017878716903896717,0.0020125704559833,0.0443139245677981,3.8563970183633636,3.5166477557741422,4.149871046419237,16279.29668317051,14837.459272841957,17528.486275121402,0.03513827066130672,0.026102230946614888,0.04618484292558369,3.9574303686312367,3.8414660016808604,4.045263591277398,0.9499113475177304,0.9255319148936172,0.971199024822695,52.4188829787234,48.99457557624113,55.29837655141844,5.6620138245140135,5.4868911575356485,5.794214174281948,0.015625,0.015625,0.015625,0.017502308406160638,0.011236504363513332,0.024424734543875542,0.32386363636363635,0.21892418789221113,0.44566827697262473,0.624113475177305,0.400531914893617,0.8688829787234043,1.0,1.0,1.0,5.043370567375887,5.023769769503545,5.061864760638299,6.325173936170214,6.2134178723404245,6.4495696276595735,0.041194052430453786,0.025176297828469623,0.064039550386761,0.17326732673267325,0.11916045984455959,0.23560826829991108
geolife_fixed_random_0.3,geolife,random,0.3,fixed,8.0,47,53,0.0,0.041194847434122994,0.018513386455590246,0.07044767000845803,3.516442621391151,3.1466826667451606,3.8657068728651724,14851.179192665932,13277.754033397208,16329.91315468137,0.06109320499270278,0.04526579530349474,0.07950772310787954,3.8552379396304186,3.6825624552619334,4.017171099094859,0.9086879432624114,0.8654643173758866,0.9508255762411345,45.74431146572103,41.49115876182033,49.58362884160756,5.339347731160694,5.109835865925848,5.54626626758558,0.015625,0.015625,0.015625,0.03126544573484262,0.02368820180915936,0.03966322770245658,0.5549242424242425,0.44125374383368565,0.6721044685990338,1.1170212765957446,0.8404255319148937,1.4361702127659575,1.0,1.0,1.0,5.111281914893618,5.088093085106384,5.134118617021278,6.2987515957446805,6.1960599335106386,6.405586276595743,0.0674804478142094,0.049177571732658173,0.09093259340155573,0.3069306930693069,0.23527911164465787,0.37968901079385126
geolife_fixed_random_0.5,geolife,random,0.5,fixed,8.0,47,53,0.0,0.09031755724499771,0.04789358816593309,0.14216773893465626,2.8712985061744556,2.542129752967457,3.1776418326506652,12120.487194309277,10737.115676145862,13432.31655340783,0.11410198143298889,0.0864555463631819,0.14754867880178918,3.5212230920291856,3.2679379038637415,3.7442625942932373,0.9060283687943265,0.8572695035460994,0.9474789450354609,36.322842789598106,32.11220449172578,40.05603390957447,4.791112459894694,4.5164217350331075,5.037417265191959,0.015625,0.015625,0.015625,0.05853534777477018,0.04717432892978783,0.06941258747475047,0.7594696969696971,0.6592550505050505,0.8503886980267794,2.074468085106383,1.6805851063829789,2.4680851063829787,1.0,1.0,1.0,5.093925531914894,5.068753989361702,5.122735505319149,6.416249822695035,6.248827934397163,6.6486100797872325,0.09977191764522335,0.07651702830367121,0.12841169797359192,0.5594059405940595,0.49178695778325837,0.6306901737967915
geolife_fixed_random_0.7,geolife,random,0.7,fixed,8.0,47,53,0.0,0.12800277760973933,0.07267829464221909,0.19345321493666967,2.5064768509369286,2.172145276081615,2.8263961585692985,10582.461955480447,9170.593308627796,11935.99484774717,0.1490010833898225,0.11846188485506473,0.18603129648967884,3.3374112118733765,3.0630678340976423,3.5862957742738137,0.9049202127659575,0.8579343971631205,0.9476950354609929,31.283835697399528,27.416710992907802,34.93380429964539,4.464734914636708,4.184715869381496,4.716249821997852,0.015625,0.015625,0.015625,0.07112062552695925,0.05963872268083924,0.08368798688254359,0.8219696969696971,0.7370219638242893,0.9047754329004329,2.528368794326241,2.1169326241134754,2.9646276595744676,1.0,1.0,1.0,5.098436170212766,5.080203723404255,5.1177873670212755,6.292081737588651,6.178894516843971,6.41421302748227,0.1359544534250566,0.10766821916971456,0.1701308567206045,0.6831683168316832,0.622026366022429,0.7525800908990135
geolife_fixed_rate_2,geolife,rate,2.0,fixed,8.0,47,53,0.0,0.0873789156027568,0.05362195619181207,0.12659360402588196,2.8398584607022714,2.5614906417428576,3.1078060989276577,11989.287198408745,10810.108445881508,13127.034498130975,0.11521991937542012,0.09392248782525577,0.13894213296042768,3.4656952785742803,3.2306020551074703,3.7046588402418212,0.9140070921985815,0.8647883421985815,0.957457890070922,35.57121749408984,31.950295508274227,39.07702792553191,4.738116313690955,4.509441494390182,4.952876479848695,0.015625,0.015625,0.015625,0.047210369958298436,0.03869018993527204,0.056675285972189564,0.6742424242424242,0.5852713178294573,0.7636434108527131,1.6843971631205672,1.3758865248226948,2.021276595744681,1.0,1.0,1.0,5.3418741134751775,5.318952039007092,5.3642585549645405,6.591443971631206,6.495270053191489,6.686431937056738,0.10797738847734609,0.09043671762735306,0.12837003668854527,0.44554455445544555,0.3834911003236246,0.5153446127300614
geolife_fixed_rate_4,geolife,rate,4.0,fixed,8.0,47,53,0.0,0.04387792764961774,0.014511715053301146,0.07942822444997287,3.520314963637194,3.2410183226634124,3.799715861445821,14863.924808733454,13672.184725359299,16042.29003318135,0.06243089458348818,0.04645601297257273,0.08131811734605525,3.8348380547236283,3.648173699179003,4.004197313515471,0.907210401891253,0.8571162086288416,0.9527279107565012,43.545877659574465,39.97761524822695,47.057962101063836,5.25719200923558,5.04250192760537,5.449735931035786,0.015625,0.015625,0.015625,0.02177360315830314,0.015453709552326203,0.029036851008215833,0.37878787878787884,0.26782738095238096,0.4958358739837398,0.7659574468085106,0.5425531914893617,1.0212765957446808,1.0,1.0,1.0,5.409457446808511,5.379914361702129,5.438734840425533,6.688359574468087,6.599048869680851,6.795278178191487,0.07328396176968988,0.05068375172171988,0.09813338308295365,0.20297029702970298,0.15348180795198801,0.26060686653771764
geolife_fixed_rate_8,geolife,rate,8.0,fixed,8.0,47,53,0.0,0.011760310947393037,0.003711037870634355,0.02157265162776807,4.0741740633107,3.7912695484330388,4.3416989091652916,17198.256668329625,15993.361654744229,18333.00702760881,0.03879119675170276,0.02773283095666403,0.054812437906450434,3.9639211715511724,3.849305758467479,4.065853842184542,0.9349143026004726,0.891904920212766,0.9734929078014184,51.33961288416076,48.43294732565012,54.1403479609929,5.61749432524161,5.470689532534434,5.753624647100799,0.015625,0.015625,0.015625,0.009327114175986726,0.004897188733045846,0.01456218493913868,0.19886363636363635,0.10184178743961352,0.31007751937984496,0.3191489361702128,0.1702127659574468,0.48936170212765956,1.0,1.0,1.0,5.382083333333334,5.356182269503547,5.405692375886525,6.871512588652482,6.711878213652483,7.0321157757092205,0.036088790040904845,0.025592431280015482,0.050801079529278315,0.07920792079207921,0.04071939586645469,0.12883930338412825
geolife_fixed_coarse_2,geolife,coarse,2.0,fixed,8.0,47,53,0.0,0.044820794177362726,0.019760046011340487,0.07753619001254836,2.7499082720371097,2.501156177509774,2.9824855993532595,11616.678391031031,10561.67749846007,12609.2763080222,0.08686638079529495,0.07554842795399373,0.10138074991906038,3.3136243451452136,3.1083160403723817,3.4902054155391453,0.9621010638297872,0.9390458776595743,0.98161015070922,32.55651595744681,29.10622783687943,35.67542109929078,4.687385679337438,4.462585523854773,4.871607873065952,0.015625,0.015625,0.015625,0.057438577254639106,0.04805663439774206,0.0670523329679409,0.7405303030303029,0.6553030303030303,0.8222632575757575,2.0354609929078014,1.6913120567375886,2.3865248226950353,1.0,1.0,1.0,6.546539007092201,6.518744326241137,6.577217996453901,7.971705319148936,7.829093550531914,8.13475642287234,0.09353805554634959,0.074273606080593,0.11734755501569416,0.5544554455445545,0.4947798295454546,0.6144042232277527
geolife_fixed_coarse_4,geolife,coarse,4.0,fixed,8.0,47,53,0.0,0.011279305563499327,0.00624192068859783,0.01990403689027587,3.6554072983112595,3.451394030684589,3.8836296388593055,15421.084854488876,14560.029510939888,16384.871834019687,0.027978427062779514,0.024356704938839558,0.031891856134414615,3.913762898569906,3.804331931900883,4.017661123256831,0.9703014184397163,0.9427969858156029,0.9915890957446808,50.30732860520095,46.98048721926714,53.44154661643025,5.60452803643402,5.471700275782463,5.728042706123011,0.015625,0.015625,0.015625,0.020660099798144056,0.014285995810581667,0.02751020911086843,0.39204545454545453,0.28595732029598303,0.5019391380583241,0.7304964539007092,0.5106382978723404,0.9717198581560282,1.0,1.0,1.0,6.5257943262411375,6.499773936170214,6.551764627659576,8.084146985815602,7.811901236702129,8.49495834219858,0.023289349087469116,0.01717047624252068,0.03143946287923109,0.20297029702970298,0.14953150592542633,0.25676640926640926
geolife_fixed_bsp_0.05,geolife,bsp,0.05,fixed,8.0,47,53,0.0,0.008118485185888775,0.003508194418059777,0.016430314190817433,3.858382056388892,3.612412752712781,4.1363281890734065,16300.097369348392,15253.140660797886,17463.592914304158,0.03367340739680522,0.03187713780719361,0.0355991494534914,4.005216048021819,3.88694509208968,4.137378855532943,0.940159574468085,0.8900598404255318,0.9796099290780141,47.00775709219859,44.77633532801419,49.02980385638297,5.5291892262620825,5.463542761285329,5.591457001499583,0.015625,0.015625,0.015625,0.03833056588041383,0.03071223378008648,0.04654820354098748,0.6420454545454546,0.5317953158502392,0.7540020263424518,1.3794326241134753,1.1027482269503548,1.677304964539007,1.0,1.0,1.0,30.73832801418439,30.67257194148937,30.808049822695033,39.697770567375876,38.59436490691489,40.794497464539,0.03184652382642477,0.027447064876475948,0.03763144123789793,0.3712871287128713,0.31794653874241396,0.43120344232729557
geolife_fixed_bsp_0.1,geolife,bsp,0.1,fixed,8.0,47,53,0.0,0.01903095822632971,0.008474229105981931,0.03289804353071762,3.1451527498011163,2.880553957792713,3.416363589969632,13291.163170461292,12166.771272960525,14433.893203008562,0.057576113035992846,0.053199117366334016,0.06185213562224637,3.7566892241496705,3.5654778172084107,3.9692610402666233,0.9182180851063828,0.8649878102836878,0.9654310726950355,36.891843971631204,34.142946586879425,39.543943927304966,5.070469580214608,4.9557913458336715,5.181600904023529,0.015625,0.015625,0.015625,0.05899199199995304,0.049309913113718254,0.0685502370317274,0.7992424242424242,0.7170256342494714,0.8740972222222222,2.102836879432624,1.7659574468085106,2.447074468085106,1.0,1.0,1.0,31.114304964539,30.886772473404257,31.486512544326253,43.35219326241135,41.007094184397154,47.240590771276594,0.05459335139228477,0.04780769253357724,0.06057323453159467,0.5792079207920792,0.518055598647265,0.6322917864397686
geolife_fixed_bsp_0.2,geolife,bsp,0.2,fixed,8.0,47,53,0.0,0.038088856300600785,0.018091005549854874,0.06405945419933053,2.8143482843574024,2.572300719126254,3.0723071251099885,11892.132804005141,10868.32995228256,12990.425289250084,0.07545523071529671,0.06854200236373002,0.08211202520319928,3.581847250063995,3.367701707188995,3.81593393725371,0.926418439716312,0.8703346631205673,0.9723182624113476,33.58399822695036,30.925880984042553,36.20284796099292,4.848661360967485,4.714857717929756,4.974005759825223,0.015625,0.015625,0.015625,0.07583186607031266,0.06510273661230791,0.08604556903464215,0.9090909090909091,0.855072463768116,0.9583333333333334,2.702127659574468,2.3191489361702127,3.0640957446808508,1.0,1.0,1.0,30.696377659574463,30.617164627659577,30.774142021276596,40.940994680851055,39.72866577127659,42.28473466755319,0.08551656540480276,0.07128367022280158,0.10323138175965595,0.7376237623762376,0.686801948051948,0.7828463203463204
geolife_fixed_bsp_0.4,geolife,bsp,0.4,fixed,8.0,47,53,0.0,0.06355735852549853,0.03471681306876424,0.0980848922527388,2.4894097005453437,2.217311822512894,2.7787145360913175,10511.647987604909,9360.29251466505,11738.144547977645,0.11982082521153693,0.10617855832523025,0.13508278160505116,3.33933378114638,3.058131444063952,3.5993656663853417,0.8922872340425531,0.840165115248227,0.9421597960992908,28.30496453900709,25.394869237588654,31.191156914893618,4.414278002762906,4.221614079860355,4.59665613265437,0.015625,0.015625,0.015625,0.08545563934228732,0.0747023833537136,0.09733626993594026,0.9318181818181818,0.8777556818181819,0.9762043189368771,3.046099290780142,2.666312056737589,3.443262411347518,1.0,1.0,1.0,30.817267730496447,30.702231382978727,30.95956263297873,40.94526028368794,39.80663437943262,42.21883022606382,0.12076789984641473,0.10170689972397799,0.14092855855430775,0.8267326732673267,0.7796547856430708,0.8693243577075098
geolife_fixed_positive_only_0.1,geolife,positive_only,0.1,fixed,8.0,47,53,0.0,0.01903095822632971,0.008474229105981931,0.03289804353071762,3.1283821575165405,2.864464528095575,3.4001142155183355,13218.622732450987,12105.48929945711,14372.874293526667,0.05895915894679733,0.05399012293278655,0.06380988818040512,3.74407402428979,3.5467882786062774,3.9655750933781353,0.9186613475177304,0.8654476950354608,0.9658854166666667,36.81959219858156,34.13745567375886,39.452859042553186,5.058801584061377,4.946541729953349,5.171874263449473,0.015625,0.015625,0.015625,0.05894977653220566,0.049513725750661486,0.06830579387427559,0.7992424242424242,0.7110912698412698,0.8798597067745197,2.102836879432624,1.7659574468085106,2.446897163120567,1.0,1.0,1.0,15.567148936170216,15.511383776595746,15.625679255319147,20.726168617021273,19.58631769946808,21.975393124999993,0.055790779018860114,0.04851259220895679,0.06197281665321342,0.5742574257425742,0.5113636363636364,0.6304347826086957
geolife_adaptive_none_1,geolife,none,1.0,adaptive,8.0,47,53,0.0,0.30897800011632776,0.2460262132645516,0.37756968200798363,1.544547526147215,1.3197347986666779,1.7777752836735912,6522.763384477504,5570.616703970026,7514.3249014539115,0.3401862444250164,0.3009281068593043,0.3866490207439079,2.4232955240993137,2.1542918010629584,2.6963905619766786,0.9184397163120566,0.8794270833333334,0.9517065602836878,17.5149231678487,15.516664819739953,19.508699024822697,3.193958052788506,2.9558321939391385,3.415904692867299,0.015625,0.015625,0.015625,0.10354344715810018,0.09052195148924762,0.1165078649971848,1.0,1.0,1.0,3.673758865248227,3.223404255319149,4.152570921985816,1.0,1.0,1.0,5.105673758865249,5.084051595744681,5.127752260638299,6.4092393617021255,6.2686373537234035,6.584498377659576,0.18799994800206024,0.16925985242408956,0.21051401407757137,1.0,1.0,1.0
geolife_adaptive_random_0.15,geolife,random,0.15,adaptive,8.0,47,53,0.0,0.02696836073847295,0.009685353023012445,0.04945499775330271,3.1321600937454663,2.870890705815404,3.4018926662024525,13208.450059903493,12110.090403707949,14352.246245266157,0.03540538121178089,0.027274151857105897,0.0448208528169402,3.9697423035620982,3.862046597081527,4.067067956378412,0.9521276595744681,0.9164394946808511,0.982491134751773,52.58599290780141,49.463364361702126,55.33933399822696,5.673773648664343,5.5290654111336295,5.793263957595558,0.015625,0.015625,0.015625,0.017502308406160638,0.011236504363513332,0.024424734543875542,0.32386363636363635,0.21892418789221113,0.44566827697262473,0.624113475177305,0.400531914893617,0.8688829787234043,1.0,1.0,1.0,5.029982269503545,5.009182092198581,5.050544813829786,6.32284184397163,6.193349791666666,6.472822810283688,0.0488570019485487,0.03247047542803673,0.06863590865253304,0.17326732673267325,0.11916045984455959,0.23560826829991108
geolife_adaptive_random_0.3,geolife,random,0.3,adaptive,8.0,47,53,0.0,0.07209094026447908,0.04434125842611765,0.10153736251122122,2.6764742794019147,2.4230659361051257,2.9368863980204343,11303.715845459974,10236.187902316724,12393.432881098743,0.06918481293766908,0.05415158618284811,0.0858225611057304,3.7648149165537528,3.599681558024473,3.934331810903083,0.9058067375886524,0.8457391400709219,0.9556792996453901,41.88859338061466,38.223040410756504,45.40045065011821,5.18414106354915,4.985092476871004,5.358773644282261,0.015625,0.015625,0.015625,0.03126544573484262,0.02368820180915936,0.03966322770245658,0.5549242424242425,0.44125374383368565,0.6721044685990338,1.1170212765957446,0.8404255319148937,1.4361702127659575,1.0,1.0,1.0,5.095528368794327,5.070294680851065,5.119028102836878,6.30856755319149,6.217406117021276,6.415749680851066,0.08155930797336676,0.06473142356170457,0.10199770308099612,0.3069306930693069,0.23527911164465787,0.37968901079385126
geolife_adaptive_random_0.5,geolife,random,0.5,adaptive,8.0,47,53,0.0,0.1522444909403567,0.10638084667355113,0.20654328649150333,2.1832219798890065,1.962873626487488,2.4214608190015294,9214.105509375479,8284.255511742214,10233.164907727585,0.14260880033872197,0.11318610502938532,0.175687675975663,3.2641188170904103,3.055421001916847,3.466921222787149,0.9198433806146573,0.8811890514184396,0.9567929964539006,31.521424349881794,28.281292479314423,34.49027039007091,4.499040144421386,4.2656820116686145,4.718089573695708,0.015625,0.015625,0.015625,0.05853534777477018,0.04717432892978783,0.06941258747475047,0.7594696969696971,0.6592550505050505,0.8503886980267794,2.074468085106383,1.6805851063829789,2.4680851063829787,1.0,1.0,1.0,5.071069148936171,5.053430186170213,5.089905984042553,6.239983333333334,6.158818585992906,6.323411103723404,0.1385776592180695,0.11130288161958678,0.17032870931740887,0.5594059405940595,0.49178695778325837,0.6306901737967915
geolife_adaptive_random_0.7,geolife,random,0.7,adaptive,8.0,47,53,0.0,0.17944977340660992,0.12989604591216783,0.231121491273459,1.9210323013973454,1.7068993124702707,2.158481447367799,8114.46086796684,7208.104745998541,9119.360870662347,0.21376770417462732,0.18485833884097275,0.24829379937817006,2.985417643554589,2.751187464999241,3.2250663437289626,0.9095744680851063,0.8648049645390071,0.9514683067375886,23.951758274231683,21.50675790484633,26.30186354905438,3.935994544592487,3.711969848528448,4.129759004657646,0.015625,0.015625,0.015625,0.07112062552695925,0.05963872268083924,0.08368798688254359,0.8219696969696971,0.7370219638242893,0.9047754329004329,2.528368794326241,2.1169326241134754,2.9646276595744676,1.0,1.0,1.0,5.080673758865249,5.057434929078014,5.102445744680849,6.323850531914893,6.202448191489363,6.4597382313829765,0.16817668092304044,0.14891302673610682,0.18852284246137305,0.6831683168316832,0.622026366022429,0.7525800908990135
geolife_adaptive_rate_2,geolife,rate,2.0,adaptive,8.0,47,53,0.0,0.13417661067282877,0.09155568753540821,0.18332358064673623,2.386204051466151,2.1234794999646307,2.6739501489493858,10085.976638761755,8966.291435048228,11303.845995193831,0.16464418052349325,0.1366883356897295,0.19295399688998122,3.244491019087581,2.986620423560467,3.4924179955549577,0.9173315602836879,0.8723348847517732,0.9576795212765958,29.41090425531915,25.945794547872335,32.89272495567376,4.3110448914001,4.066818179027194,4.565404193390433,0.015625,0.015625,0.015625,0.047210369958298436,0.03869018993527204,0.056675285972189564,0.6742424242424242,0.5852713178294573,0.7636434108527131,1.6843971631205672,1.3758865248226948,2.021276595744681,1.0,1.0,1.0,5.3148333333333335,5.292810460992907,5.337571409574467,6.548184042553189,6.437042007978723,6.670313736702128,0.1427336935798208,0.11475978122893574,0.1711077759403361,0.44554455445544555,0.3834911003236246,0.5153446127300614
geolife_adaptive_rate_4,geolife,rate,4.0,adaptive,8.0,47,53,0.0,0.04549929364127107,0.023827400778893462,0.0688977438055331,3.3038577365863486,2.990318213643569,3.625498289643178,13949.716553316472,12611.17084223225,15336.02304188661,0.08849145284355812,0.07237895759432755,0.10650707410390314,3.6570876035647033,3.4756624632756554,3.85421940959604,0.9058806146572104,0.8574154107565013,0.9462211879432624,36.87529550827423,33.1206966607565,40.71715056146573,4.902039716131716,4.688804169120583,5.1046250455235,0.015625,0.015625,0.015625,0.02177360315830314,0.015453709552326203,0.029036851008215833,0.37878787878787884,0.26782738095238096,0.4958358739837398,0.7659574468085106,0.5425531914893617,1.0212765957446808,1.0,1.0,1.0,5.310001773049647,5.286420035460994,5.335620079787234,6.770739539007092,6.566479162234041,7.029563342198583,0.08913250738048958,0.07024721667849619,0.10938967190014576,0.20297029702970298,0.15348180795198801,0.26060686653771764
geolife_adaptive_rate_8,geolife,rate,8.0,adaptive,8.0,47,53,0.0,0.012915616365849534,0.004357879203037943,0.02364569494714571,3.882257375986345,3.584699119181822,4.183145027837754,16388.228959075364,15129.164406423259,17666.187735789696,0.04848255651822754,0.03580488162212848,0.06542329170726545,3.94330740871104,3.8002214792552,4.084391671047864,0.9149674940898344,0.8702497044917258,0.9553819444444444,46.4324024822695,42.56727061170212,50.192370345744685,5.3994744358612365,5.206690113564922,5.572845840260411,0.015625,0.015625,0.015625,0.009327114175986726,0.004897188733045846,0.01456218493913868,0.19886363636363635,0.10184178743961352,0.31007751937984496,0.3191489361702128,0.1702127659574468,0.48936170212765956,1.0,1.0,1.0,5.307239361702128,5.286183909574468,5.328601462765957,6.545244858156027,6.41933159574468,6.69974451684397,0.04888827192770862,0.03631786712599656,0.06429670668854957,0.07920792079207921,0.04071939586645469,0.12883930338412825
geolife_adaptive_coarse_2,geolife,coarse,2.0,adaptive,8.0,47,53,0.0,0.14780880969583335,0.09897085104290199,0.20087221893538065,1.8172164625252305,1.6535711325138835,2.0087758146892916,7669.392436302356,6975.942514568187,8481.558380304572,0.1552599069136748,0.1431188755348807,0.16749048615991655,2.7210492534532014,2.5264506521488608,2.921709625754607,0.9530141843971632,0.9264128989361701,0.9765070921985815,20.691563238770687,18.70881353427896,22.789420803782505,3.8006551053934103,3.6379242064682376,3.953338982644395,0.015625,0.015625,0.015625,0.057438577254639106,0.04805663439774206,0.0670523329679409,0.7405303030303029,0.6553030303030303,0.8222632575757575,2.0354609929078014,1.6913120567375886,2.3865248226950353,1.0,1.0,1.0,6.1934787234042545,6.15126529255319,6.23831635638298,7.584978546099291,7.445519481382978,7.744577287234041,0.1614621904482103,0.13399614327340562,0.19174745671284277,0.5544554455445545,0.4947798295454546,0.6144042232277527
geolife_adaptive_coarse_4,geolife,coarse,4.0,adaptive,8.0,47,53,0.0,0.022007341093943485,0.008007466201241138,0.03998957475831643,3.142721535384565,2.9814217537883296,3.2972363239233706,13249.646331808837,12566.6499914648,13911.718548804396,0.067632059642996,0.06030133765725291,0.07603667982426042,3.2778614470308534,3.1644039339109775,3.402180630403868,0.9474734042553191,0.9157746010638298,0.9740802304964539,27.034796099290777,24.4636912677305,29.536923758865242,4.546821862740405,4.421500308776199,4.672696133149377,0.015625,0.015625,0.015625,0.020660099798144056,0.014285995810581667,0.02751020911086843,0.39204545454545453,0.28595732029598303,0.5019391380583241,0.7304964539007092,0.5106382978723404,0.9717198581560282,1.0,1.0,1.0,6.400890070921983,6.37483125,6.429692863475179,7.845998226950353,7.70051155585106,8.005057672872342,0.07013100028892155,0.06058434106795753,0.0829145033381907,0.20297029702970298,0.14953150592542633,0.25676640926640926
geolife_adaptive_bsp_0.05,geolife,bsp,0.05,adaptive,8.0,47,53,0.0,0.010328541877744004,0.0059701106243140005,0.01593766985129601,3.631793264757194,3.3836773354989336,3.9235814245445657,15297.775677042588,14244.174359820003,16544.472348639316,0.04387848406265486,0.042942755178748584,0.04481262429597823,3.764536217054473,3.625594174081442,3.9089156578814177,0.9193262411347518,0.8734375,0.9592309397163122,36.65425531914894,34.19417664007092,39.097323803191486,5.139755571599768,5.062938980573647,5.216111399721384,0.015625,0.015625,0.015625,0.02681515782408342,0.020791190170236996,0.0338020792083157,0.5037878787878788,0.3983468046889771,0.6204134366925064,0.9574468085106383,0.7446808510638298,1.1914893617021276,1.0,1.0,1.0,30.862382978723403,30.781727526595738,30.947310505319148,39.52024078014184,38.51813093085106,40.57535539450353,0.037881694397869335,0.034871288361907685,0.04065039359205077,0.26732673267326734,0.2118180988870644,0.3214484126984127
geolife_adaptive_bsp_0.1,geolife,bsp,0.1,adaptive,8.0,47,53,0.0,0.02365342692054793,0.005958894342319792,0.049006846756213016,2.746684459434308,2.558281464155315,2.9297558735937472,11582.077845456182,10784.580176772672,12348.387559871075,0.07869791858382667,0.07652316103544676,0.08073300315972666,3.296328652217137,3.111513266940685,3.488196259634475,0.9184397163120568,0.8652426861702127,0.961220079787234,25.985815602836883,24.099124556737586,27.89188829787234,4.521524320801313,4.431373807830261,4.617385323310125,0.015625,0.015625,0.015625,0.0518465348430109,0.04227996846882338,0.060992512587531265,0.7632575757575757,0.6666666666666666,0.8518970189701895,1.8687943262411346,1.5317375886524822,2.2093085106382975,1.0,1.0,1.0,30.83022340425532,30.752833776595747,30.916207446808517,41.17285904255319,39.201012247340415,43.694323058510626,0.08386131410840027,0.07480784171637901,0.09893190298304372,0.5247524752475248,0.4456985962014864,0.5904082348812726
geolife_adaptive_bsp_0.2,geolife,bsp,0.2,adaptive,8.0,47,53,0.0,0.09888539212093071,0.05578489413232183,0.14888971847180169,2.1636799977788566,1.922912395624698,2.4183651409425324,9140.429898892895,8121.249301346502,10214.215248075254,0.13635676916210557,0.13000661637670488,0.14193949380659338,3.028495112959956,2.766807724991794,3.3228634034321516,0.9257535460992906,0.8807624113475178,0.965442154255319,22.87204491725769,21.071568410165487,24.832832816193847,4.0923309185469,3.995327035003807,4.195454109737351,0.015625,0.015625,0.015625,0.06176318142427796,0.051096433953181815,0.07170877703827128,0.7973484848484848,0.7054263565891473,0.8809523809523809,2.198581560283688,1.8262411347517729,2.5569148936170207,1.0,1.0,1.0,30.980099290780142,30.83066622340425,31.201228634751768,40.24948138297872,38.966032619680846,41.899144654255316,0.14857820220271942,0.12251641598663715,0.17691514873442696,0.6089108910891089,0.5329580745341614,0.6730978260869566
geolife_adaptive_bsp_0.4,geolife,bsp,0.4,adaptive,8.0,47,53,0.0,0.2016239954209019,0.14413860137501636,0.2587213439931588,1.6439916171727549,1.4533849814160755,1.8473320133196838,6942.114299118885,6137.339432226267,7801.758206370946,0.22386623243222792,0.2102426333755955,0.2363804511193977,2.6269784549704798,2.3945720167962006,2.849083261645468,0.9259751773049645,0.8909519060283688,0.9567874556737588,19.312352245862883,17.15316378546099,21.407140218676126,3.586540712047529,3.419198475819519,3.748035953871515,0.015625,0.015625,0.015625,0.07826685979200593,0.06712559693079545,0.08885416931427229,0.8863636363636364,0.8143829281183932,0.9418604651162791,2.812056737588653,2.393439716312057,3.1986702127659576,1.0,1.0,1.0,30.61238829787234,30.537270611702123,30.693532845744674,39.753035992907805,38.59318749556738,40.92068090425531,0.2160190358462771,0.18986181034658992,0.2421448020830723,0.7673267326732673,0.6961261889844507,0.8305263534291639
geolife_adaptive_positive_only_0.1,geolife,positive_only,0.1,adaptive,8.0,47,53,0.0,0.01636422282283319,0.0038624570239742277,0.03543004725593861,2.561638107509626,2.3871795810872842,2.734200238070576,10812.38976456172,10074.909133638857,11541.27486606837,0.09060154472536558,0.08505122581874858,0.09660049007722697,3.2245517124455736,3.045960503677915,3.4247401088887934,0.918218085106383,0.8674534574468085,0.9618794326241134,24.895242316784866,23.118864509456262,26.823991578014194,4.391618833158789,4.302013835290198,4.4852968371610915,0.015625,0.015625,0.015625,0.04651927233182465,0.03738899661045961,0.05513536093867669,0.7026515151515151,0.6041666666666666,0.7973958333333332,1.6702127659574468,1.3404255319148937,1.9787234042553192,1.0,1.0,1.0,15.890902482269505,15.849769281914895,15.929872562056739,20.58947127659574,19.73526881648936,21.500440172872338,0.08964713340031234,0.08221080480443523,0.09838185457486864,0.4603960396039604,0.3876308107512668,0.5288525132275133
static_adaptive_kl_0.25,static,kl,0.25,adaptive,8.0,20,80,0.0,0.07080363047996976,0.04620866872682233,0.09649704844502906,3.5305910983827844,3.3753361537415203,3.6822159725616928,3530.591098382784,3375.3361537415194,3682.2159725616943,0.08004174617432842,0.07446567238423825,0.08557679766028997,3.4862893566706057,3.368167520745515,3.616743420394597,0.9559895833333334,0.9236979166666666,0.9822981770833332,35.571875,34.48745442708333,36.59094401041667,4.872300186190958,4.817552234578495,4.927805932236609,0.015625,0.015625,0.015625,0.027364354158202275,0.020104837558630722,0.03502990979449023,0.6166666666666666,0.4915624999999999,0.75,1.0,0.7375,1.275,1.0,1.0,1.0,483.87863749999997,482.88766265625,484.9579312500001,501.0033668749999,497.199877671875,506.56559226562507,0.08278310322746214,0.06836332187143246,0.09713000687430003,0.2888086642599278,0.22587842712842712,0.35019335389089445
static_adaptive_kl_0.5,static,kl,0.5,adaptive,8.0,20,80,0.0,0.17543537525687358,0.15414400882966034,0.19856345447358636,2.1118587562327678,1.9634829705739205,2.256439263133525,2111.8587562327675,1963.4829705739207,2256.4392631335254,0.17177827828910722,0.1585374239161761,0.18620855846614412,2.5908572295405086,2.4670064176098356,2.7142236989903434,0.9354166666666668,0.90337890625,0.9671940104166666,22.016927083333332,20.41424479166667,23.714153645833335,3.6832287372804573,3.5491319899223632,3.8025270931346995,0.015625,0.015625,0.015625,0.0546758944273968,0.04296759135982002,0.06598489324133577,0.825,0.7333333333333333,0.9125,1.9625,1.55,2.3628124999999995,1.0,1.0,1.0,481.29447500000003,480.3742474999999,482.2963475,496.34123875000006,494.52162642187494,498.43460246875,0.07054675733482482,0.05836952089313719,0.08290681007126963,0.5667870036101083,0.48706991123965293,0.6428634528016154
static_adaptive_kl_1.0,static,kl,1.0,adaptive,8.0,20,80,0.0,0.3622142434517574,0.31682264384449615,0.41173703730545247,1.5605944154973375,1.415433114731423,1.7007008514944753,1560.5944154973374,1415.4331147314233,1700.7008514944755,0.35802915106862027,0.3227210660506737,0.39718306591594715,2.0652409430292753,1.9132681295427663,2.211552013137231,0.97734375,0.9640559895833334,0.9893229166666666,19.396875,17.588196614583335,21.54375651041667,3.013170154904843,2.8172763720957477,3.208983786934474,0.015625,0.015625,0.015625,0.08106710629977261,0.07068544929275059,0.09207350697031083,0.95,0.8875,1.0,2.9,2.5,3.3125,1.0,1.0,1.0,485.7577187499999,483.58042828125014,489.1795615624999,511.34041687499996,498.6490710625,529.6329562656251,0.09298118948925642,0.08224871070052986,0.1028413198746823,0.8375451263537906,0.7859197324414716,0.8914808226310309
static_adaptive_kl_2.0,static,kl,2.0,adaptive,8.0,20,80,0.0,0.427738805698106,0.37997826313285155,0.4724658202821856,1.3703467367992248,1.2145628162441757,1.5392096798653647,1370.346736799225,1214.5628162441756,1539.2096798653647,0.42635478610744393,0.38156492193665154,0.4701718824777442,1.844254835015186,1.684397632072241,2.026186948446059,0.9716145833333334,0.9463541666666668,0.9911458333333332,17.270052083333333,15.351009114583333,19.67988932291667,2.700373251471883,2.476984365574983,2.9517702823061476,0.015625,0.015625,0.015625,0.09009046112187756,0.07897543514064793,0.10190460878368751,0.9875,0.9625,1.0,3.225,2.8125,3.6753124999999995,1.0,1.0,1.0,479.46420000000006,478.26548187500003,480.7080015625,495.434095625,491.8416949375,500.9326169374999,0.10096413086089222,0.08668517174419405,0.11520194720506996,0.9314079422382672,0.9071408656399362,0.9558823529411765
walk_adaptive_kl_0.25,walk,kl,0.25,adaptive,8.0,20,80,0.0,0.029079163566468252,0.021473777165488594,0.03796138024708581,3.549968359388302,3.361036349487617,3.750993341053321,3549.968359388301,3361.036349487617,3750.9933410533204,0.04625796015032893,0.044060003441240454,0.048466705252295156,3.80097359770174,3.7199511988492113,3.887837078190347,0.9458333333333332,0.9281250000000002,0.9638020833333332,45.35729166666667,44.37461588541667,46.34662760416667,5.466243367390422,5.423541472780747,5.506833408826292,0.015625,0.015625,0.015625,0.02634736947127757,0.01860135938161816,0.035671977350774715,0.34020833333333333,0.24540625,0.44190104166666666,0.9625,0.675,1.3,1.0,1.0,1.0,483.73623749999996,482.28671374999993,485.09536875000003,497.8604856249998,496.3150424374999,499.45706306249986,0.0364880947548505,0.0312291970352109,0.041859185692893645,0.275,0.20414459675272822,0.34555054579971517
walk_adaptive_kl_0.5,walk,kl,0.5,adaptive,8.0,20,80,0.0,0.07613974919394842,0.06048415734023643,0.09367851685216186,2.5639167895178923,2.3740842867493686,2.7618822195620005,2563.916789517892,2374.0842867493684,2761.8822195620005,0.08104355177265479,0.0770821774754383,0.08521005418292393,3.32330790335931,3.221462619615799,3.434677944069627,0.9531250000000002,0.9375000000000002,0.9677083333333332,33.127864583333334,31.603339843750003,34.480664062500004,4.849880460810759,4.779876193682457,4.912663107521407,0.015625,0.015625,0.015625,0.050138488472567855,0.04121375012491341,0.05982081108012885,0.5992361111111111,0.5197864583333334,0.6829166666666666,1.8,1.475,2.15,1.0,1.0,1.0,476.231675,475.45726296875006,477.0863235937501,490.35906812499996,488.53281615625,492.79160034375013,0.07742455667403024,0.06794201112992439,0.08795163101871094,0.5142857142857142,0.454865441417788,0.5709220779220779
walk_adaptive_kl_1.0,walk,kl,1.0,adaptive,8.0,20,80,0.0,0.11441245298032407,0.08956625950727513,0.14530898728143601,2.3341755917072637,2.124711289700884,2.5363091394015,2334.1755917072637,2124.7112897008847,2536.309139401499,0.10968936949784491,0.1003943973916411,0.12060123235530179,3.210550009724842,3.07111342564409,3.325822943018751,0.9588541666666666,0.9450520833333333,0.9726627604166669,31.764062500000005,30.151367187499996,33.20582682291666,4.655948458837016,4.551188147613236,4.744839787189239,0.015625,0.015625,0.015625,0.06975535296678732,0.05872548569045583,0.0816693145786088,0.7940277777777778,0.7177048611111111,0.8592517361111109,2.5,2.1,2.925,1.0,1.0,1.0,478.92239374999997,478.3156149999999,479.5381051562501,495.46234749999996,493.10119501562497,498.44968870312493,0.10272833187271743,0.08859515311668,0.11838985153563814,0.7142857142857143,0.6699881974248928,0.7645206053465804
walk_adaptive_kl_2.0,walk,kl,2.0,adaptive,8.0,20,80,0.0,0.13917667910874504,0.11465846063523066,0.16678792709079535,2.192250485972018,1.975604128547992,2.4113396663110054,2192.250485972019,1975.6041285479926,2411.339666311005,0.1313775410020656,0.12004763752842715,0.14445369171689212,3.107616918896907,2.961699847432887,3.236992871029789,0.95,0.93203125,0.9671940104166666,29.79114583333333,28.20724609375,31.313098958333335,4.491308575893446,4.377474855252868,4.591670131646962,0.015625,0.015625,0.015625,0.08486164945049782,0.0730011296625339,0.09735554700406546,0.9105555555555555,0.8779166666666667,0.9458333333333334,3.0375,2.6125,3.475,1.0,1.0,1.0,475.7495124999999,475.14509921875003,476.41250328124994,490.5946443750001,487.3752310937501,495.92873687499997,0.11447945768987107,0.0989683122221233,0.12973141970056729,0.8678571428571429,0.8299244142101285,0.9068142035508877
commute_adaptive_kl_0.25,commute,kl,0.25,adaptive,8.0,20,80,0.0,0.027746388268849204,0.022145183260478676,0.033876877557663686,4.023488380835888,3.892073512648403,4.161331027251259,4023.4883808358863,3892.073512648403,4161.331027251257,0.0431199012639484,0.040286094838980796,0.0462361532407631,4.181492238344501,4.104340563888472,4.256824327366421,0.8778645833333332,0.8609309895833335,0.8950520833333334,47.655208333333334,46.666881510416665,48.55794270833333,5.557425411998489,5.51801066009506,5.5954291824531905,0.015625,0.015625,0.015625,0.022402011578309386,0.016165650071800153,0.02915854743033435,0.3273611111111111,0.24268229166666663,0.4099374999999999,0.825,0.6,1.0628124999999997,1.0,1.0,1.0,480.6000500000001,479.70197312499994,481.42374953125,504.22615812499987,494.91514123437497,516.8742436718751,0.029986968359356398,0.025622082248046938,0.0344915125295845,0.2548262548262548,0.19634384434753438,0.3076984126984127
commute_adaptive_kl_0.5,commute,kl,0.5,adaptive,8.0,20,80,0.0,0.04443099733382937,0.03449517240978423,0.05493673463851686,3.2675021423595387,3.1780689247006695,3.350742080328997,3267.502142359539,3178.06892470067,3350.7420803289974,0.07211679120712552,0.06760241608202883,0.07716119286803311,4.289083151816557,4.173488192648497,4.3942507893482095,0.80546875,0.7890559895833333,0.8231770833333332,35.87552083333334,34.84100260416666,36.906015625,5.008933679468488,4.94838677727763,5.065415262825206,0.015625,0.015625,0.015625,0.04483116735941232,0.03560997935318767,0.055108448859758095,0.5779861111111111,0.5040225694444446,0.6498750000000001,1.625,1.2996875,1.9753124999999998,1.0,1.0,1.0,475.9448812500001,475.17751078124996,476.71861781249993,499.0154674999999,492.2390506875001,508.71829623437486,0.04921727672302462,0.04354276429848181,0.05507732005355244,0.5019305019305019,0.44955065359477125,0.5468236036476144
commute_adaptive_kl_1.0,commute,kl,1.0,adaptive,8.0,20,80,0.0,0.05148890904017859,0.04180152239118304,0.06132910576068536,3.132490890155414,3.0212986066182226,3.2484316467212335,3132.4908901554145,3021.298606618223,3248.4316467212334,0.09094463582886853,0.08211450851539275,0.1002568329149045,4.2579881663347745,4.123094150436672,4.403186959397757,0.8057291666666668,0.7773372395833333,0.8328255208333333,34.47682291666666,32.47655598958334,36.798027343749986,4.851269025163923,4.738475794100725,4.969210497398636,0.015625,0.015625,0.015625,0.058471757230737643,0.04835999145896481,0.0705749872668899,0.6927777777777778,0.6165156249999999,0.7686944444444443,2.1125,1.75,2.55,1.0,1.0,1.0,479.7606374999999,478.7255340625,480.915245625,497.86374687499995,494.960899625,501.5476271562499,0.057334897673761154,0.05203554500277635,0.062386625243225836,0.6525096525096525,0.5973420599803344,0.7063258027012674
commute_adaptive_kl_2.0,commute,kl,2.0,adaptive,8.0,20,80,0.0,0.05258018357871873,0.04478031920652771,0.06006741451907468,3.1109754510299825,3.0041726212149773,3.213553740903268,3110.9754510299827,3004.1726212149774,3213.5537409032686,0.1062001622914716,0.09563183710383226,0.11639466129184108,4.27901833206671,4.166563587760253,4.395956910119324,0.7890624999999999,0.7614583333333333,0.81615234375,32.24479166666667,30.106015625,34.58988932291667,4.704711412931096,4.5816591373432995,4.831340362732219,0.015625,0.015625,0.015625,0.06870886561262651,0.05809909415295204,0.08138415911957483,0.8129861111111112,0.7531180555555556,0.8668090277777778,2.4875,2.1,2.9375,1.0,1.0,1.0,477.9283374999999,477.09982968749995,478.82754953125004,492.48628625000003,491.09753417187505,493.79502440625004,0.06878022308720816,0.06003497391561931,0.07762802033116942,0.7683397683397684,0.7208201628352491,0.8143025871766029
geolife_adaptive_kl_0.25,geolife,kl,0.25,adaptive,8.0,47,53,0.0,0.007601884392941574,0.004161750873332489,0.01229630129838948,3.7841972073833445,3.576700184456725,3.979438206861188,15966.498778469393,15104.171110164401,16773.761968485112,0.061552531429711385,0.05773101571225603,0.06562353714114194,3.9747291222819454,3.8444839361062884,4.11062388701095,0.9204343971631205,0.8800919769503547,0.9581117021276596,39.17730496453901,37.68167109929078,40.60218306737588,5.220814211049786,5.164647724213582,5.272665489674166,0.015625,0.015625,0.015625,0.02447127979618285,0.018511542921992655,0.03103252939544385,0.4829545454545455,0.36164105594956664,0.6105381258234519,0.8936170212765957,0.6702127659574468,1.1382978723404256,1.0,1.0,1.0,483.3927021276596,482.6994292553193,484.03354800531923,500.1927177304964,497.57173390070926,503.47838941489357,0.055074411825811416,0.050151527110752235,0.059933516579843256,0.24257425742574257,0.19416732712502477,0.292051586445068
geolife_adaptive_kl_0.5,geolife,kl,0.5,adaptive,8.0,47,53,0.0,0.09701307756036812,0.05901455883956716,0.13668811322364346,2.5037255008167794,2.314815473090012,2.696375750799965,10564.280446476092,9765.181505055603,11366.220744581895,0.12363332155980805,0.10804725161018484,0.13891399779528626,3.163592265663473,2.972490709658322,3.3391212202183653,0.9380171394799053,0.8967106235224587,0.9703752955082738,26.642434988179662,24.56928191489362,28.84708185579196,4.359138845856166,4.215443697246999,4.5141346941393925,0.015625,0.015625,0.015625,0.05077118619405452,0.04038823774737039,0.06152812667039899,0.7121212121212122,0.6007456513518624,0.8197751497533474,1.8120567375886525,1.4397163120567378,2.202127659574468,1.0,1.0,1.0,481.40769148936164,480.6485312499999,482.2923243351064,497.471514361702,494.11739097074474,502.7584446409574,0.13566146308297725,0.11531737858227764,0.15950502395499744,0.5148514851485149,0.4136008898065531,0.6085110506349992
geolife_adaptive_kl_1.0,geolife,kl,1.0,adaptive,8.0,47,53,0.0,0.17957117879657772,0.13201033987629107,0.23210831384166034,2.0032804747361572,1.7896075151734803,2.1924868392867625,8457.65858171608,7556.98145754212,9252.532864760879,0.22974065482009928,0.19850436648921913,0.26438931848368713,2.9537662689729496,2.6787194530451814,3.239980457490149,0.9052157210401891,0.8548204787234043,0.9477763002364067,24.58348108747045,21.521435431442075,27.649113475177305,3.8578592786944887,3.617017187283592,4.088433809198211,0.015625,0.015625,0.015625,0.07631362256775673,0.06415684776256293,0.08958310134041227,0.875,0.8049491211840887,0.935195707070707,2.7269503546099294,2.297872340425532,3.209308510638298,1.0,1.0,1.0,480.44989893617026,479.44556356382986,481.47762420212774,508.52910797872335,494.759281968085,528.3627126728722,0.1605923120215704,0.14410612441275208,0.18089059907639557,0.7574257425742574,0.6847746939636978,0.8294582574214983
geolife_adaptive_kl_2.0,geolife,kl,2.0,adaptive,8.0,47,53,0.0,0.2166932835990349,0.1652586232438605,0.2723716101549068,1.7903616063248173,1.5882563513611112,2.000398764635293,7555.041785412321,6705.6956013633435,8430.28277100728,0.2675210007598219,0.23529463879185125,0.3007467410681004,2.803316757758391,2.522131917412831,3.1274455789932465,0.9087618203309693,0.8490580673758865,0.9559729609929078,21.430260047281322,19.096110372340426,24.01542553191489,3.61358432624407,3.4052713080891985,3.837583205874843,0.015625,0.015625,0.015625,0.09077823510605086,0.07781180010678866,0.10383874349221305,0.9280303030303029,0.8825757575757575,0.9692152503293806,3.23758865248227,2.7872340425531914,3.7127659574468086,1.0,1.0,1.0,482.3180106382979,481.57416582446814,483.04613510638285,500.7086515957447,495.34387125000006,508.4178341090426,0.17612054410867442,0.15784007665650338,0.19311347203708165,0.8910891089108911,0.8450666566242374,0.9310462919225319
