hit,error_cells,peak,logloss,covered95,credible95,entropy,seed,user,scenario,condition,method,param,attack,side,prior_hit,legitimate,opportunities,complete,reports,utility,raw_completion,coverage,reward,latency_slots,gate_us_p50,gate_us_p95,cap_violations,alpha_true,alpha_model,move_model
0.45401192632850235,0.8445876982941143,0.23486024247039758,1.5879955355582682,1.0,9.020833333333334,2.837863544394694,10,0,static,static_fixed_none_1,none,1,fixed,8,0.015625,36,3,3,4,1.0,0.08333333333333333,1.0,3,1.0,2.333,3.5606499999999994,0,0.6480000000000001,0.6480000000000001,0
0.08393755041302048,2.590761993647043,0.23017384774758176,2.5125771174109484,1.0,18.729166666666668,3.5141874006375864,10,1,static,static_fixed_none_1,none,1,fixed,8,0.015625,36,3,3,6,1.0,0.08333333333333333,1.0,3,1.0,2.25,3.0794999999999995,0,0.6480000000000001,0.6480000000000001,0
0.005975717447756921,3.719420834262546,0.07614135500417664,3.6888167131965974,1.0,37.645833333333336,5.060204607025991,10,2,static,static_fixed_none_1,none,1,fixed,8,0.015625,36,2,2,2,1.0,0.05555555555555555,1.0,2,1.0,2.25,2.7874999999999996,0,0.6480000000000001,0.6480000000000001,0
0.12283887987012986,1.123197178395838,0.26655173418692746,1.9455946008017833,1.0,9.416666666666666,2.7865400440397696,10,3,static,static_fixed_none_1,none,1,fixed,8,0.015625,36,7,7,9,1.0,0.19444444444444445,1.0,7,1.0,2.1665,2.7482499999999996,0,0.6480000000000001,0.6480000000000001,0
0.16448055625761696,2.0558216109668703,0.08951059335394347,2.6305070370455845,1.0,32.916666666666664,4.671400708517248,11,0,static,static_fixed_none_1,none,1,fixed,8,0.015625,36,3,3,3,1.0,0.08333333333333333,1.0,3,1.0,2.2705,2.7209499999999998,0,0.6480000000000001,0.6480000000000001,0
0.33702859828205156,3.316123525080249,0.26275966292264125,2.506643522063663,1.0,26.854166666666668,3.825773583747544,11,1,static,static_fixed_none_1,none,1,fixed,8,0.015625,36,3,3,4,1.0,0.08333333333333333,1.0,3,1.0,2.292,2.77665,0,0.6480000000000001,0.6480000000000001,0
0.05012212254110323,3.845058109731069,0.05348010562058917,3.5196531155789503,1.0,39.833333333333336,5.0928239590661795,11,2,static,static_fixed_none_1,none,1,fixed,8,0.015625,36,2,2,3,1.0,0.05555555555555555,1.0,2,1.0,2.375,3.6897999999999995,0,0.6480000000000001,0.6480000000000001,0
0.47435628208919267,1.038773960956784,0.3031891307786157,1.6966214360208152,1.0,15.625,3.1320576887129055,11,3,static,static_fixed_none_1,none,1,fixed,8,0.015625,36,6,6,7,1.0,0.16666666666666666,1.0,6,1.0,2.3125,2.6523,0,0.6480000000000001,0.6480000000000001,0
0.00034722222222222224,1.6292708431537222,0.3805939118738568,2.4648964036335257,0.9583333333333334,11.770833333333334,2.630499489653317,12,0,static,static_fixed_none_1,none,1,fixed,8,0.015625,36,5,5,7,1.0,0.1388888888888889,1.0,5,1.0,2.375,3.5396,0,0.6480000000000001,0.6480000000000001,0
0.25161210317460325,1.703311965700513,0.1709617051153882,2.2567066705006407,1.0,29.5,4.110791566884813,12,1,static,static_fixed_none_1,none,1,fixed,8,0.015625,36,3,3,6,1.0,0.08333333333333333,1.0,3,1.0,2.3125,2.77555,0,0.6480000000000001,0.6480000000000001,0
0.49608100868112315,1.3974129453892432,0.3915315110975171,1.7341889851334285,1.0,13.604166666666666,2.6349357571168697,12,2,static,static_fixed_none_1,none,1,fixed,8,0.015625,36,5,5,6,1.0,0.1388888888888889,1.0,5,1.0,2.25,2.6523,0,0.6480000000000001,0.6480000000000001,0
0.17647953897953897,2.4159380181055177,0.12020159497007772,2.4452018448299135,1.0,24.895833333333332,4.184735864126679,12,3,static,static_fixed_none_1,none,1,fixed,8,0.015625,36,3,3,3,1.0,0.08333333333333333,1.0,3,1.0,2.167,2.5129499999999996,0,0.6480000000000001,0.6480000000000001,0
0.0008869263285024154,2.385287573932453,0.028032866876434137,3.800019350482645,1.0,48.5,5.622527698018008,10,0,static,static_fixed_random_0.25,random,0.25,fixed,8,0.015625,36,3,0,1,0.0,0.0,0.0,0,1.0,2.2705,2.9835499999999997,0,0.6480000000000001,0.6480000000000001,0
0.002224211668431735,6.425579918720487,0.023214851454867794,4.22146257427083,1.0,59.8125,5.963714638027305,10,1,static,static_fixed_random_0.25,random,0.25,fixed,8,0.015625,36,3,0,0,0.0,0.0,0.0,0,nan,2.375,2.8193,0,0.6480000000000001,0.6480000000000001,0
0.004373153345192819,3.4338027149485533,0.0222977854524093,4.1136300649907875,1.0,59.3125,5.967756801698513,10,2,static,static_fixed_random_0.25,random,0.25,fixed,8,0.015625,36,2,0,0,0.0,0.0,0.0,0,nan,2.417,2.709,0,0.6480000000000001,0.6480000000000001,0
0.026633522727272724,1.7865163618367086,0.14257469078430068,2.2714699851340683,1.0,11.770833333333334,3.3061197998259906,10,3,static,static_fixed_random_0.25,random,0.25,fixed,8,0.015625,36,7,3,3,0.42857142857142855,0.08333333333333333,1.0,3,1.0,2.3545,3.31655,0,0.6480000000000001,0.6480000000000001,0
0.05169343018924089,3.2507655477196695,0.024546416301553502,3.8054406614170304,1.0,59.020833333333336,5.938802466817339,11,0,static,static_fixed_random_0.25,random,0.25,fixed,8,0.015625,36,3,0,0,0.0,0.0,0.0,0,nan,2.1875,2.6103,0,0.6480000000000001,0.6480000000000001,0
0.28378785754131086,2.469087642630219,0.10964943112211976,3.118211326218096,1.0,41.333333333333336,4.6479919886025,11,1,static,static_fixed_random_0.25,random,0.25,fixed,8,0.015625,36,3,2,2,0.6666666666666666,0.05555555555555555,1.0,2,1.0,2.25,2.55395,0,0.6480000000000001,0.6480000000000001,0
0.012423709842690528,4.633608680223001,0.019702152156565778,4.075367542996905,1.0,59.708333333333336,5.96876216641035,11,2,static,static_fixed_random_0.25,random,0.25,fixed,8,0.015625,36,2,1,1,0.5,0.027777777777777776,1.0,1,1.0,2.125,2.48565,0,0.6480000000000001,0.6480000000000001,0
0.2035229487558593,1.3096072942901174,0.0790678190026702,2.735437608040689,1.0,21.020833333333332,4.2214357363804575,11,3,static,static_fixed_random_0.25,random,0.25,fixed,8,0.015625,36,6,2,2,0.3333333333333333,0.05555555555555555,1.0,2,1.0,2.167,2.87085,0,0.6480000000000001,0.6480000000000001,0
0.00034722222222222224,2.740375828272161,0.05886514021724388,3.1554905336658123,1.0,24.5625,4.533122060439106,12,0,static,static_fixed_random_0.25,random,0.25,fixed,8,0.015625,36,5,2,3,0.4,0.05555555555555555,1.0,2,1.0,2.167,2.61065,0,0.6480000000000001,0.6480000000000001,0
0.11619543650793657,2.0991112768965805,0.02796600182958289,3.684473974982702,1.0,46.916666666666664,5.613779883002355,12,1,static,static_fixed_random_0.25,random,0.25,fixed,8,0.015625,36,3,0,1,0.0,0.0,0.0,0,1.0,2.1045,2.4709499999999998,0,0.6480000000000001,0.6480000000000001,0
0.4861111111111111,2.827633807533104,0.28438151954102736,2.2467671777702485,1.0,26.729166666666668,3.2208200844122037,12,2,static,static_fixed_random_0.25,random,0.25,fixed,8,0.015625,36,5,3,4,0.6,0.08333333333333333,1.0,3,1.0,2.083,2.44365,0,0.6480000000000001,0.6480000000000001,0
0.028211805555555552,6.783660116277692,0.036381169416053925,3.8586313057220174,1.0,55.104166666666664,5.703958508103551,12,3,static,static_fixed_random_0.25,random,0.25,fixed,8,0.015625,36,3,1,1,0.3333333333333333,0.027777777777777776,1.0,1,1.0,2.0835,2.333,0,0.6480000000000001,0.6480000000000001,0
0.051623675872817736,3.54753174970094,0.02899485731353203,3.598814291420201,1.0,51.083333333333336,5.6624917128456325,10,0,static,static_fixed_rate_4,rate,4,fixed,8,0.015625,36,3,1,1,0.3333333333333333,0.027777777777777776,1.0,1,1.0,2.292,3.1502,0,0.6480000000000001,0.6480000000000001,0
0.12650988102440008,2.9290559634291107,0.037123785734389125,3.4038758590761877,1.0,54.416666666666664,5.763781507028132,10,1,static,static_fixed_rate_4,rate,4,fixed,8,0.015625,36,3,0,0,0.0,0.0,0.0,0,nan,2.375,3.9584499999999987,0,0.6480000000000001,0.6480000000000001,0
0.025412694406177872,4.44446708896078,0.020869919725272038,3.873950025411858,1.0,56.5,5.849534074549435,10,2,static,static_fixed_rate_4,rate,4,fixed,8,0.015625,36,2,0,0,0.0,0.0,0.0,0,nan,2.3955,2.7353,0,0.6480000000000001,0.6480000000000001,0
0.028279799628560254,3.013369893236599,0.027133511122622272,3.7008480710183744,1.0,42.833333333333336,5.406127021782701,10,3,static,static_fixed_rate_4,rate,4,fixed,8,0.015625,36,7,2,2,0.2857142857142857,0.05555555555555555,1.0,2,1.0,2.25,2.58365,0,0.6480000000000001,0.6480000000000001,0
0.04619061936287038,3.8845498190209775,0.02724070235896398,3.675866685354531,1.0,53.75,5.76850297694089,11,0,static,static_fixed_rate_4,rate,4,fixed,8,0.015625,36,3,0,0,0.0,0.0,0.0,0,nan,2.292,2.6103,0,0.6480000000000001,0.6480000000000001,0
0.169757326007326,3.604536611387512,0.14942982510016153,3.0672882496266856,1.0,37.75,4.427231241695774,11,1,static,static_fixed_rate_4,rate,4,fixed,8,0.015625,36,3,1,1,0.3333333333333333,0.027777777777777776,1.0,1,1.0,2.2705,2.61065,0,0.6480000000000001,0.6480000000000001,0
0.018869149476360186,4.610678521117765,0.017545730830445097,4.0450033124244555,1.0,57.583333333333336,5.935750234393407,11,2,static,static_fixed_rate_4,rate,4,fixed,8,0.015625,36,2,0,0,0.0,0.0,0.0,0,nan,2.292,2.7622999999999998,0,0.6480000000000001,0.6480000000000001,0
0.040687795642664615,2.907434868303607,0.03518609638872571,3.5832063666074916,1.0,41.833333333333336,5.311756414928223,11,3,static,static_fixed_rate_4,rate,4,fixed,8,0.015625,36,6,2,2,0.3333333333333333,0.05555555555555555,1.0,2,1.0,2.25,2.6376,0,0.6480000000000001,0.6480000000000001,0
0.06290851559873299,3.499660160889693,0.038080590407660896,3.3427968390104947,1.0,33.75,5.101195455566012,12,0,static,static_fixed_rate_4,rate,4,fixed,8,0.015625,36,5,1,1,0.2,0.027777777777777776,1.0,1,1.0,2.2705,2.7874999999999996,0,0.6480000000000001,0.6480000000000001,0
0.020833333333333332,4.336619333388247,0.047155318573189886,3.7848759240263057,1.0,52.75,5.586764961976734,12,1,static,static_fixed_rate_4,rate,4,fixed,8,0.015625,36,3,0,0,0.0,0.0,0.0,0,nan,2.2085,2.6372999999999998,0,0.6480000000000001,0.6480000000000001,0
0.14583333333333334,2.5992051071133417,0.16131577391532392,2.6156909697871202,1.0,27.333333333333332,3.6093779910904273,12,2,static,static_fixed_rate_4,rate,4,fixed,8,0.015625,36,5,2,2,0.4,0.05555555555555555,1.0,2,1.0,2.2915,2.7773,0,0.6480000000000001,0.6480000000000001,0
0.07163530967533303,4.149522364514394,0.045605945026031075,3.4410307109201965,1.0,48.916666666666664,5.4185200866320296,12,3,static,static_fixed_rate_4,rate,4,fixed,8,0.015625,36,3,2,2,0.6666666666666666,0.05555555555555555,1.0,2,1.0,2.25,2.56865,0,0.6480000000000001,0.6480000000000001,0
0.08389982413419912,2.2689249882175617,0.045235132956371805,3.184247280015543,1.0,45.083333333333336,5.364751524908587,10,0,static,static_fixed_coarse_2,coarse,2,fixed,8,0.015625,36,3,2,2,0.6666666666666666,0.05555555555555555,1.0,2,1.0,2.375,3.0374999999999996,0,0.6480000000000001,0.6480000000000001,0
0.021180555555555553,5.8823177350651115,0.051261587262043495,3.897711119978618,1.0,45.416666666666664,5.292031933080378,10,1,static,static_fixed_coarse_2,coarse,2,fixed,8,0.015625,36,3,2,3,0.6666666666666666,0.05555555555555555,1.0,2,1.0,2.25,2.5669,0,0.6480000000000001,0.6480000000000001,0
0.005326704545454545,4.624259529314176,0.03558818243148439,4.437914290861788,1.0,43.458333333333336,5.414815437533183,10,2,static,static_fixed_coarse_2,coarse,2,fixed,8,0.015625,36,2,1,1,0.5,0.027777777777777776,1.0,1,1.0,2.208,2.55395,0,0.6480000000000001,0.6480000000000001,0
0.015950520833333332,2.460665738822293,0.10041822966136814,3.373466073782956,0.5833333333333334,15.979166666666666,3.8340782636038866,10,3,static,static_fixed_coarse_2,coarse,2,fixed,8,0.015625,36,7,3,3,0.42857142857142855,0.08333333333333333,1.0,3,1.0,2.2295,2.5955999999999997,0,0.6480000000000001,0.6480000000000001,0
0.056315104166666664,2.4072305241636243,0.04061520333743543,3.302342445041557,1.0,38.354166666666664,5.210115093161275,11,0,static,static_fixed_coarse_2,coarse,2,fixed,8,0.015625,36,3,1,1,0.3333333333333333,0.027777777777777776,1.0,1,1.0,2.125,2.78925,0,0.6480000000000001,0.6480000000000001,0
0.1108783143939394,2.686149196698702,0.10473964888366831,2.8421098921727794,1.0,31.8125,4.288339906013261,11,1,static,static_fixed_coarse_2,coarse,2,fixed,8,0.015625,36,3,2,2,0.6666666666666666,0.05555555555555555,1.0,2,1.0,2.2085,2.625,0,0.6480000000000001,0.6480000000000001,0
0.035215435606060594,3.520730356892585,0.03347259658053439,3.6104820720613877,0.9583333333333334,42.1875,5.331886520299878,11,2,static,static_fixed_coarse_2,coarse,2,fixed,8,0.015625,36,2,2,3,1.0,0.05555555555555555,1.0,2,1.0,2.1665,2.7455,0,0.6480000000000001,0.6480000000000001,0
0.07501311622405377,1.9998878718998168,0.06900191375717975,2.7638876381560213,1.0,19.583333333333332,4.118347551816568,11,3,static,static_fixed_coarse_2,coarse,2,fixed,8,0.015625,36,6,4,4,0.6666666666666666,0.1111111111111111,1.0,4,1.0,2.229,2.5683000000000002,0,0.6480000000000001,0.6480000000000001,0
0.14440104166666667,1.6407098973473186,0.0954347427493767,2.4706528559986807,1.0,18.291666666666668,3.9947338763884486,12,0,static,static_fixed_coarse_2,coarse,2,fixed,8,0.015625,36,5,3,4,0.6,0.08333333333333333,1.0,3,1.0,2.208,2.8459499999999998,0,0.6480000000000001,0.6480000000000001,0
0.22395833333333334,1.1592616901474675,0.06787568748479196,2.7448831665061815,1.0,41.479166666666664,5.218449767101464,12,1,static,static_fixed_coarse_2,coarse,2,fixed,8,0.015625,36,3,2,3,0.6666666666666666,0.05555555555555555,1.0,2,1.0,2.209,2.52665,0,0.6480000000000001,0.6480000000000001,0
0.04547427398989897,3.3842430032869557,0.043193299776715065,3.445800123838604,1.0,39.916666666666664,5.027670815405782,12,2,static,static_fixed_coarse_2,coarse,2,fixed,8,0.015625,36,5,2,3,0.4,0.05555555555555555,1.0,2,1.0,2.208,2.6103,0,0.6480000000000001,0.6480000000000001,0
0.08003472222222223,2.408057960177354,0.053295729858460844,3.019619436057736,1.0,29.083333333333332,4.808974156846764,12,3,static,static_fixed_coarse_2,coarse,2,fixed,8,0.015625,36,3,2,2,0.6666666666666666,0.05555555555555555,1.0,2,1.0,2.1045,2.52665,0,0.6480000000000001,0.6480000000000001,0
0.16701388888888888,1.7275474672272335,0.05768493195373173,2.990104821166651,1.0,44.333333333333336,5.318313184212256,10,0,static,static_fixed_positive_only_0.1,positive_only,0.1,fixed,8,0.015625,36,3,2,3,0.6666666666666666,0.05555555555555555,1.0,2,1.0,8.667,12.166649999999997,0,0.6480000000000001,0.6480000000000001,0
0.09433903769841272,3.0965784330233923,0.059756542728593744,2.920786342787411,1.0,27.6875,4.6286992292314855,10,1,static,static_fixed_positive_only_0.1,positive_only,0.1,fixed,8,0.015625,36,3,2,3,0.6666666666666666,0.05555555555555555,1.0,2,1.0,8.6045,9.2479,0,0.6480000000000001,0.6480000000000001,0
0.056175595238095226,3.2157271068363937,0.04233162868755324,3.3598106103612326,1.0,43.0625,5.342629299911631,10,2,static,static_fixed_positive_only_0.1,positive_only,0.1,fixed,8,0.015625,36,2,2,2,1.0,0.05555555555555555,1.0,2,1.0,8.5205,9.2329,0,0.6480000000000001,0.6480000000000001,0
0.07806299603174609,1.723132937667715,0.07806299603174609,2.5709396433924425,1.0,13.625,3.7090818739471185,10,3,static,static_fixed_positive_only_0.1,positive_only,0.1,fixed,8,0.015625,36,7,5,5,0.7142857142857143,0.1388888888888889,1.0,5,1.0,8.5,9.0956,0,0.6480000000000001,0.6480000000000001,0
0.04749813988095238,2.492630582596926,0.03855453322509223,3.322773951630199,1.0,36.854166666666664,5.1776513158263455,11,0,static,static_fixed_positive_only_0.1,positive_only,0.1,fixed,8,0.015625,36,3,3,3,1.0,0.08333333333333333,1.0,3,1.0,8.4795,9.104049999999999,0,0.6480000000000001,0.6480000000000001,0
0.0028211805555555555,5.140358437270552,0.07091666999763362,3.6910505480891245,1.0,42.4375,5.259475790172445,11,1,static,static_fixed_positive_only_0.1,positive_only,0.1,fixed,8,0.015625,36,3,1,1,0.3333333333333333,0.027777777777777776,1.0,1,1.0,8.5625,9.1079,0,0.6480000000000001,0.6480000000000001,0
0.034939236111111105,3.5553369090558413,0.03321053571364396,3.623366840555315,0.9583333333333334,42.729166666666664,5.352406929909833,11,2,static,static_fixed_positive_only_0.1,positive_only,0.1,fixed,8,0.015625,36,2,2,3,1.0,0.05555555555555555,1.0,2,1.0,8.4165,9.125,0,0.6480000000000001,0.6480000000000001,0
0.162109375,1.6073715362792431,0.08988174854085607,2.5715137597708426,1.0,21.0625,4.14511125950863,11,3,static,static_fixed_positive_only_0.1,positive_only,0.1,fixed,8,0.015625,36,6,5,5,0.8333333333333334,0.1388888888888889,1.0,5,1.0,8.5,9.125,0,0.6480000000000001,0.6480000000000001,0
0.07009548611111115,1.9727443735301733,0.07009548611111115,2.737475402769457,1.0,17.395833333333332,3.949342188131015,12,0,static,static_fixed_positive_only_0.1,positive_only,0.1,fixed,8,0.015625,36,5,4,6,0.8,0.1111111111111111,1.0,4,1.0,8.4795,9.083,0,0.6480000000000001,0.6480000000000001,0
0.14583333333333326,2.7392160687000584,0.05003910234054565,3.0278550632565646,1.0,43.395833333333336,5.379663345455026,12,1,static,static_fixed_positive_only_0.1,positive_only,0.1,fixed,8,0.015625,36,3,2,3,0.6666666666666666,0.05555555555555555,1.0,2,1.0,8.4795,9.558549999999999,0,0.6480000000000001,0.6480000000000001,0
0.003472222222222222,3.3111706170163693,0.0879723184500899,3.4376727812214782,1.0,25.520833333333332,4.551832866161934,12,2,static,static_fixed_positive_only_0.1,positive_only,0.1,fixed,8,0.015625,36,5,4,4,0.8,0.1111111111111111,1.0,4,1.0,8.5,9.2455,0,0.6480000000000001,0.6480000000000001,0
0.055989583333333336,2.952677593485589,0.04553915485695512,3.2214502074462357,1.0,31.375,4.929789327744145,12,3,static,static_fixed_positive_only_0.1,positive_only,0.1,fixed,8,0.015625,36,3,2,2,0.6666666666666666,0.05555555555555555,1.0,2,1.0,8.459,9.175099999999999,0,0.6480000000000001,0.6480000000000001,0
0.016189236111111116,4.100783453476477,0.03241930678829719,3.7082347217346014,1.0,47.354166666666664,5.521033170304964,10,0,static,static_fixed_bsp_0.05,bsp,0.05,fixed,8,0.015625,36,3,2,3,0.6666666666666666,0.05555555555555555,1.0,2,1.0,17.0835,19.33915,0,0.6480000000000001,0.6480000000000001,0
0.0375434027777778,3.4356495761706594,0.03858506944444447,3.3012613939926063,1.0,27.75,4.7617607712240435,10,1,static,static_fixed_bsp_0.05,bsp,0.05,fixed,8,0.015625,36,3,2,2,0.6666666666666666,0.05555555555555555,1.0,2,1.0,16.917,18.04595,0,0.6480000000000001,0.6480000000000001,0
0.0547236689814815,3.1532939694748428,0.03060517707452803,3.5502511848689378,1.0,47.3125,5.523298625357739,10,2,static,static_fixed_bsp_0.05,bsp,0.05,fixed,8,0.015625,36,2,1,1,0.5,0.027777777777777776,1.0,1,1.0,16.7295,17.9851,0,0.6480000000000001,0.6480000000000001,0
0.04525669642857144,1.963283518475989,0.04321704057414107,3.1871960069906504,1.0,27.208333333333332,4.676806364099334,10,3,static,static_fixed_bsp_0.05,bsp,0.05,fixed,8,0.015625,36,7,2,3,0.2857142857142857,0.05555555555555555,1.0,2,1.0,16.708,17.6646,0,0.6480000000000001,0.6480000000000001,0
0.01543898809523809,2.8943662156241547,0.036332967292999334,3.663099150344515,1.0,48.375,5.5080733686535455,11,0,static,static_fixed_bsp_0.05,bsp,0.05,fixed,8,0.015625,36,3,2,2,0.6666666666666666,0.05555555555555555,1.0,2,1.0,16.6665,17.34145,0,0.6480000000000001,0.6480000000000001,0
0.0028211805555555555,5.634799854978834,0.0405627264492754,4.130157364868567,1.0,47.041666666666664,5.5037409221716915,11,1,static,static_fixed_bsp_0.05,bsp,0.05,fixed,8,0.015625,36,3,1,1,0.3333333333333333,0.027777777777777776,1.0,1,1.0,16.6455,17.96885,0,0.6480000000000001,0.6480000000000001,0
0.020117187500000012,4.252218162200557,0.018028349983487457,4.025486904452843,0.4791666666666667,59.5625,5.933411032693236,11,2,static,static_fixed_bsp_0.05,bsp,0.05,fixed,8,0.015625,36,2,1,2,0.5,0.027777777777777776,1.0,1,1.0,16.7295,17.7749,0,0.6480000000000001,0.6480000000000001,0
0.033528645833333336,3.1006028340537157,0.03230637323522777,3.8539283996395626,1.0,47.791666666666664,5.482687987238979,11,3,static,static_fixed_bsp_0.05,bsp,0.05,fixed,8,0.015625,36,6,3,3,0.5,0.08333333333333333,1.0,3,1.0,16.4585,17.81655,0,0.6480000000000001,0.6480000000000001,0
0.03971354166666669,2.7474558167808376,0.03971354166666669,3.2478028484134343,1.0,25.541666666666668,4.685589063191111,12,0,static,static_fixed_bsp_0.05,bsp,0.05,fixed,8,0.015625,36,5,3,3,0.6,0.08333333333333333,1.0,3,1.0,16.75,18.1772,0,0.6480000000000001,0.6480000000000001,0
0.024739583333333332,3.5122854216640174,0.04536620460440988,3.279520372584948,1.0,47.1875,5.454063173082676,12,1,static,static_fixed_bsp_0.05,bsp,0.05,fixed,8,0.015625,36,3,2,3,0.6666666666666666,0.05555555555555555,1.0,2,1.0,16.7295,18.16425,0,0.6480000000000001,0.6480000000000001,0
0.0013020833333333333,4.858709493061778,0.035132193033102374,4.335065346710555,1.0,60.0625,5.846496670123639,12,2,static,static_fixed_bsp_0.05,bsp,0.05,fixed,8,0.015625,36,5,2,2,0.4,0.05555555555555555,1.0,2,1.0,16.7295,17.8022,0,0.6480000000000001,0.6480000000000001,0
0.04503038194444443,3.1792001255332187,0.03767817191108547,3.4172850231632625,1.0,34.416666666666664,5.061059390261723,12,3,static,static_fixed_bsp_0.05,bsp,0.05,fixed,8,0.015625,36,3,2,2,0.6666666666666666,0.05555555555555555,1.0,2,1.0,16.479,17.71295,0,0.6480000000000001,0.6480000000000001,0
0.16701388888888888,1.7275474672272335,0.057376412327600816,2.993134278376895,1.0,44.416666666666664,5.323613808361011,10,0,static,static_fixed_bsp_0.1,bsp,0.1,fixed,8,0.015625,36,3,2,3,0.6666666666666666,0.05555555555555555,1.0,2,1.0,17.0,18.71435,0,0.6480000000000001,0.6480000000000001,0
0.09136284722222222,3.173959385404345,0.06009328540688572,2.92467825158047,1.0,27.729166666666668,4.632454348256505,10,1,static,static_fixed_bsp_0.1,bsp,0.1,fixed,8,0.015625,36,3,2,2,0.6666666666666666,0.05555555555555555,1.0,2,1.0,17.2085,21.741449999999997,0,0.6480000000000001,0.6480000000000001,0
0.056175595238095226,3.2157271068363937,0.04233162868755324,3.3598106103612326,1.0,43.0625,5.342629299911631,10,2,static,static_fixed_bsp_0.1,bsp,0.1,fixed,8,0.015625,36,2,2,2,1.0,0.05555555555555555,1.0,2,1.0,16.917,18.13345,0,0.6480000000000001,0.6480000000000001,0
0.07806299603174609,1.723132937667715,0.07806299603174609,2.5709396433924425,1.0,13.625,3.7090818739471185,10,3,static,static_fixed_bsp_0.1,bsp,0.1,fixed,8,0.015625,36,7,5,5,0.7142857142857143,0.1388888888888889,1.0,5,1.0,16.6875,18.2318,0,0.6480000000000001,0.6480000000000001,0
0.04749813988095238,2.492630582596926,0.03855453322509223,3.322773951630199,1.0,36.854166666666664,5.1776513158263455,11,0,static,static_fixed_bsp_0.1,bsp,0.1,fixed,8,0.015625,36,3,3,3,1.0,0.08333333333333333,1.0,3,1.0,16.833,17.760199999999998,0,0.6480000000000001,0.6480000000000001,0
0.0028211805555555555,5.140358437270552,0.07023736186341424,3.6969300918480053,1.0,42.541666666666664,5.268317695658119,11,1,static,static_fixed_bsp_0.1,bsp,0.1,fixed,8,0.015625,36,3,1,1,0.3333333333333333,0.027777777777777776,1.0,1,1.0,16.896,17.69155,0,0.6480000000000001,0.6480000000000001,0
0.034939236111111105,3.5553369090558413,0.03321053571364396,3.623366840555315,0.9583333333333334,42.729166666666664,5.352406929909833,11,2,static,static_fixed_bsp_0.1,bsp,0.1,fixed,8,0.015625,36,2,2,3,1.0,0.05555555555555555,1.0,2,1.0,16.75,17.4853,0,0.6480000000000001,0.6480000000000001,0
0.162109375,1.6073715362792431,0.07773437500000005,2.6814984759290437,1.0,21.0625,4.206084553374142,11,3,static,static_fixed_bsp_0.1,bsp,0.1,fixed,8,0.015625,36,6,5,5,0.8333333333333334,0.1388888888888889,1.0,5,1.0,16.7085,17.40055,0,0.6480000000000001,0.6480000000000001,0
0.07009548611111115,1.9727443735301733,0.07009548611111115,2.737475402769457,1.0,17.395833333333332,3.949342188131015,12,0,static,static_fixed_bsp_0.1,bsp,0.1,fixed,8,0.015625,36,5,4,6,0.8,0.1111111111111111,1.0,4,1.0,16.5835,17.893649999999997,0,0.6480000000000001,0.6480000000000001,0
0.14583333333333326,2.7392160687000584,0.05003910234054565,3.0278550632565646,1.0,43.395833333333336,5.379663345455026,12,1,static,static_fixed_bsp_0.1,bsp,0.1,fixed,8,0.015625,36,3,2,3,0.6666666666666666,0.05555555555555555,1.0,2,1.0,16.875,18.5,0,0.6480000000000001,0.6480000000000001,0
0.0,3.3697777174175947,0.09075009622786767,3.47018545532014,1.0,25.833333333333332,4.568158923496782,12,2,static,static_fixed_bsp_0.1,bsp,0.1,fixed,8,0.015625,36,5,3,3,0.6,0.08333333333333333,1.0,3,1.0,17.375,21.1374,0,0.6480000000000001,0.6480000000000001,0
0.055989583333333336,2.952677593485589,0.04553915485695512,3.2214502074462357,1.0,31.375,4.929789327744145,12,3,static,static_fixed_bsp_0.1,bsp,0.1,fixed,8,0.015625,36,3,2,2,0.6666666666666666,0.05555555555555555,1.0,2,1.0,16.875,18.04025,0,0.6480000000000001,0.6480000000000001,0
0.16059027777777787,1.6074708790084322,0.14372638225934775,1.9893477607497736,1.0,10.041666666666666,3.0282071545386766,10,0,static,static_fixed_bsp_0.2,bsp,0.2,fixed,8,0.015625,36,3,3,4,1.0,0.08333333333333333,1.0,3,1.0,16.979,19.179049999999997,0,0.6480000000000001,0.6480000000000001,0
0.13823784722222224,2.486459385404345,0.08551875489045378,2.678078620352107,1.0,23.854166666666668,4.278546001688619,10,1,static,static_fixed_bsp_0.2,bsp,0.2,fixed,8,0.015625,36,3,2,4,0.6666666666666666,0.05555555555555555,1.0,2,1.0,16.666,17.885199999999998,0,0.6480000000000001,0.6480000000000001,0
0.056175595238095226,3.2157271068363937,0.04233162868755324,3.3598106103612326,1.0,43.0625,5.342629299911631,10,2,static,static_fixed_bsp_0.2,bsp,0.2,fixed,8,0.015625,36,2,2,2,1.0,0.05555555555555555,1.0,2,1.0,16.916,17.5546,0,0.6480000000000001,0.6480000000000001,0
0.017299107142857144,1.6934788290947713,0.15692301098669612,2.7293103399141465,0.9583333333333334,11.520833333333334,3.2833821777804215,10,3,static,static_fixed_bsp_0.2,bsp,0.2,fixed,8,0.015625,36,7,5,6,0.7142857142857143,0.1388888888888889,1.0,5,1.0,16.7295,18.10615,0,0.6480000000000001,0.6480000000000001,0
0.07702442956349204,2.376732988692794,0.04839200881854228,3.1415985354341056,1.0,35.854166666666664,5.104957895149856,11,0,static,static_fixed_bsp_0.2,bsp,0.2,fixed,8,0.015625,36,3,3,3,1.0,0.08333333333333333,1.0,3,1.0,16.542,17.2626,0,0.6480000000000001,0.6480000000000001,0
0.003383645124716553,5.004295876391042,0.07983482354942317,3.5803452246843075,1.0,40.166666666666664,5.1297066625705074,11,1,static,static_fixed_bsp_0.2,bsp,0.2,fixed,8,0.015625,36,3,2,2,0.6666666666666666,0.05555555555555555,1.0,2,1.0,16.7295,18.2728,0,0.6480000000000001,0.6480000000000001,0
0.03980034722222224,3.4514560432273016,0.036680416884671406,3.5569574710865086,0.9583333333333334,41.5,5.2807781342613795,11,2,static,static_fixed_bsp_0.2,bsp,0.2,fixed,8,0.015625,36,2,2,3,1.0,0.05555555555555555,1.0,2,1.0,16.75,17.6523,0,0.6480000000000001,0.6480000000000001,0
0.17599826388888887,1.6073715362792431,0.09663704469303935,2.5235667476955475,1.0,20.5625,4.075938342962156,11,3,static,static_fixed_bsp_0.2,bsp,0.2,fixed,8,0.015625,36,6,6,6,1.0,0.16666666666666666,1.0,6,1.0,16.8545,18.7477,0,0.6480000000000001,0.6480000000000001,0
0.0989149305555556,1.7119898885517022,0.0850835337838618,2.5629195535450857,1.0,16.3125,3.8569594039133865,12,0,static,static_fixed_bsp_0.2,bsp,0.2,fixed,8,0.015625,36,5,4,6,0.8,0.1111111111111111,1.0,4,1.0,16.667,17.579150000000002,0,0.6480000000000001,0.6480000000000001,0
0.16041666666666668,2.5309512999956643,0.0555149125797438,2.9370242834929985,1.0,40.916666666666664,5.286245264511959,12,1,static,static_fixed_bsp_0.2,bsp,0.2,fixed,8,0.015625,36,3,2,4,0.6666666666666666,0.05555555555555555,1.0,2,1.0,16.8545,21.760199999999994,0,0.6480000000000001,0.6480000000000001,0
0.08043981481481478,2.7730820996792502,0.09824740462388852,2.8500173123205492,1.0,20.479166666666668,4.11507961206841,12,2,static,static_fixed_bsp_0.2,bsp,0.2,fixed,8,0.015625,36,5,3,4,0.6,0.08333333333333333,1.0,3,1.0,16.708,18.1898,0,0.6480000000000001,0.6480000000000001,0
0.0917534722222222,2.699201901590017,0.06553403770538775,2.935717072102993,1.0,29.520833333333332,4.698767859152679,12,3,static,static_fixed_bsp_0.2,bsp,0.2,fixed,8,0.015625,36,3,2,2,0.6666666666666666,0.05555555555555555,1.0,2,1.0,16.5625,17.623250000000002,0,0.6480000000000001,0.6480000000000001,0
0.7543591485507246,0.4487543649607814,0.8115302339248167,0.5080878338033595,1.0,4.125,0.6808768050077104,10,0,static,static_adaptive_none_1,none,1,adaptive,8,0.015625,36,3,3,5,1.0,0.08333333333333333,1.0,3,1.0,2.2915,3.2626,0,0.6480000000000001,0.6480000000000001,0
0.7559785064506354,0.6680495982547113,0.7465191703481014,0.6958316724858418,1.0,6.625,1.0381504561849535,10,1,static,static_adaptive_none_1,none,1,adaptive,8,0.015625,36,3,3,6,1.0,0.08333333333333333,1.0,3,1.0,2.125,2.5545999999999998,0,0.6480000000000001,0.6480000000000001,0
0.15330500211934037,3.0920533933818484,0.1160782385677271,3.152292842556554,1.0,34.208333333333336,4.706155706098413,10,2,static,static_adaptive_none_1,none,1,adaptive,8,0.015625,36,2,2,3,1.0,0.05555555555555555,1.0,2,1.0,2.2085,2.6498999999999997,0,0.6480000000000001,0.6480000000000001,0
0.7634796626984127,0.3688802737818569,0.6594829382994031,0.7011540878243995,1.0,4.979166666666667,1.3339599190503535,10,3,static,static_adaptive_none_1,none,1,adaptive,8,0.015625,36,7,7,8,1.0,0.19444444444444445,1.0,7,1.0,2.125,2.4146,0,0.6480000000000001,0.6480000000000001,0
0.7319128850761437,0.8859376749663448,0.6719513685326746,0.9943486289082712,1.0,14.4375,1.7315211386082072,11,0,static,static_adaptive_none_1,none,1,adaptive,8,0.015625,36,3,3,6,1.0,0.08333333333333333,1.0,3,1.0,2.2085,2.3879499999999996,0,0.6480000000000001,0.6480000000000001,0
0.3136588719922054,2.539807239499425,0.21364262609186413,2.451295574214363,1.0,22.9375,3.679837388378075,11,1,static,static_adaptive_none_1,none,1,adaptive,8,0.015625,36,3,3,4,1.0,0.08333333333333333,1.0,3,1.0,2.125,2.4023,0,0.6480000000000001,0.6480000000000001,0
0.21299489734828517,1.8555298281741504,0.41580220724108924,2.75615668729561,0.9166666666666666,23.625,3.124114645769984,11,2,static,static_adaptive_none_1,none,1,adaptive,8,0.015625,36,2,2,6,1.0,0.05555555555555555,1.0,2,1.0,2.166,2.42895,0,0.6480000000000001,0.6480000000000001,0
0.6793887105860529,0.6837739519680893,0.5877460446404955,1.075125307602409,1.0,11.0,1.8935520614439412,11,3,static,static_adaptive_none_1,none,1,adaptive,8,0.015625,36,6,6,7,1.0,0.16666666666666666,1.0,6,1.0,2.167,2.44395,0,0.6480000000000001,0.6480000000000001,0
0.44826388888888885,1.3113081144667385,0.4428346189904718,1.938248046203814,0.8541666666666666,11.354166666666666,2.3909279763722373,12,0,static,static_adaptive_none_1,none,1,adaptive,8,0.015625,36,5,5,7,1.0,0.1388888888888889,1.0,5,1.0,2.1875,2.375,0,0.6480000000000001,0.6480000000000001,0
0.7604166666666666,0.5429809515651508,0.7365515985903403,0.7140293852482368,1.0,10.5,1.2727043891694683,12,1,static,static_adaptive_none_1,none,1,adaptive,8,0.015625,36,3,3,6,1.0,0.08333333333333333,1.0,3,1.0,2.125,2.42895,0,0.6480000000000001,0.6480000000000001,0
0.2942708333333333,1.3584765354360115,0.41921533413730194,1.954647049747803,1.0,10.458333333333334,2.339106860080119,12,2,static,static_adaptive_none_1,none,1,adaptive,8,0.015625,36,5,5,7,1.0,0.1388888888888889,1.0,5,1.0,2.208,2.5122999999999998,0,0.6480000000000001,0.6480000000000001,0
0.37298566595441596,1.6018421000457899,0.4936829984382654,1.5230230161534835,1.0,12.333333333333334,2.1392404229992485,12,3,static,static_adaptive_none_1,none,1,adaptive,8,0.015625,36,3,3,6,1.0,0.08333333333333333,1.0,3,1.0,2.167,2.6379499999999996,0,0.6480000000000001,0.6480000000000001,0
0.0008869263285024154,2.9262082328859087,0.026183355896280652,3.855509297490313,1.0,59.541666666666664,5.950150097925132,10,0,static,static_adaptive_random_0.25,random,0.25,adaptive,8,0.015625,36,3,0,0,0.0,0.0,0.0,0,nan,2.208,2.56865,0,0.6480000000000001,0.6480000000000001,0
0.004765058565991786,2.807313254993088,0.06120732023288524,3.3974173682642,1.0,25.333333333333332,4.6277615564282675,10,1,static,static_adaptive_random_0.25,random,0.25,adaptive,8,0.015625,36,3,0,1,0.0,0.0,0.0,0,1.0,2.1665,2.4982499999999996,0,0.6480000000000001,0.6480000000000001,0
0.16617258014316838,1.5117467906689994,0.07049669083872838,2.839956422202873,1.0,23.604166666666668,4.4633629863272395,10,2,static,static_adaptive_random_0.25,random,0.25,adaptive,8,0.015625,36,2,0,2,0.0,0.0,0.0,0,1.0,2.1045,2.4709499999999998,0,0.6480000000000001,0.6480000000000001,0
0.023524305555555555,1.8448083552626324,0.15845375323257635,2.414065100201942,1.0,11.5625,3.288757762000122,10,3,static,static_adaptive_random_0.25,random,0.25,adaptive,8,0.015625,36,7,3,3,0.42857142857142855,0.08333333333333333,1.0,3,1.0,2.125,2.40165,0,0.6480000000000001,0.6480000000000001,0
0.14411526602852465,2.329344789532724,0.03362897537961823,3.594534533375031,1.0,52.541666666666664,5.685831577111542,11,0,static,static_adaptive_random_0.25,random,0.25,adaptive,8,0.015625,36,3,0,1,0.0,0.0,0.0,0,1.0,2.354,4.2602,0,0.6480000000000001,0.6480000000000001,0
0.3435825482520885,1.5701791012973925,0.13666339562342977,2.7280388270468237,1.0,28.208333333333332,4.130463768967966,11,1,static,static_adaptive_random_0.25,random,0.25,adaptive,8,0.015625,36,3,2,3,0.6666666666666666,0.05555555555555555,1.0,2,1.0,2.333,2.6379499999999996,0,0.6480000000000001,0.6480000000000001,0
0.004072042053303439,3.452974950272162,0.03074030095384482,4.184341552345427,1.0,55.770833333333336,5.796965295025985,11,2,static,static_adaptive_random_0.25,random,0.25,adaptive,8,0.015625,36,2,1,2,0.5,0.027777777777777776,1.0,1,1.0,2.458,4.2977,0,0.6480000000000001,0.6480000000000001,0
0.0010429905776194496,1.4145910977463625,0.09013665110170672,2.7230275153393744,1.0,20.75,4.179001721910535,11,3,static,static_adaptive_random_0.25,random,0.25,adaptive,8,0.015625,36,6,2,2,0.3333333333333333,0.05555555555555555,1.0,2,1.0,2.25,3.0914499999999996,0,0.6480000000000001,0.6480000000000001,0
0.00034722222222222224,3.0737572189015014,0.05125216498269717,3.5387398718110252,0.9375,29.916666666666668,4.841091238179808,12,0,static,static_adaptive_random_0.25,random,0.25,adaptive,8,0.015625,36,5,2,2,0.4,0.05555555555555555,1.0,2,1.0,2.375,3.1771999999999996,0,0.6480000000000001,0.6480000000000001,0
0.00390625,5.426015443939292,0.029776129192278313,4.158281170625792,1.0,56.270833333333336,5.837742177716726,12,1,static,static_adaptive_random_0.25,random,0.25,adaptive,8,0.015625,36,3,0,1,0.0,0.0,0.0,0,1.0,2.5205,4.856249999999998,0,0.6480000000000001,0.6480000000000001,0
0.4583333333333333,2.6633806783616807,0.3261571436067226,2.1348167528493023,1.0,26.583333333333332,3.1888160687475757,12,2,static,static_adaptive_random_0.25,random,0.25,adaptive,8,0.015625,36,5,3,4,0.6,0.08333333333333333,1.0,3,1.0,2.2705,2.7353,0,0.6480000000000001,0.6480000000000001,0
0.53515625,1.8662960640112518,0.5472827677982378,1.2315791190892793,1.0,9.583333333333334,1.7933624487575972,12,3,static,static_adaptive_random_0.25,random,0.25,adaptive,8,0.015625,36,3,1,5,0.3333333333333333,0.027777777777777776,1.0,1,1.0,2.166,2.5931999999999995,0,0.6480000000000001,0.6480000000000001,0
0.051623675872817736,3.54753174970094,0.02899485731353203,3.598814291420201,1.0,51.083333333333336,5.6624917128456325,10,0,static,static_adaptive_rate_4,rate,4,adaptive,8,0.015625,36,3,1,1,0.3333333333333333,0.027777777777777776,1.0,1,1.0,2.2705,2.81865,0,0.6480000000000001,0.6480000000000001,0
0.12650988102440008,2.9290559634291107,0.037123785734389125,3.4038758590761877,1.0,54.416666666666664,5.763781507028132,10,1,static,static_adaptive_rate_4,rate,4,adaptive,8,0.015625,36,3,0,0,0.0,0.0,0.0,0,nan,2.209,2.5396,0,0.6480000000000001,0.6480000000000001,0
0.025412694406177872,4.44446708896078,0.020869919725272038,3.873950025411858,1.0,56.5,5.849534074549435,10,2,static,static_adaptive_rate_4,rate,4,adaptive,8,0.015625,36,2,0,0,0.0,0.0,0.0,0,nan,2.291,2.5959499999999998,0,0.6480000000000001,0.6480000000000001,0
0.028279799628560254,3.013369893236599,0.027133511122622272,3.7008480710183744,1.0,42.833333333333336,5.406127021782701,10,3,static,static_adaptive_rate_4,rate,4,adaptive,8,0.015625,36,7,2,2,0.2857142857142857,0.05555555555555555,1.0,2,1.0,2.208,2.5955999999999997,0,0.6480000000000001,0.6480000000000001,0
0.04619061936287038,3.8845498190209775,0.02724070235896398,3.675866685354531,1.0,53.75,5.76850297694089,11,0,static,static_adaptive_rate_4,rate,4,adaptive,8,0.015625,36,3,0,0,0.0,0.0,0.0,0,nan,2.25,2.4982499999999996,0,0.6480000000000001,0.6480000000000001,0
0.169757326007326,3.604536611387512,0.14942982510016153,3.0672882496266856,1.0,37.75,4.427231241695774,11,1,static,static_adaptive_rate_4,rate,4,adaptive,8,0.015625,36,3,1,1,0.3333333333333333,0.027777777777777776,1.0,1,1.0,2.25,2.6624999999999996,0,0.6480000000000001,0.6480000000000001,0
0.018869149476360186,4.610678521117765,0.017545730830445097,4.0450033124244555,1.0,57.583333333333336,5.935750234393407,11,2,static,static_adaptive_rate_4,rate,4,adaptive,8,0.015625,36,2,0,0,0.0,0.0,0.0,0,nan,2.167,2.45865,0,0.6480000000000001,0.6480000000000001,0
0.040687795642664615,2.907434868303607,0.03518609638872571,3.5832063666074916,1.0,41.833333333333336,5.311756414928223,11,3,static,static_adaptive_rate_4,rate,4,adaptive,8,0.015625,36,6,2,2,0.3333333333333333,0.05555555555555555,1.0,2,1.0,2.25,3.0938499999999998,0,0.6480000000000001,0.6480000000000001,0
0.06290851559873299,3.499660160889693,0.038080590407660896,3.3427968390104947,1.0,33.75,5.101195455566012,12,0,static,static_adaptive_rate_4,rate,4,adaptive,8,0.015625,36,5,1,1,0.2,0.027777777777777776,1.0,1,1.0,2.25,2.58365,0,0.6480000000000001,0.6480000000000001,0
0.020833333333333332,4.336619333388247,0.047155318573189886,3.7848759240263057,1.0,52.75,5.586764961976734,12,1,static,static_adaptive_rate_4,rate,4,adaptive,8,0.015625,36,3,0,0,0.0,0.0,0.0,0,nan,2.167,2.4709499999999998,0,0.6480000000000001,0.6480000000000001,0
0.14583333333333334,2.5992051071133417,0.16131577391532392,2.6156909697871202,1.0,27.333333333333332,3.6093779910904273,12,2,static,static_adaptive_rate_4,rate,4,adaptive,8,0.015625,36,5,2,2,0.4,0.05555555555555555,1.0,2,1.0,2.208,2.459,0,0.6480000000000001,0.6480000000000001,0
0.07163530967533303,4.149522364514394,0.045605945026031075,3.4410307109201965,1.0,48.916666666666664,5.4185200866320296,12,3,static,static_adaptive_rate_4,rate,4,adaptive,8,0.015625,36,3,2,2,0.6666666666666666,0.05555555555555555,1.0,2,1.0,2.209,2.55395,0,0.6480000000000001,0.6480000000000001,0
0.20503472222222222,1.3736809514071977,0.1628128839007661,2.100467146369699,1.0,24.854166666666668,3.559140565991862,10,0,static,static_adaptive_coarse_2,coarse,2,adaptive,8,0.015625,36,3,2,3,0.6666666666666666,0.05555555555555555,1.0,2,1.0,2.25,2.8585499999999997,0,0.6480000000000001,0.6480000000000001,0
0.19108072916666666,1.5295792037785196,0.19108072916666666,1.90615474653985,1.0,11.145833333333334,2.75,10,1,static,static_adaptive_coarse_2,coarse,2,adaptive,8,0.015625,36,3,2,6,0.6666666666666666,0.05555555555555555,1.0,2,1.0,2.1875,2.65165,0,0.6480000000000001,0.6480000000000001,0
0.1947048611111111,1.4166953350842404,0.17782403875709127,1.9710560479368795,1.0,14.0,3.09017325925096,10,2,static,static_adaptive_coarse_2,coarse,2,adaptive,8,0.015625,36,2,1,3,0.5,0.027777777777777776,1.0,1,1.0,2.167,2.5,0,0.6480000000000001,0.6480000000000001,0
0.22688802083333334,0.9870351032578163,0.22417598927514792,1.5847132377282735,1.0,6.604166666666667,2.3189401370458023,10,3,static,static_adaptive_coarse_2,coarse,2,adaptive,8,0.015625,36,7,3,4,0.42857142857142855,0.08333333333333333,1.0,3,1.0,2.2915,3.2188499999999998,0,0.6480000000000001,0.6480000000000001,0
0.17057291666666666,1.809354059609805,0.1693055041913215,2.2031210069727023,1.0,16.291666666666668,3.1414785731634876,11,0,static,static_adaptive_coarse_2,coarse,2,adaptive,8,0.015625,36,3,1,4,0.3333333333333333,0.027777777777777776,1.0,1,1.0,2.166,2.6079,0,0.6480000000000001,0.6480000000000001,0
0.19173177083333334,1.4369228946276962,0.1725739584661868,2.0654255805126347,1.0,20.708333333333332,3.2864581113061235,11,1,static,static_adaptive_coarse_2,coarse,2,adaptive,8,0.015625,36,3,2,3,0.6666666666666666,0.05555555555555555,1.0,2,1.0,2.167,2.5273,0,0.6480000000000001,0.6480000000000001,0
0.12695312500000003,2.064836358714625,0.09104709074202672,2.7797582681772552,0.9583333333333334,35.9375,4.681803750273091,11,2,static,static_adaptive_coarse_2,coarse,2,adaptive,8,0.015625,36,2,2,3,1.0,0.05555555555555555,1.0,2,1.0,2.1875,2.5108499999999996,0,0.6480000000000001,0.6480000000000001,0
0.16621713789682538,1.4930880683401015,0.18529795428902043,2.088988176671509,1.0,13.0,2.887665942703572,11,3,static,static_adaptive_coarse_2,coarse,2,adaptive,8,0.015625,36,6,4,6,0.6666666666666666,0.1111111111111111,1.0,4,1.0,2.625,13.4455,0,0.6480000000000001,0.6480000000000001,0
0.16840277777777776,1.6434142473416873,0.1818223215305559,2.0901755563787883,1.0,13.104166666666666,2.9938988581336474,12,0,static,static_adaptive_coarse_2,coarse,2,adaptive,8,0.015625,36,5,3,5,0.6,0.08333333333333333,1.0,3,1.0,2.2295,2.7188499999999998,0,0.6480000000000001,0.6480000000000001,0
0.22395833333333334,1.1592616901474675,0.20484854489494164,1.7069044032094414,1.0,10.104166666666666,2.6836427400331995,12,1,static,static_adaptive_coarse_2,coarse,2,adaptive,8,0.015625,36,3,2,3,0.6666666666666666,0.05555555555555555,1.0,2,1.0,2.25,3.1897999999999995,0,0.6480000000000001,0.6480000000000001,0
0.19108072916666666,1.6495154913909478,0.189724713387574,1.9312868280082478,1.0,12.229166666666666,2.8189401370458023,12,2,static,static_adaptive_coarse_2,coarse,2,adaptive,8,0.015625,36,5,2,5,0.4,0.05555555555555555,1.0,2,1.0,2.1879999999999997,2.61065,0,0.6480000000000001,0.6480000000000001,0
0.20885416666666667,1.4123569248715153,0.19998676007327665,1.8128779164813595,1.0,11.270833333333334,2.7592334625572286,12,3,static,static_adaptive_coarse_2,coarse,2,adaptive,8,0.015625,36,3,2,4,0.6666666666666666,0.05555555555555555,1.0,2,1.0,2.1665,2.58125,0,0.6480000000000001,0.6480000000000001,0
0.10763888888888888,2.1981616235299546,0.07933102277741753,2.6397604810126833,1.0,27.1875,4.409292428174895,10,0,static,static_adaptive_positive_only_0.1,positive_only,0.1,adaptive,8,0.015625,36,3,2,3,0.6666666666666666,0.05555555555555555,1.0,2,1.0,8.5205,9.7773,0,0.6480000000000001,0.6480000000000001,0
0.07562934027777782,1.9492324184432483,0.07562934027777782,2.6472924419328927,1.0,15.979166666666666,3.8192356777594205,10,1,static,static_adaptive_positive_only_0.1,positive_only,0.1,adaptive,8,0.015625,36,3,2,10,0.6666666666666666,0.05555555555555555,1.0,2,1.0,8.5,9.2455,0,0.6480000000000001,0.6480000000000001,0
0.06591021825396826,3.8672028727506262,0.0785913203579062,3.1900716434155636,1.0,32.166666666666664,4.621864107215542,10,2,static,static_adaptive_positive_only_0.1,positive_only,0.1,adaptive,8,0.015625,36,2,1,6,0.5,0.027777777777777776,1.0,1,1.0,8.458,8.84595,0,0.6480000000000001,0.6480000000000001,0
0.23735119047619047,1.0887200453081718,0.21716277655536154,1.6015093450246873,1.0,7.875,2.525872563906636,10,3,static,static_adaptive_positive_only_0.1,positive_only,0.1,adaptive,8,0.015625,36,7,4,4,0.5714285714285714,0.1111111111111111,1.0,4,1.0,8.4795,9.0102,0,0.6480000000000001,0.6480000000000001,0
0.08108568948412702,2.3326052805992066,0.0821438352715107,2.8190203780634575,1.0,23.104166666666668,4.0693691099218015,11,0,static,static_adaptive_positive_only_0.1,positive_only,0.1,adaptive,8,0.015625,36,3,2,3,0.6666666666666666,0.05555555555555555,1.0,2,1.0,8.6875,10.771049999999999,0,0.6480000000000001,0.6480000000000001,0
0.0916015625,1.8315960802908375,0.07363118094530464,2.7397051429768546,1.0,24.666666666666668,4.331780029147599,11,1,static,static_adaptive_positive_only_0.1,positive_only,0.1,adaptive,8,0.015625,36,3,2,3,0.6666666666666666,0.05555555555555555,1.0,2,1.0,8.458,9.150549999999999,0,0.6480000000000001,0.6480000000000001,0
0.04969618055555556,2.344596127469092,0.0690878832788323,3.224657285713985,0.9583333333333334,32.8125,4.727621514803469,11,2,static,static_adaptive_positive_only_0.1,positive_only,0.1,adaptive,8,0.015625,36,2,1,2,0.5,0.027777777777777776,1.0,1,1.0,8.5,8.86065,0,0.6480000000000001,0.6480000000000001,0
0.06807725694444448,2.0426526623272037,0.07793774410534826,2.7382704257563995,1.0,18.270833333333332,3.9058506708323772,11,3,static,static_adaptive_positive_only_0.1,positive_only,0.1,adaptive,8,0.015625,36,6,5,14,0.8333333333333334,0.1388888888888889,1.0,5,1.0,8.4795,9.17685,0,0.6480000000000001,0.6480000000000001,0
0.0010850694444444443,3.153590250144534,0.21636727975395728,3.6297991835353365,0.9166666666666666,13.791666666666666,3.066422333429713,12,0,static,static_adaptive_positive_only_0.1,positive_only,0.1,adaptive,8,0.015625,36,5,3,3,0.6,0.08333333333333333,1.0,3,1.0,8.459,8.964699999999999,0,0.6480000000000001,0.6480000000000001,0
0.11588541666666667,1.4987112257911865,0.09083169304566374,2.456574876238773,1.0,22.0625,4.021584709713436,12,1,static,static_adaptive_positive_only_0.1,positive_only,0.1,adaptive,8,0.015625,36,3,2,2,0.6666666666666666,0.05555555555555555,1.0,2,1.0,8.5,9.34385,0,0.6480000000000001,0.6480000000000001,0
0.0854166666666667,2.473709271811322,0.08852659450745376,2.602557884828542,1.0,18.208333333333332,3.859428300840214,12,2,static,static_adaptive_positive_only_0.1,positive_only,0.1,adaptive,8,0.015625,36,5,3,4,0.6,0.08333333333333333,1.0,3,1.0,8.5625,9.1748,0,0.6480000000000001,0.6480000000000001,0
0.0039062499999999996,3.3542417554311066,0.08070274372368522,3.509144858077701,1.0,19.541666666666668,4.109452015007531,12,3,static,static_adaptive_positive_only_0.1,positive_only,0.1,adaptive,8,0.015625,36,3,2,4,0.6666666666666666,0.05555555555555555,1.0,2,1.0,8.375,9.1044,0,0.6480000000000001,0.6480000000000001,0
0.056445312500000004,3.716580117216882,0.042269850333832425,3.2177556327630783,1.0,47.583333333333336,5.274357925862408,10,0,static,static_adaptive_bsp_0.05,bsp,0.05,adaptive,8,0.015625,36,3,1,1,0.3333333333333333,0.027777777777777776,1.0,1,1.0,16.75,23.35799999999999,0,0.6480000000000001,0.6480000000000001,0
0.004448784722222221,5.811789262266985,0.04715711805555556,3.2641158464070785,1.0,25.375,4.670064251240254,10,1,static,static_adaptive_bsp_0.05,bsp,0.05,adaptive,8,0.015625,36,3,2,9,0.6666666666666666,0.05555555555555555,1.0,2,1.0,16.7085,18.96295,0,0.6480000000000001,0.6480000000000001,0
0.056445312500000004,3.716580117216882,0.04369094222541511,3.182945077908363,1.0,35.604166666666664,5.045067087800784,10,2,static,static_adaptive_bsp_0.05,bsp,0.05,adaptive,8,0.015625,36,2,1,1,0.5,0.027777777777777776,1.0,1,1.0,16.6455,17.3432,0,0.6480000000000001,0.6480000000000001,0
0.0011160714285714285,2.906858108741673,0.0445237106178818,4.127759902842146,1.0,31.104166666666668,4.864897390576661,10,3,static,static_adaptive_bsp_0.05,bsp,0.05,adaptive,8,0.015625,36,7,2,3,0.2857142857142857,0.05555555555555555,1.0,2,1.0,16.625,17.6976,0,0.6480000000000001,0.6480000000000001,0
0.0009765625,3.9027242120348937,0.04564243252670641,4.111090425670166,1.0,55.770833333333336,5.582493936357011,11,0,static,static_adaptive_bsp_0.05,bsp,0.05,adaptive,8,0.015625,36,3,0,0,0.0,0.0,0.0,0,nan,16.708,17.48565,0,0.6480000000000001,0.6480000000000001,0
0.04308965773809526,3.3628339894981263,0.04206158784045641,3.2115634442465772,0.3125,27.125,4.686981311536178,11,1,static,static_adaptive_bsp_0.05,bsp,0.05,adaptive,8,0.015625,36,3,1,3,0.3333333333333333,0.027777777777777776,1.0,1,1.0,16.6455,17.61065,0,0.6480000000000001,0.6480000000000001,0
0.003059895833333333,4.045208329308567,0.042269850333832425,4.827446958813478,0.7708333333333334,47.583333333333336,5.274357925862408,11,2,static,static_adaptive_bsp_0.05,bsp,0.05,adaptive,8,0.015625,36,2,1,1,0.5,0.027777777777777776,1.0,1,1.0,16.541,17.4251,0,0.6480000000000001,0.6480000000000001,0
0.056445312500000004,2.5151226227442733,0.04227197701401846,3.2177130774352833,1.0,48.104166666666664,5.27506518729751,11,3,static,static_adaptive_bsp_0.05,bsp,0.05,adaptive,8,0.015625,36,6,2,2,0.3333333333333333,0.05555555555555555,1.0,2,1.0,16.6045,17.95635,0,0.6480000000000001,0.6480000000000001,0
0.0036892361111111106,4.246212952238991,0.04703962237015122,3.2962666749920877,1.0,25.5,4.677299740642554,12,0,static,static_adaptive_bsp_0.05,bsp,0.05,adaptive,8,0.015625,36,5,3,3,0.6,0.08333333333333333,1.0,3,1.0,16.5625,17.8831,0,0.6480000000000001,0.6480000000000001,0
0.0625,2.908228776995189,0.04800016047862899,3.04353558858887,1.0,34.104166666666664,4.946047871607472,12,1,static,static_adaptive_bsp_0.05,bsp,0.05,adaptive,8,0.015625,36,3,1,1,0.3333333333333333,0.027777777777777776,1.0,1,1.0,16.625,17.81205,0,0.6480000000000001,0.6480000000000001,0
0.0,4.895674819495034,0.04904605419184511,4.061942718286919,1.0,55.458333333333336,5.5455835762928265,12,2,static,static_adaptive_bsp_0.05,bsp,0.05,adaptive,8,0.015625,36,5,1,2,0.2,0.027777777777777776,1.0,1,1.0,16.584,17.45625,0,0.6480000000000001,0.6480000000000001,0
0.0741102430555556,2.399830254611134,0.047141581264434185,3.1162256079541755,1.0,32.020833333333336,4.929302858528521,12,3,static,static_adaptive_bsp_0.05,bsp,0.05,adaptive,8,0.015625,36,3,2,4,0.6666666666666666,0.05555555555555555,1.0,2,1.0,16.3955,17.21885,0,0.6480000000000001,0.6480000000000001,0
0.10763888888888888,2.1981616235299546,0.07933102277741753,2.6397604810126833,1.0,27.1875,4.409292428174895,10,0,static,static_adaptive_bsp_0.1,bsp,0.1,adaptive,8,0.015625,36,3,2,3,0.6666666666666666,0.05555555555555555,1.0,2,1.0,16.7295,20.308449999999997,0,0.6480000000000001,0.6480000000000001,0
0.07562934027777782,1.9492324184432483,0.07562934027777782,2.6472924419328927,1.0,15.979166666666666,3.8192356777594205,10,1,static,static_adaptive_bsp_0.1,bsp,0.1,adaptive,8,0.015625,36,3,2,10,0.6666666666666666,0.05555555555555555,1.0,2,1.0,16.584,17.792099999999998,0,0.6480000000000001,0.6480000000000001,0
0.011222718253968254,3.952955273779983,0.07872366770565678,3.466896435920969,1.0,38.854166666666664,4.988513371282035,10,2,static,static_adaptive_bsp_0.1,bsp,0.1,adaptive,8,0.015625,36,2,1,1,0.5,0.027777777777777776,1.0,1,1.0,16.583,17.4979,0,0.6480000000000001,0.6480000000000001,0
0.23735119047619047,1.0887200453081718,0.09672619047619048,2.3580595483322258,1.0,15.854166666666666,3.9644608164997694,10,3,static,static_adaptive_bsp_0.1,bsp,0.1,adaptive,8,0.015625,36,7,4,4,0.5714285714285714,0.1111111111111111,1.0,4,1.0,16.583,17.6443,0,0.6480000000000001,0.6480000000000001,0
0.08108568948412702,2.3326052805992066,0.07715247246022723,2.866584487312006,1.0,26.583333333333332,4.286412533293269,11,0,static,static_adaptive_bsp_0.1,bsp,0.1,adaptive,8,0.015625,36,3,2,5,0.6666666666666666,0.05555555555555555,1.0,2,1.0,16.771,17.95625,0,0.6480000000000001,0.6480000000000001,0
0.0916015625,1.8315960802908375,0.07363118094530464,2.7397051429768546,1.0,24.666666666666668,4.331780029147599,11,1,static,static_adaptive_bsp_0.1,bsp,0.1,adaptive,8,0.015625,36,3,2,3,0.6666666666666666,0.05555555555555555,1.0,2,1.0,16.666,17.748250000000002,0,0.6480000000000001,0.6480000000000001,0
0.04969618055555556,2.344596127469092,0.06921172940868067,3.2215101269855837,0.9583333333333334,32.375,4.675485789692671,11,2,static,static_adaptive_bsp_0.1,bsp,0.1,adaptive,8,0.015625,36,2,1,2,0.5,0.027777777777777776,1.0,1,1.0,16.625,17.4398,0,0.6480000000000001,0.6480000000000001,0
0.003841145833333333,2.709746008026428,0.08898535543262882,3.1190777991974468,1.0,20.583333333333332,4.1746280635748265,11,3,static,static_adaptive_bsp_0.1,bsp,0.1,adaptive,8,0.015625,36,6,5,5,0.8333333333333334,0.1388888888888889,1.0,5,1.0,16.5,17.90055,0,0.6480000000000001,0.6480000000000001,0
0.06532118055555558,2.23020375848317,0.07592570961230227,2.8962322141962145,0.9166666666666666,16.604166666666668,3.8594533580756334,12,0,static,static_adaptive_bsp_0.1,bsp,0.1,adaptive,8,0.015625,36,5,3,10,0.6,0.08333333333333333,1.0,3,1.0,16.729,17.92895,0,0.6480000000000001,0.6480000000000001,0
0.11588541666666667,1.4987112257911865,0.08729343027593915,2.4909569305749915,1.0,24.479166666666668,4.244740119276645,12,1,static,static_adaptive_bsp_0.1,bsp,0.1,adaptive,8,0.015625,36,3,2,8,0.6666666666666666,0.05555555555555555,1.0,2,1.0,16.584,20.22545,0,0.6480000000000001,0.6480000000000001,0
0.1708333333333334,2.308371234619619,0.09324292364873465,2.5445355641122256,1.0,25.208333333333332,4.415570792895757,12,2,static,static_adaptive_bsp_0.1,bsp,0.1,adaptive,8,0.015625,36,5,3,4,0.6,0.08333333333333333,1.0,3,1.0,16.667,17.9396,0,0.6480000000000001,0.6480000000000001,0
0.0039062499999999996,3.3542417554311066,0.08070274372368522,3.509144858077701,1.0,19.541666666666668,4.109452015007531,12,3,static,static_adaptive_bsp_0.1,bsp,0.1,adaptive,8,0.015625,36,3,2,4,0.6666666666666666,0.05555555555555555,1.0,2,1.0,16.521,18.032999999999998,0,0.6480000000000001,0.6480000000000001,0
0.18906250000000002,1.5220542123417653,0.18860671904004245,1.729603926241863,1.0,7.3125,2.505177569935055,10,0,static,static_adaptive_bsp_0.2,bsp,0.2,adaptive,8,0.015625,36,3,3,5,1.0,0.08333333333333333,1.0,3,1.0,16.542,19.5683,0,0.6480000000000001,0.6480000000000001,0
0.14218026620370378,1.6675595913267711,0.14218026620370378,2.0890179842136187,1.0,11.104166666666666,3.0138158861528495,10,1,static,static_adaptive_bsp_0.2,bsp,0.2,adaptive,8,0.015625,36,3,3,11,1.0,0.08333333333333333,1.0,3,1.0,16.416,17.576749999999997,0,0.6480000000000001,0.6480000000000001,0
0.14379847582972582,2.549008204822919,0.1147879636783794,2.5412629069264328,1.0,25.166666666666668,4.12216837141488,10,2,static,static_adaptive_bsp_0.2,bsp,0.2,adaptive,8,0.015625,36,2,2,4,1.0,0.05555555555555555,1.0,2,1.0,16.561999999999998,22.412949999999995,0,0.6480000000000001,0.6480000000000001,0
0.2269345238095238,0.9851353904216561,0.16862584530853755,1.8395351687663393,1.0,9.875,3.0215631026414767,10,3,static,static_adaptive_bsp_0.2,bsp,0.2,adaptive,8,0.015625,36,7,4,5,0.5714285714285714,0.1111111111111111,1.0,4,1.0,16.7295,18.6647,0,0.6480000000000001,0.6480000000000001,0
0.11967695932539686,2.0882462316243986,0.11923385721106598,2.5264304258133405,1.0,20.104166666666668,3.624032121793529,11,0,static,static_adaptive_bsp_0.2,bsp,0.2,adaptive,8,0.015625,36,3,3,9,1.0,0.08333333333333333,1.0,3,1.0,16.542,17.71885,0,0.6480000000000001,0.6480000000000001,0
0.09718088624338624,2.431023356608256,0.12670790914297966,2.7408463500681357,1.0,20.270833333333332,3.6761485746864957,11,1,static,static_adaptive_bsp_0.2,bsp,0.2,adaptive,8,0.015625,36,3,2,7,0.6666666666666666,0.05555555555555555,1.0,2,1.0,16.5,17.41665,0,0.6480000000000001,0.6480000000000001,0
0.17521701388888888,1.5561111642306888,0.12395796162306522,2.366059092209549,0.9583333333333334,24.8125,3.937472179721416,11,2,static,static_adaptive_bsp_0.2,bsp,0.2,adaptive,8,0.015625,36,2,2,4,1.0,0.05555555555555555,1.0,2,1.0,16.4585,17.99375,0,0.6480000000000001,0.6480000000000001,0
0.003841145833333333,1.9053383343008548,0.1538090733813467,2.9515716873982574,1.0,15.1875,3.3229508872446782,11,3,static,static_adaptive_bsp_0.2,bsp,0.2,adaptive,8,0.015625,36,6,5,6,0.8333333333333334,0.1388888888888889,1.0,5,1.0,16.4585,19.311949999999996,0,0.6480000000000001,0.6480000000000001,0
0.11011284722222224,1.7033671489932019,0.13095488422564996,2.4273917151857183,1.0,13.895833333333334,3.3350819647242513,12,0,static,static_adaptive_bsp_0.2,bsp,0.2,adaptive,8,0.015625,36,5,4,12,0.8,0.1111111111111111,1.0,4,1.0,16.416,17.4329,0,0.6480000000000001,0.6480000000000001,0
0.22395833333333334,1.1592616901474675,0.157998933787341,1.9744027108462798,1.0,27.958333333333332,3.8761754092679817,12,1,static,static_adaptive_bsp_0.2,bsp,0.2,adaptive,8,0.015625,36,3,2,2,0.6666666666666666,0.05555555555555555,1.0,2,1.0,16.5625,19.5228,0,0.6480000000000001,0.6480000000000001,0
0.1423611111111112,1.677762336906948,0.14663513093003278,2.1224780573714606,1.0,11.833333333333334,3.0995484665817883,12,2,static,static_adaptive_bsp_0.2,bsp,0.2,adaptive,8,0.015625,36,5,4,5,0.8,0.1111111111111111,1.0,4,1.0,16.458,17.84145,0,0.6480000000000001,0.6480000000000001,0
0.20851934523809523,1.660887464127945,0.16251515445824774,2.05199388651084,1.0,18.6875,3.5695011974927815,12,3,static,static_adaptive_bsp_0.2,bsp,0.2,adaptive,8,0.015625,36,3,2,3,0.6666666666666666,0.05555555555555555,1.0,2,1.0,16.666,18.32115,0,0.6480000000000001,0.6480000000000001,0
0.07560763888888888,2.6097024789960868,0.09603719219328316,2.950194577764767,1.0,24.083333333333332,4.41069291751053,10,0,walk,walk_fixed_none_1,none,1,fixed,8,0.015625,36,4,4,5,1.0,0.1111111111111111,1.0,4,1.0,2.208,2.9541499999999994,0,0.6480000000000001,0.6480000000000001,0.3
0.21536331985624438,1.5407434349408315,0.10394930656918173,2.7087656756489307,1.0,27.270833333333332,4.5159076076326246,10,1,walk,walk_fixed_none_1,none,1,fixed,8,0.015625,36,3,3,6,1.0,0.08333333333333333,1.0,3,1.0,2.2085,2.6376,0,0.6480000000000001,0.6480000000000001,0.3
0.0011060707885304658,3.194676401537634,0.048748886973176864,3.69284696317735,1.0,53.9375,5.696066787034251,10,2,walk,walk_fixed_none_1,none,1,fixed,8,0.015625,36,1,1,1,1.0,0.027777777777777776,1.0,1,1.0,2.167,2.52665,0,0.6480000000000001,0.6480000000000001,0.3
0.1058407738095238,2.044951552653789,0.08376261379982002,3.1723220395448126,1.0,31.520833333333332,4.8127444095255605,10,3,walk,walk_fixed_none_1,none,1,fixed,8,0.015625,36,5,5,7,1.0,0.1388888888888889,1.0,5,1.0,2.208,2.56865,0,0.6480000000000001,0.6480000000000001,0.3
0.0012213480963480963,1.9791443206633428,0.08797437492193043,2.778633864562424,1.0,33.520833333333336,4.780009488103492,11,0,walk,walk_fixed_none_1,none,1,fixed,8,0.015625,36,3,3,4,1.0,0.08333333333333333,1.0,3,1.0,2.167,2.69155,0,0.6480000000000001,0.6480000000000001,0.3
0.12756793172351683,3.0405267120151245,0.094772168355521,3.694147766051976,0.8333333333333334,32.229166666666664,4.726542718455824,11,1,walk,walk_fixed_none_1,none,1,fixed,8,0.015625,36,7,7,7,1.0,0.19444444444444445,1.0,7,1.0,2.1455,2.4705999999999997,0,0.6480000000000001,0.6480000000000001,0.3
0.08769385148695492,4.98497748299306,0.10393134023565272,3.5190419189143465,0.9791666666666666,43.8125,5.159436475364985,11,2,walk,walk_fixed_none_1,none,1,fixed,8,0.015625,36,3,3,4,1.0,0.08333333333333333,1.0,3,1.0,2.084,2.70865,0,0.6480000000000001,0.6480000000000001,0.3
0.023396443940090463,2.0698867381779604,0.04799072716468139,3.5373041603368773,1.0,44.25,5.39323901112513,11,3,walk,walk_fixed_none_1,none,1,fixed,8,0.015625,36,4,4,4,1.0,0.1111111111111111,1.0,4,1.0,2.209,2.6933000000000002,0,0.6480000000000001,0.6480000000000001,0.3
0.16701388888888888,1.5143500350980676,0.15784434421917815,2.6639651940178948,0.9375,23.854166666666668,4.203874950746084,12,0,walk,walk_fixed_none_1,none,1,fixed,8,0.015625,36,8,8,10,1.0,0.2222222222222222,1.0,8,1.0,2.2295,2.66425,0,0.6480000000000001,0.6480000000000001,0.3
0.10807291666666667,2.012884417803157,0.0909452720968802,3.2491776141033353,1.0,38.6875,5.005477203962841,12,1,walk,walk_fixed_none_1,none,1,fixed,8,0.015625,36,3,3,6,1.0,0.08333333333333333,1.0,3,1.0,2.167,2.67895,0,0.6480000000000001,0.6480000000000001,0.3
0.16666666666666666,2.155923227400508,0.10848869852375721,2.910710986203178,1.0,23.770833333333332,4.389395584726187,12,2,walk,walk_fixed_none_1,none,1,fixed,8,0.015625,36,6,6,7,1.0,0.16666666666666666,1.0,6,1.0,2.1875,2.56865,0,0.6480000000000001,0.6480000000000001,0.3
0.00043402777777777775,3.4164280408635803,0.07162975163073124,3.4033869800416476,1.0,37.5,5.08899932054702,12,3,walk,walk_fixed_none_1,none,1,fixed,8,0.015625,36,2,2,2,1.0,0.05555555555555555,1.0,2,1.0,2.3955,2.99585,0,0.6480000000000001,0.6480000000000001,0.3
0.18845486111111112,2.683961939733516,0.023665779497677796,3.828156434286458,1.0,52.833333333333336,5.797295874642548,10,0,walk,walk_fixed_random_0.25,random,0.25,fixed,8,0.015625,36,4,0,1,0.0,0.0,0.0,0,1.0,2.25,3.1379499999999996,0,0.6480000000000001,0.6480000000000001,0.3
0.007029986522911051,6.3233379661326135,0.020432648043257704,4.188970837881028,0.9375,59.770833333333336,5.968739375272533,10,1,walk,walk_fixed_random_0.25,random,0.25,fixed,8,0.015625,36,3,1,1,0.3333333333333333,0.027777777777777776,0.5,1,1.0,2.166,2.6768499999999995,0,0.6480000000000001,0.6480000000000001,0.3
0.0011060707885304658,3.2852014399711,0.019481871507736632,4.054417971383594,1.0,60.6875,5.991358540683166,10,2,walk,walk_fixed_random_0.25,random,0.25,fixed,8,0.015625,36,1,0,0,0.0,0.0,0.0,0,nan,2.0835,2.5959499999999998,0,0.6480000000000001,0.6480000000000001,0.3
0.04296875,2.0257038127610043,0.04678671516754627,3.5640700234417277,1.0,39.270833333333336,5.26400440840815,10,3,walk,walk_fixed_random_0.25,random,0.25,fixed,8,0.015625,36,5,3,3,0.6,0.08333333333333333,0.6,3,1.0,2.166,2.6103,0,0.6480000000000001,0.6480000000000001,0.3
0.0012213480963480963,4.075501365888847,0.02093790151064026,3.9495382514060595,1.0,60.166666666666664,5.973274218153668,11,0,walk,walk_fixed_random_0.25,random,0.25,fixed,8,0.015625,36,3,0,0,0.0,0.0,0.0,0,nan,2.125,2.5521999999999996,0,0.6480000000000001,0.6480000000000001,0.3
0.0025679317235168296,3.2758414011699606,0.03399282576148485,3.792401156066466,1.0,51.5625,5.648954559838184,11,1,walk,walk_fixed_random_0.25,random,0.25,fixed,8,0.015625,36,7,2,2,0.2857142857142857,0.05555555555555555,0.4,2,1.0,2.125,2.5273,0,0.6480000000000001,0.6480000000000001,0.3
0.08769385148695492,4.980599584432096,0.09455835820449175,3.6208367831825234,1.0,50.208333333333336,5.345691708601476,11,2,walk,walk_fixed_random_0.25,random,0.25,fixed,8,0.015625,36,3,2,2,0.6666666666666666,0.05555555555555555,0.6666666666666666,2,1.0,2.167,2.56865,0,0.6480000000000001,0.6480000000000001,0.3
0.002563110606757127,3.128747726108792,0.0224898571869627,3.9432473946417175,1.0,56.4375,5.871873148555608,11,3,walk,walk_fixed_random_0.25,random,0.25,fixed,8,0.015625,36,4,1,1,0.25,0.027777777777777776,0.3333333333333333,1,1.0,2.208,2.8169,0,0.6480000000000001,0.6480000000000001,0.3
0.00034722222222222224,2.7982914047208047,0.10033828703528458,3.4204198994404797,0.9791666666666666,37.1875,4.912873122860089,12,0,walk,walk_fixed_random_0.25,random,0.25,fixed,8,0.015625,36,8,2,3,0.25,0.05555555555555555,0.3333333333333333,2,1.0,2.166,2.70625,0,0.6480000000000001,0.6480000000000001,0.3
0.00390625,2.9285633171444077,0.023655828302200685,3.945371786593542,0.9791666666666666,56.125,5.888058013680837,12,1,walk,walk_fixed_random_0.25,random,0.25,fixed,8,0.015625,36,3,0,1,0.0,0.0,0.0,0,1.0,2.125,2.4853,0,0.6480000000000001,0.6480000000000001,0.3
0.041666666666666664,4.172785683260913,0.03916945513157998,3.6711588055679916,0.9791666666666666,45.541666666666664,5.415253086930161,12,2,walk,walk_fixed_random_0.25,random,0.25,fixed,8,0.015625,36,6,2,3,0.3333333333333333,0.05555555555555555,0.4,2,1.0,2.125,2.5,0,0.6480000000000001,0.6480000000000001,0.3
0.00043402777777777775,6.412045044330449,0.021307896508462234,4.210751621686429,0.9791666666666666,60.145833333333336,5.979734493819702,12,3,walk,walk_fixed_random_0.25,random,0.25,fixed,8,0.015625,36,2,0,0,0.0,0.0,0.0,0,nan,2.084,2.54025,0,0.6480000000000001,0.6480000000000001,0.3
0.044140624999999996,3.0950989205724837,0.03178104614406986,3.986780302762076,0.9791666666666666,48.104166666666664,5.626999584950165,10,0,walk,walk_fixed_rate_4,rate,4,fixed,8,0.015625,36,4,2,2,0.5,0.05555555555555555,0.6666666666666666,2,1.0,2.334,3.0374999999999996,0,0.6480000000000001,0.6480000000000001,0.3
0.01003219012619419,2.7066708990708803,0.027080792609350434,3.7054234153766763,1.0,57.208333333333336,5.895828156726865,10,1,walk,walk_fixed_rate_4,rate,4,fixed,8,0.015625,36,3,0,0,0.0,0.0,0.0,0,nan,2.2915,2.6795999999999998,0,0.6480000000000001,0.6480000000000001,0.3
0.0010850694444444443,6.37651464859774,0.01905896078846672,4.034023676937358,1.0,59.0,5.968453096383615,10,2,walk,walk_fixed_rate_4,rate,4,fixed,8,0.015625,36,1,0,0,0.0,0.0,0.0,0,nan,2.291,2.69365,0,0.6480000000000001,0.6480000000000001,0.3
0.0008060515873015874,4.735162819388278,0.026427533126477346,3.883280050818438,1.0,50.729166666666664,5.692960127806143,10,3,walk,walk_fixed_rate_4,rate,4,fixed,8,0.015625,36,5,2,2,0.4,0.05555555555555555,0.4,2,1.0,2.375,2.7353,0,0.6480000000000001,0.6480000000000001,0.3
0.0012213480963480963,4.2948925058266765,0.025304833129387527,3.8044100498259685,1.0,58.145833333333336,5.916359012289383,11,0,walk,walk_fixed_rate_4,rate,4,fixed,8,0.015625,36,3,0,0,0.0,0.0,0.0,0,nan,2.25,2.83125,0,0.6480000000000001,0.6480000000000001,0.3
0.10718625992063492,2.850281717362822,0.07184783383919684,3.5500097466272513,0.9375,38.083333333333336,5.027143465932602,11,1,walk,walk_fixed_rate_4,rate,4,fixed,8,0.015625,36,7,3,3,0.42857142857142855,0.08333333333333333,0.6,3,1.0,2.292,2.6666499999999997,0,0.6480000000000001,0.6480000000000001,0.3
0.0039872942815157835,6.2596345886081295,0.017224252488102516,4.154678445412201,1.0,59.875,5.988388293453293,11,2,walk,walk_fixed_rate_4,rate,4,fixed,8,0.015625,36,3,0,0,0.0,0.0,0.0,0,nan,2.1665,2.6103,0,0.6480000000000001,0.6480000000000001,0.3
0.0018801787197302554,3.6484733045117075,0.029367037464913547,3.9603379229867968,0.9583333333333334,53.166666666666664,5.747370372407037,11,3,walk,walk_fixed_rate_4,rate,4,fixed,8,0.015625,36,4,1,1,0.25,0.027777777777777776,0.3333333333333333,1,1.0,2.3955,3.1187499999999995,0,0.6480000000000001,0.6480000000000001,0.3
0.022054681429681432,2.8649661541000984,0.02741024579542246,3.7115437843828456,1.0,50.833333333333336,5.726568132160928,12,0,walk,walk_fixed_rate_4,rate,4,fixed,8,0.015625,36,8,2,2,0.25,0.05555555555555555,0.3333333333333333,2,1.0,2.375,2.9818,0,0.6480000000000001,0.6480000000000001,0.3
0.00390625,5.0195047857875945,0.037075099797590584,4.32346278340299,1.0,57.020833333333336,5.81324428537793,12,1,walk,walk_fixed_rate_4,rate,4,fixed,8,0.015625,36,3,0,0,0.0,0.0,0.0,0,nan,2.292,2.792,0,0.6480000000000001,0.6480000000000001,0.3
0.0,5.9202406266271455,0.03325695345489399,4.314771537235699,0.875,59.0,5.887944597612087,12,2,walk,walk_fixed_rate_4,rate,4,fixed,8,0.015625,36,6,1,1,0.16666666666666666,0.027777777777777776,0.2,1,1.0,2.25,2.65165,0,0.6480000000000001,0.6480000000000001,0.3
0.0010850694444444443,5.3547660604858835,0.028629700779692766,3.8800049301284987,1.0,54.083333333333336,5.778539563879757,12,3,walk,walk_fixed_rate_4,rate,4,fixed,8,0.015625,36,2,1,1,0.5,0.027777777777777776,0.5,1,1.0,2.25,2.56865,0,0.6480000000000001,0.6480000000000001,0.3
0.044140624999999996,3.3869720001802848,0.045926383951661515,3.762281862480376,0.9791666666666666,43.8125,5.4323869655397985,10,0,walk,walk_fixed_coarse_2,coarse,2,fixed,8,0.015625,36,4,3,3,0.75,0.08333333333333333,0.6666666666666666,3,1.0,2.333,3.1733499999999992,0,0.6480000000000001,0.6480000000000001,0.3
0.002951388888888889,6.180099702323943,0.03572282170736503,4.083326627123407,1.0,50.416666666666664,5.6491697777461125,10,1,walk,walk_fixed_coarse_2,coarse,2,fixed,8,0.015625,36,3,2,3,0.6666666666666666,0.05555555555555555,0.5,2,1.0,2.25,2.78925,0,0.6480000000000001,0.6480000000000001,0.3
0.0010850694444444443,3.0618493640332463,0.0321444242030964,4.045642197986797,0.875,56.729166666666664,5.853937125174352,10,2,walk,walk_fixed_coarse_2,coarse,2,fixed,8,0.015625,36,1,0,0,0.0,0.0,0.0,0,nan,2.208,2.7629499999999996,0,0.6480000000000001,0.6480000000000001,0.3
0.0016276041666666667,3.116785267664204,0.04215255138453435,3.9961022944661173,0.8958333333333334,50.3125,5.581519371177396,10,3,walk,walk_fixed_coarse_2,coarse,2,fixed,8,0.015625,36,5,1,1,0.2,0.027777777777777776,0.2,1,1.0,2.1665,2.67895,0,0.6480000000000001,0.6480000000000001,0.3
0.004424358916546417,1.9223532399113887,0.0679802143535833,2.994065985343871,1.0,37.083333333333336,5.016837133178878,11,0,walk,walk_fixed_coarse_2,coarse,2,fixed,8,0.015625,36,3,1,2,0.3333333333333333,0.027777777777777776,0.3333333333333333,1,1.0,2.208,2.70625,0,0.6480000000000001,0.6480000000000001,0.3
0.10655381944444443,3.1380081854695554,0.07150712763336496,3.6769857836936257,0.8125,35.0,4.9522550037201265,11,1,walk,walk_fixed_coarse_2,coarse,2,fixed,8,0.015625,36,7,5,5,0.7142857142857143,0.1388888888888889,1.0,5,1.0,2.1665,2.7353,0,0.6480000000000001,0.6480000000000001,0.3
0.0031249999999999997,3.245098689642594,0.033456494021724605,3.825776577669846,0.9583333333333334,47.5625,5.55262054155763,11,2,walk,walk_fixed_coarse_2,coarse,2,fixed,8,0.015625,36,3,2,3,0.6666666666666666,0.05555555555555555,0.6666666666666666,2,1.0,2.1875,2.5959499999999998,0,0.6480000000000001,0.6480000000000001,0.3
0.1491623803905676,2.72652436601137,0.02388576137131519,3.8441866578073576,1.0,55.083333333333336,5.842461612927757,11,3,walk,walk_fixed_coarse_2,coarse,2,fixed,8,0.015625,36,4,3,3,0.75,0.08333333333333333,1.0,3,1.0,2.125,2.9433000000000002,0,0.6480000000000001,0.6480000000000001,0.3
0.08760127314814814,1.841252814674638,0.10922851913705452,2.990930263468608,1.0,25.729166666666668,4.422758422380697,12,0,walk,walk_fixed_coarse_2,coarse,2,fixed,8,0.015625,36,8,4,6,0.5,0.1111111111111111,0.6666666666666666,4,1.0,2.1665,2.7329,0,0.6480000000000001,0.6480000000000001,0.3
0.00390625,2.631630489255767,0.04452934430810641,3.885782025760896,0.875,52.104166666666664,5.688922743702843,12,1,walk,walk_fixed_coarse_2,coarse,2,fixed,8,0.015625,36,3,3,4,1.0,0.08333333333333333,1.0,3,1.0,2.125,2.6666499999999997,0,0.6480000000000001,0.6480000000000001,0.3
0.15198133072673514,2.6428094580091006,0.035953685416014625,3.566465066792224,1.0,45.3125,5.428267436544268,12,2,walk,walk_fixed_coarse_2,coarse,2,fixed,8,0.015625,36,6,2,3,0.3333333333333333,0.05555555555555555,0.4,2,1.0,2.166,2.542,0,0.6480000000000001,0.6480000000000001,0.3
0.0010850694444444443,3.5605167422889235,0.046828789874425715,3.498855135303808,1.0,38.9375,5.2760489189459285,12,3,walk,walk_fixed_coarse_2,coarse,2,fixed,8,0.015625,36,2,2,2,1.0,0.05555555555555555,1.0,2,1.0,2.1455,2.6919,0,0.6480000000000001,0.6480000000000001,0.3
0.044140624999999996,3.4223826212197572,0.04125051243608764,3.797259367325252,0.9791666666666666,43.916666666666664,5.4281417865564014,10,0,walk,walk_fixed_positive_only_0.1,positive_only,0.1,fixed,8,0.015625,36,4,3,4,0.75,0.08333333333333333,0.6666666666666666,3,1.0,8.75,10.21645,0,0.6480000000000001,0.6480000000000001,0.3
0.06575520833333333,2.7951616443282856,0.060147132694762385,3.092439377940583,1.0,31.25,4.8918343777006825,10,1,walk,walk_fixed_positive_only_0.1,positive_only,0.1,fixed,8,0.015625,36,3,2,4,0.6666666666666666,0.05555555555555555,1.0,2,1.0,8.5415,9.26295,0,0.6480000000000001,0.6480000000000001,0.3
0.0010850694444444443,3.544207714059348,0.04099846837735358,3.623511167495936,1.0,56.145833333333336,5.769413754827351,10,2,walk,walk_fixed_positive_only_0.1,positive_only,0.1,fixed,8,0.015625,36,1,1,1,1.0,0.027777777777777776,1.0,1,1.0,8.542,9.27665,0,0.6480000000000001,0.6480000000000001,0.3
0.18917410714285712,1.5142733924826457,0.0639147605967066,3.2527826334675236,1.0,37.354166666666664,5.084581798934937,10,3,walk,walk_fixed_positive_only_0.1,positive_only,0.1,fixed,8,0.015625,36,5,3,5,0.6,0.08333333333333333,0.6,3,1.0,8.562999999999999,9.0273,0,0.6480000000000001,0.6480000000000001,0.3
0.004424358916546417,1.9536032399113887,0.05659983393550554,3.1137562497063507,1.0,38.020833333333336,5.153541051336151,11,0,walk,walk_fixed_positive_only_0.1,positive_only,0.1,fixed,8,0.015625,36,3,3,4,1.0,0.08333333333333333,1.0,3,1.0,8.521,8.9023,0,0.6480000000000001,0.6480000000000001,0.3
0.02322048611111111,3.301257232975205,0.04889220948181903,3.8627492588740324,0.8541666666666666,41.979166666666664,5.30345872069898,11,1,walk,walk_fixed_positive_only_0.1,positive_only,0.1,fixed,8,0.015625,36,7,5,5,0.7142857142857143,0.1388888888888889,0.8,5,1.0,8.6875,10.15625,0,0.6480000000000001,0.6480000000000001,0.3
0.0031249999999999997,4.041490422658312,0.03669845148915012,3.8153585993121677,0.9583333333333334,46.4375,5.498091878030443,11,2,walk,walk_fixed_positive_only_0.1,positive_only,0.1,fixed,8,0.015625,36,3,2,3,0.6666666666666666,0.05555555555555555,0.6666666666666666,2,1.0,8.583,9.38795,0,0.6480000000000001,0.6480000000000001,0.3
0.04405381944444444,4.796984694597196,0.04089123007919771,3.5919435639788975,1.0,44.479166666666664,5.409048940437468,11,3,walk,walk_fixed_positive_only_0.1,positive_only,0.1,fixed,8,0.015625,36,4,4,4,1.0,0.1111111111111111,1.0,4,1.0,8.625,9.66525,0,0.6480000000000001,0.6480000000000001,0.3
0.11341145833333333,1.9643045616914172,0.05892649655139981,3.2543895190307786,1.0,34.4375,5.0353898719198815,12,0,walk,walk_fixed_positive_only_0.1,positive_only,0.1,fixed,8,0.015625,36,8,5,6,0.625,0.1388888888888889,0.6666666666666666,5,1.0,8.541,9.313049999999999,0,0.6480000000000001,0.6480000000000001,0.3
0.00390625,2.6563121203910334,0.035973651823196846,4.056371745372452,0.875,53.958333333333336,5.791026096956691,12,1,walk,walk_fixed_positive_only_0.1,positive_only,0.1,fixed,8,0.015625,36,3,3,5,1.0,0.08333333333333333,1.0,3,1.0,8.459,9.3456,0,0.6480000000000001,0.6480000000000001,0.3
0.041666666666666664,2.676888948889765,0.07067059238918316,3.342220321861227,1.0,30.0,4.870517808448762,12,2,walk,walk_fixed_positive_only_0.1,positive_only,0.1,fixed,8,0.015625,36,6,3,4,0.5,0.08333333333333333,0.4,3,1.0,8.417,9.0956,0,0.6480000000000001,0.6480000000000001,0.3
0.00043402777777777775,3.6501246294791727,0.049424880877160404,3.4509923647563867,1.0,39.479166666666664,5.25923027024345,12,3,walk,walk_fixed_positive_only_0.1,positive_only,0.1,fixed,8,0.015625,36,2,2,2,1.0,0.05555555555555555,1.0,2,1.0,8.458,8.929599999999999,0,0.6480000000000001,0.6480000000000001,0.3
0.007161458333333333,6.331227263053438,0.032659491108545546,4.465880522227814,0.8125,48.416666666666664,5.635096383890772,10,0,walk,walk_fixed_bsp_0.05,bsp,0.05,fixed,8,0.015625,36,4,2,2,0.5,0.05555555555555555,0.6666666666666666,2,1.0,17.0,19.116,0,0.6480000000000001,0.6480000000000001,0.3
0.07964409722222222,2.70064069889032,0.035172346878187974,3.4342212460355515,1.0,40.041666666666664,5.35745458666331,10,1,walk,walk_fixed_bsp_0.05,bsp,0.05,fixed,8,0.015625,36,3,2,2,0.6666666666666666,0.05555555555555555,1.0,2,1.0,17.25,25.033549999999995,0,0.6480000000000001,0.6480000000000001,0.3
0.004231770833333333,3.3482819147753644,0.035137451690195366,3.726520367047271,1.0,58.395833333333336,5.850254740101381,10,2,walk,walk_fixed_bsp_0.05,bsp,0.05,fixed,8,0.015625,36,1,0,0,0.0,0.0,0.0,0,nan,16.959,20.952299999999997,0,0.6480000000000001,0.6480000000000001,0.3
0.021639384920634924,1.9572650698297298,0.03697335866117516,3.4795818208053375,1.0,45.375,5.511515770344565,10,3,walk,walk_fixed_bsp_0.05,bsp,0.05,fixed,8,0.015625,36,5,2,3,0.4,0.05555555555555555,0.4,2,1.0,16.771,19.6976,0,0.6480000000000001,0.6480000000000001,0.3
0.03795882936507936,1.7276466283327112,0.030935411143449613,3.5448315323296424,1.0,51.833333333333336,5.672996211614105,11,0,walk,walk_fixed_bsp_0.05,bsp,0.05,fixed,8,0.015625,36,3,3,3,1.0,0.08333333333333333,1.0,3,1.0,16.7915,19.03925,0,0.6480000000000001,0.6480000000000001,0.3
0.0023871527777777775,5.6675232234350865,0.03494734474095619,4.575682665022915,0.8541666666666666,54.291666666666664,5.783188000570543,11,1,walk,walk_fixed_bsp_0.05,bsp,0.05,fixed,8,0.015625,36,7,2,2,0.2857142857142857,0.05555555555555555,0.4,2,1.0,16.625,17.86875,0,0.6480000000000001,0.6480000000000001,0.3
0.011480034722222221,4.283985442030256,0.018015968307197493,4.089749685633271,0.8333333333333334,59.645833333333336,5.957450381980184,11,2,walk,walk_fixed_bsp_0.05,bsp,0.05,fixed,8,0.015625,36,3,1,2,0.3333333333333333,0.027777777777777776,0.3333333333333333,1,1.0,16.584,18.02665,0,0.6480000000000001,0.6480000000000001,0.3
0.025716145833333332,3.563155958406549,0.02562514625056291,3.888435528030366,1.0,56.270833333333336,5.818040515851692,11,3,walk,walk_fixed_bsp_0.05,bsp,0.05,fixed,8,0.015625,36,4,2,2,0.5,0.05555555555555555,0.6666666666666666,2,1.0,16.792,18.158649999999998,0,0.6480000000000001,0.6480000000000001,0.3
0.030078124999999997,2.0096368800715774,0.03328115198089083,3.5293354736579983,1.0,47.3125,5.584722213006001,12,0,walk,walk_fixed_bsp_0.05,bsp,0.05,fixed,8,0.015625,36,8,4,4,0.5,0.1111111111111111,0.6666666666666666,4,1.0,16.6875,17.79945,0,0.6480000000000001,0.6480000000000001,0.3
0.00390625,3.3209744020108407,0.03188759618474146,4.0925425082394495,0.875,54.166666666666664,5.789725503194133,12,1,walk,walk_fixed_bsp_0.05,bsp,0.05,fixed,8,0.015625,36,3,3,5,1.0,0.08333333333333333,1.0,3,1.0,16.7295,17.70625,0,0.6480000000000001,0.6480000000000001,0.3
0.010416666666666666,3.7278006123365235,0.0354408517663724,3.881558955732648,1.0,45.583333333333336,5.475447677952641,12,2,walk,walk_fixed_bsp_0.05,bsp,0.05,fixed,8,0.015625,36,6,2,2,0.3333333333333333,0.05555555555555555,0.4,2,1.0,17.729,22.712599999999995,0,0.6480000000000001,0.6480000000000001,0.3
0.023763020833333332,3.0330703556747083,0.036405000190423274,3.597156371642891,1.0,44.979166666666664,5.513479141517446,12,3,walk,walk_fixed_bsp_0.05,bsp,0.05,fixed,8,0.015625,36,2,1,1,0.5,0.027777777777777776,0.5,1,1.0,16.896,18.9272,0,0.6480000000000001,0.6480000000000001,0.3
0.044140624999999996,3.4223826212197572,0.04125051243608764,3.797259367325252,0.9791666666666666,43.916666666666664,5.4281417865564014,10,0,walk,walk_fixed_bsp_0.1,bsp,0.1,fixed,8,0.015625,36,4,3,4,0.75,0.08333333333333333,0.6666666666666666,3,1.0,17.0835,19.25,0,0.6480000000000001,0.6480000000000001,0.3
0.06575520833333333,2.7951616443282856,0.060147132694762385,3.092439377940583,1.0,31.25,4.8918343777006825,10,1,walk,walk_fixed_bsp_0.1,bsp,0.1,fixed,8,0.015625,36,3,2,4,0.6666666666666666,0.05555555555555555,1.0,2,1.0,16.9375,18.01295,0,0.6480000000000001,0.6480000000000001,0.3
0.0010850694444444443,3.544207714059348,0.04099846837735358,3.623511167495936,1.0,56.145833333333336,5.769413754827351,10,2,walk,walk_fixed_bsp_0.1,bsp,0.1,fixed,8,0.015625,36,1,1,1,1.0,0.027777777777777776,1.0,1,1.0,16.875,17.78575,0,0.6480000000000001,0.6480000000000001,0.3
0.18917410714285712,1.5142733924826457,0.06270290344537793,3.255015981904407,1.0,37.520833333333336,5.101114584919533,10,3,walk,walk_fixed_bsp_0.1,bsp,0.1,fixed,8,0.015625,36,5,3,5,0.6,0.08333333333333333,0.6,3,1.0,16.75,17.8876,0,0.6480000000000001,0.6480000000000001,0.3
0.004424358916546417,1.9536032399113887,0.05659983393550554,3.1137562497063507,1.0,38.020833333333336,5.153541051336151,11,0,walk,walk_fixed_bsp_0.1,bsp,0.1,fixed,8,0.015625,36,3,3,4,1.0,0.08333333333333333,1.0,3,1.0,16.8125,18.10855,0,0.6480000000000001,0.6480000000000001,0.3
0.02322048611111111,3.301257232975205,0.04889220948181903,3.8627492588740324,0.8541666666666666,41.979166666666664,5.30345872069898,11,1,walk,walk_fixed_bsp_0.1,bsp,0.1,fixed,8,0.015625,36,7,5,5,0.7142857142857143,0.1388888888888889,0.8,5,1.0,16.75,18.16075,0,0.6480000000000001,0.6480000000000001,0.3
0.0031249999999999997,4.041490422658312,0.03669845148915012,3.8153585993121677,0.9583333333333334,46.4375,5.498091878030443,11,2,walk,walk_fixed_bsp_0.1,bsp,0.1,fixed,8,0.015625,36,3,2,3,0.6666666666666666,0.05555555555555555,0.6666666666666666,2,1.0,16.6455,17.8603,0,0.6480000000000001,0.6480000000000001,0.3
0.04405381944444444,4.796984694597196,0.04089123007919771,3.5919435639788975,1.0,44.479166666666664,5.409048940437468,11,3,walk,walk_fixed_bsp_0.1,bsp,0.1,fixed,8,0.015625,36,4,4,4,1.0,0.1111111111111111,1.0,4,1.0,16.9165,20.48915,0,0.6480000000000001,0.6480000000000001,0.3
0.11341145833333333,1.9643045616914172,0.05892649655139981,3.2543895190307786,1.0,34.4375,5.0353898719198815,12,0,walk,walk_fixed_bsp_0.1,bsp,0.1,fixed,8,0.015625,36,8,5,6,0.625,0.1388888888888889,0.6666666666666666,5,1.0,16.7915,17.9682,0,0.6480000000000001,0.6480000000000001,0.3
0.00390625,2.6563121203910334,0.035973651823196846,4.056371745372452,0.875,53.958333333333336,5.791026096956691,12,1,walk,walk_fixed_bsp_0.1,bsp,0.1,fixed,8,0.015625,36,3,3,5,1.0,0.08333333333333333,1.0,3,1.0,16.708,17.68705,0,0.6480000000000001,0.6480000000000001,0.3
0.041666666666666664,2.676888948889765,0.07067059238918316,3.342220321861227,1.0,30.0,4.870517808448762,12,2,walk,walk_fixed_bsp_0.1,bsp,0.1,fixed,8,0.015625,36,6,3,4,0.5,0.08333333333333333,0.4,3,1.0,16.6665,17.7626,0,0.6480000000000001,0.6480000000000001,0.3
0.00043402777777777775,3.6501246294791727,0.049424880877160404,3.4509923647563867,1.0,39.479166666666664,5.25923027024345,12,3,walk,walk_fixed_bsp_0.1,bsp,0.1,fixed,8,0.015625,36,2,2,2,1.0,0.05555555555555555,1.0,2,1.0,16.646,17.4853,0,0.6480000000000001,0.6480000000000001,0.3
0.07560763888888888,2.75553581232942,0.08856298055654262,2.9821343665822133,1.0,26.104166666666668,4.526486323726866,10,0,walk,walk_fixed_bsp_0.2,bsp,0.2,fixed,8,0.015625,36,4,4,5,1.0,0.1111111111111111,1.0,4,1.0,16.917,19.56665,0,0.6480000000000001,0.6480000000000001,0.3
0.06575520833333333,2.5645862996904545,0.06593559243351425,2.990017370567619,1.0,30.375,4.833606314552413,10,1,walk,walk_fixed_bsp_0.2,bsp,0.2,fixed,8,0.015625,36,3,3,5,1.0,0.08333333333333333,1.0,3,1.0,16.896,18.482999999999997,0,0.6480000000000001,0.6480000000000001,0.3
0.0010850694444444443,3.4456416146913456,0.04026061688654489,3.695944080011756,1.0,55.5625,5.767089422191405,10,2,walk,walk_fixed_bsp_0.2,bsp,0.2,fixed,8,0.015625,36,1,1,1,1.0,0.027777777777777776,1.0,1,1.0,16.771,18.00395,0,0.6480000000000001,0.6480000000000001,0.3
0.0016741071428571428,2.370021245854951,0.07062022166551866,3.3841415620304303,1.0,33.520833333333336,4.921132390511752,10,3,walk,walk_fixed_bsp_0.2,bsp,0.2,fixed,8,0.015625,36,5,5,7,1.0,0.1388888888888889,1.0,5,1.0,16.9165,19.724899999999998,0,0.6480000000000001,0.6480000000000001,0.3
0.004424358916546417,1.9536032399113887,0.06751389637773055,2.978338337983318,1.0,36.625,5.018734073824091,11,0,walk,walk_fixed_bsp_0.2,bsp,0.2,fixed,8,0.015625,36,3,3,4,1.0,0.08333333333333333,1.0,3,1.0,16.771,17.7329,0,0.6480000000000001,0.6480000000000001,0.3
0.003228339947089947,3.261600549496393,0.06290494359002864,3.9431836378313805,0.8125,36.166666666666664,5.065824131158917,11,1,walk,walk_fixed_bsp_0.2,bsp,0.2,fixed,8,0.015625,36,7,5,5,0.7142857142857143,0.1388888888888889,1.0,5,1.0,16.646,18.123250000000002,0,0.6480000000000001,0.6480000000000001,0.3
0.0031249999999999997,4.041490422658312,0.03669845148915012,3.8153585993121677,0.9583333333333334,46.4375,5.498091878030443,11,2,walk,walk_fixed_bsp_0.2,bsp,0.2,fixed,8,0.015625,36,3,2,3,0.6666666666666666,0.05555555555555555,0.6666666666666666,2,1.0,16.791,17.5522,0,0.6480000000000001,0.6480000000000001,0.3
0.04405381944444444,4.796984694597196,0.04089123007919771,3.5919435639788975,1.0,44.479166666666664,5.409048940437468,11,3,walk,walk_fixed_bsp_0.2,bsp,0.2,fixed,8,0.015625,36,4,4,4,1.0,0.1111111111111111,1.0,4,1.0,17.0,19.607999999999997,0,0.6480000000000001,0.6480000000000001,0.3
0.17093460648148148,1.8448272495757596,0.07558976481671978,3.1877057690304613,1.0,31.979166666666668,4.8767281436781715,12,0,walk,walk_fixed_bsp_0.2,bsp,0.2,fixed,8,0.015625,36,8,5,6,0.625,0.1388888888888889,0.6666666666666666,5,1.0,16.667,17.87225,0,0.6480000000000001,0.6480000000000001,0.3
0.00390625,2.6563121203910334,0.035973651823196846,4.056371745372452,0.875,53.958333333333336,5.791026096956691,12,1,walk,walk_fixed_bsp_0.2,bsp,0.2,fixed,8,0.015625,36,3,3,5,1.0,0.08333333333333333,1.0,3,1.0,16.6455,19.751749999999994,0,0.6480000000000001,0.6480000000000001,0.3
0.08333333333333333,2.5678041993585197,0.09024914158042836,3.2034903739610026,1.0,26.041666666666668,4.595525199024677,12,2,walk,walk_fixed_bsp_0.2,bsp,0.2,fixed,8,0.015625,36,6,5,6,0.8333333333333334,0.1388888888888889,0.8,5,1.0,16.6665,17.78925,0,0.6480000000000001,0.6480000000000001,0.3
0.00043402777777777775,3.786803421230339,0.056400814849886766,3.424929632449725,1.0,37.979166666666664,5.1781852419041465,12,3,walk,walk_fixed_bsp_0.2,bsp,0.2,fixed,8,0.015625,36,2,2,2,1.0,0.05555555555555555,1.0,2,1.0,16.833,17.97665,0,0.6480000000000001,0.6480000000000001,0.3
0.20060763888888888,1.3769437095397554,0.16576795542082137,2.3967001332611053,1.0,19.583333333333332,3.920633402565177,10,0,walk,walk_adaptive_none_1,none,1,adaptive,8,0.015625,36,4,4,8,1.0,0.1111111111111111,1.0,4,1.0,2.3125,3.45865,0,0.6480000000000001,0.6480000000000001,0.3
0.21056173255465707,1.7062495117676064,0.19987864892766072,2.67377866404961,0.9583333333333334,17.583333333333332,3.709020832320736,10,1,walk,walk_adaptive_none_1,none,1,adaptive,8,0.015625,36,3,3,7,1.0,0.08333333333333333,1.0,3,1.0,2.208,2.65165,0,0.6480000000000001,0.6480000000000001,0.3
0.021939404121863796,2.2080360332125935,0.08837131978135555,3.3049953291054925,1.0,35.729166666666664,4.932885728006593,10,2,walk,walk_adaptive_none_1,none,1,adaptive,8,0.015625,36,1,1,4,1.0,0.027777777777777776,1.0,1,1.0,2.167,2.4705999999999997,0,0.6480000000000001,0.6480000000000001,0.3
0.14750744047619047,1.4887800334678183,0.1414919206760308,2.628464875695174,1.0,20.520833333333332,4.144097203809305,10,3,walk,walk_adaptive_none_1,none,1,adaptive,8,0.015625,36,5,5,10,1.0,0.1388888888888889,1.0,5,1.0,2.1665,2.4982499999999996,0,0.6480000000000001,0.6480000000000001,0.3
0.2720546814296814,1.5078776965149838,0.1391872099382702,2.4112323629144403,1.0,24.0625,4.244138491171059,11,0,walk,walk_adaptive_none_1,none,1,adaptive,8,0.015625,36,3,3,8,1.0,0.08333333333333333,1.0,3,1.0,2.1455,2.4433000000000002,0,0.6480000000000001,0.6480000000000001,0.3
0.0014105243161094223,2.860059423674198,0.12160691473668951,3.483295037117191,0.8125,30.645833333333332,4.52686260836485,11,1,walk,walk_adaptive_none_1,none,1,adaptive,8,0.015625,36,7,7,8,1.0,0.19444444444444445,1.0,7,1.0,2.125,2.4829,0,0.6480000000000001,0.6480000000000001,0.3
0.08732182767743113,2.03349586550573,0.17006384196329485,2.6686747875547976,1.0,26.291666666666668,4.225066344023652,11,2,walk,walk_adaptive_none_1,none,1,adaptive,8,0.015625,36,3,3,7,1.0,0.08333333333333333,1.0,3,1.0,2.167,2.5126,0,0.6480000000000001,0.6480000000000001,0.3
0.16989908345743587,1.7483851060425362,0.08842178529394033,3.063537105657294,1.0,37.604166666666664,4.944150039036901,11,3,walk,walk_adaptive_none_1,none,1,adaptive,8,0.015625,36,4,4,5,1.0,0.1111111111111111,1.0,4,1.0,2.1665,2.6666499999999997,0,0.6480000000000001,0.6480000000000001,0.3
0.29201388888888885,1.2095789434451791,0.20395612256463366,2.4739842113963646,0.9375,21.229166666666668,3.86648057151684,12,0,walk,walk_adaptive_none_1,none,1,adaptive,8,0.015625,36,8,8,14,1.0,0.2222222222222222,1.0,8,1.0,2.1665,2.70625,0,0.6480000000000001,0.6480000000000001,0.3
0.12890625,1.701091083506867,0.10826079827580876,2.8148676876539866,1.0,30.020833333333332,4.634049819979681,12,1,walk,walk_adaptive_none_1,none,1,adaptive,8,0.015625,36,3,3,7,1.0,0.08333333333333333,1.0,3,1.0,2.167,2.5545999999999998,0,0.6480000000000001,0.6480000000000001,0.3
0.041666666666666664,2.161276118603027,0.11647832256574243,3.0233663189219455,1.0,24.9375,4.397471077159571,12,2,walk,walk_adaptive_none_1,none,1,adaptive,8,0.015625,36,6,6,7,1.0,0.16666666666666666,1.0,6,1.0,2.208,2.58125,0,0.6480000000000001,0.6480000000000001,0.3
0.04210069444444444,2.4508466504843347,0.11672577933980134,3.0080174892750087,1.0,27.333333333333332,4.494281006686527,12,3,walk,walk_adaptive_none_1,none,1,adaptive,8,0.015625,36,2,2,4,1.0,0.05555555555555555,1.0,2,1.0,2.166,2.4709499999999998,0,0.6480000000000001,0.6480000000000001,0.3
0.14678819444444444,3.3367026031570006,0.02095638210249637,3.9543698796926705,1.0,60.083333333333336,5.982811956250308,10,0,walk,walk_adaptive_random_0.25,random,0.25,adaptive,8,0.015625,36,4,0,0,0.0,0.0,0.0,0,nan,2.125,2.9541499999999994,0,0.6480000000000001,0.6480000000000001,0.3
0.16338911350703803,1.819190635988159,0.04444317808373907,3.23849580531634,1.0,38.0,5.265584414921309,10,1,walk,walk_adaptive_random_0.25,random,0.25,adaptive,8,0.015625,36,3,1,2,0.3333333333333333,0.027777777777777776,0.5,1,1.0,2.084,2.3603,0,0.6480000000000001,0.6480000000000001,0.3
0.0011060707885304658,2.49681719553848,0.05263123149362952,3.194478248011972,1.0,37.270833333333336,5.211052700157446,10,2,walk,walk_adaptive_random_0.25,random,0.25,adaptive,8,0.015625,36,1,0,1,0.0,0.0,0.0,0,1.0,2.083,2.45625,0,0.6480000000000001,0.6480000000000001,0.3
0.04296875,2.056482630525856,0.047772459761319296,3.5304238313683345,1.0,39.416666666666664,5.271999647235968,10,3,walk,walk_adaptive_random_0.25,random,0.25,adaptive,8,0.015625,36,5,3,3,0.6,0.08333333333333333,0.6,3,1.0,2.0835,2.3455999999999997,0,0.6480000000000001,0.6480000000000001,0.3
0.0637213480963481,2.18933044156469,0.028668329283639007,3.7933156976909963,1.0,53.833333333333336,5.755183062616406,11,0,walk,walk_adaptive_random_0.25,random,0.25,adaptive,8,0.015625,36,3,0,1,0.0,0.0,0.0,0,1.0,2.083,2.5122999999999998,0,0.6480000000000001,0.6480000000000001,0.3
0.003013088418673525,3.00283266605666,0.0529633007568469,4.326669504682841,0.9375,43.375,5.334460195470972,11,1,walk,walk_adaptive_random_0.25,random,0.25,adaptive,8,0.015625,36,7,2,3,0.2857142857142857,0.05555555555555555,0.4,2,1.0,2.125,2.3869499999999997,0,0.6480000000000001,0.6480000000000001,0.3
0.08732182767743113,2.114538154501076,0.10812306274320478,3.6140676139387065,1.0,49.520833333333336,5.251540698708612,11,2,walk,walk_adaptive_random_0.25,random,0.25,adaptive,8,0.015625,36,3,2,3,0.6666666666666666,0.05555555555555555,0.6666666666666666,2,1.0,2.0835,2.3732499999999996,0,0.6480000000000001,0.6480000000000001,0.3
0.0011490834574358602,4.424869425007303,0.039913264690494214,3.653384679770836,1.0,43.479166666666664,5.3872973316571695,11,3,walk,walk_adaptive_random_0.25,random,0.25,adaptive,8,0.015625,36,4,1,3,0.25,0.027777777777777776,0.3333333333333333,1,1.0,2.0625,2.6061499999999995,0,0.6480000000000001,0.6480000000000001,0.3
0.10451388888888889,2.4061787782574804,0.05958854636414782,3.4067082087719367,1.0,37.375,5.150319486673592,12,0,walk,walk_adaptive_random_0.25,random,0.25,adaptive,8,0.015625,36,8,2,3,0.25,0.05555555555555555,0.3333333333333333,2,1.0,2.083,2.3603,0,0.6480000000000001,0.6480000000000001,0.3
0.00390625,5.719077235782819,0.04044977908057785,4.017403179447025,0.9375,45.166666666666664,5.470733857213408,12,1,walk,walk_adaptive_random_0.25,random,0.25,adaptive,8,0.015625,36,3,0,2,0.0,0.0,0.0,0,1.0,2.166,2.4271999999999996,0,0.6480000000000001,0.6480000000000001,0.3
0.0,4.67896554027264,0.04967950699688831,3.640104793925772,1.0,37.708333333333336,5.193267144159575,12,2,walk,walk_adaptive_random_0.25,random,0.25,adaptive,8,0.015625,36,6,2,4,0.3333333333333333,0.05555555555555555,0.4,2,1.0,2.083,2.3872999999999998,0,0.6480000000000001,0.6480000000000001,0.3
0.00043402777777777775,5.9511196656420635,0.03147897887932651,3.946376469978643,1.0,51.5,5.685992767048252,12,3,walk,walk_adaptive_random_0.25,random,0.25,adaptive,8,0.015625,36,2,0,1,0.0,0.0,0.0,0,1.0,2.083,2.40165,0,0.6480000000000001,0.6480000000000001,0.3
0.044140624999999996,3.0950989205724837,0.03178104614406986,3.986780302762076,0.9791666666666666,48.104166666666664,5.626999584950165,10,0,walk,walk_adaptive_rate_4,rate,4,adaptive,8,0.015625,36,4,2,2,0.5,0.05555555555555555,0.6666666666666666,2,1.0,2.25,3.237499999999999,0,0.6480000000000001,0.6480000000000001,0.3
0.01003219012619419,2.7066708990708803,0.027080792609350434,3.7054234153766763,1.0,57.208333333333336,5.895828156726865,10,1,walk,walk_adaptive_rate_4,rate,4,adaptive,8,0.015625,36,3,0,0,0.0,0.0,0.0,0,nan,2.208,2.4853,0,0.6480000000000001,0.6480000000000001,0.3
0.0010850694444444443,6.37651464859774,0.01905896078846672,4.034023676937358,1.0,59.0,5.968453096383615,10,2,walk,walk_adaptive_rate_4,rate,4,adaptive,8,0.015625,36,1,0,0,0.0,0.0,0.0,0,nan,2.2295,2.52665,0,0.6480000000000001,0.6480000000000001,0.3
0.0008060515873015874,4.735162819388278,0.026427533126477346,3.883280050818438,1.0,50.729166666666664,5.692960127806143,10,3,walk,walk_adaptive_rate_4,rate,4,adaptive,8,0.015625,36,5,2,2,0.4,0.05555555555555555,0.4,2,1.0,2.2085,2.4705999999999997,0,0.6480000000000001,0.6480000000000001,0.3
0.0012213480963480963,4.2948925058266765,0.025304833129387527,3.8044100498259685,1.0,58.145833333333336,5.916359012289383,11,0,walk,walk_adaptive_rate_4,rate,4,adaptive,8,0.015625,36,3,0,0,0.0,0.0,0.0,0,nan,2.167,2.48565,0,0.6480000000000001,0.6480000000000001,0.3
0.10718625992063492,2.850281717362822,0.07184783383919684,3.5500097466272513,0.9375,38.083333333333336,5.027143465932602,11,1,walk,walk_adaptive_rate_4,rate,4,adaptive,8,0.015625,36,7,3,3,0.42857142857142855,0.08333333333333333,0.6,3,1.0,2.167,2.4853,0,0.6480000000000001,0.6480000000000001,0.3
0.0039872942815157835,6.2596345886081295,0.017224252488102516,4.154678445412201,1.0,59.875,5.988388293453293,11,2,walk,walk_adaptive_rate_4,rate,4,adaptive,8,0.015625,36,3,0,0,0.0,0.0,0.0,0,nan,2.208,2.55395,0,0.6480000000000001,0.6480000000000001,0.3
0.0018801787197302554,3.6484733045117075,0.029367037464913547,3.9603379229867968,0.9583333333333334,53.166666666666664,5.747370372407037,11,3,walk,walk_adaptive_rate_4,rate,4,adaptive,8,0.015625,36,4,1,1,0.25,0.027777777777777776,0.3333333333333333,1,1.0,2.167,2.9544999999999995,0,0.6480000000000001,0.6480000000000001,0.3
0.022054681429681432,2.8649661541000984,0.02741024579542246,3.7115437843828456,1.0,50.833333333333336,5.726568132160928,12,0,walk,walk_adaptive_rate_4,rate,4,adaptive,8,0.015625,36,8,2,2,0.25,0.05555555555555555,0.3333333333333333,2,1.0,2.167,2.48565,0,0.6480000000000001,0.6480000000000001,0.3
0.00390625,5.0195047857875945,0.037075099797590584,4.32346278340299,1.0,57.020833333333336,5.81324428537793,12,1,walk,walk_adaptive_rate_4,rate,4,adaptive,8,0.015625,36,3,0,0,0.0,0.0,0.0,0,nan,2.167,2.4972499999999997,0,0.6480000000000001,0.6480000000000001,0.3
0.0,5.9202406266271455,0.03325695345489399,4.314771537235699,0.875,59.0,5.887944597612087,12,2,walk,walk_adaptive_rate_4,rate,4,adaptive,8,0.015625,36,6,1,1,0.16666666666666666,0.027777777777777776,0.2,1,1.0,2.167,2.4709499999999998,0,0.6480000000000001,0.6480000000000001,0.3
0.0010850694444444443,5.3547660604858835,0.028629700779692766,3.8800049301284987,1.0,54.083333333333336,5.778539563879757,12,3,walk,walk_adaptive_rate_4,rate,4,adaptive,8,0.015625,36,2,1,1,0.5,0.027777777777777776,0.5,1,1.0,2.1875,2.41425,0,0.6480000000000001,0.6480000000000001,0.3
0.14830729166666667,2.1329322198092617,0.07835738538668338,3.019021988180233,1.0,39.125,5.053560604703059,10,0,walk,walk_adaptive_coarse_2,coarse,2,adaptive,8,0.015625,36,4,3,4,0.75,0.08333333333333333,0.6666666666666666,3,1.0,2.396,3.7146999999999992,0,0.6480000000000001,0.6480000000000001,0.3
0.17306857638888887,1.5281728542471316,0.0839848540096027,2.7025178364397324,1.0,29.041666666666668,4.71297922580941,10,1,walk,walk_adaptive_coarse_2,coarse,2,adaptive,8,0.015625,36,3,2,4,0.6666666666666666,0.05555555555555555,0.5,2,1.0,2.2705,2.65165,0,0.6480000000000001,0.6480000000000001,0.3
0.16775173611111108,2.538899081395132,0.06556749885657291,3.187415420771489,1.0,35.791666666666664,5.06160875097001,10,2,walk,walk_adaptive_coarse_2,coarse,2,adaptive,8,0.015625,36,1,0,4,0.0,0.0,0.0,0,1.0,2.208,2.8998999999999997,0,0.6480000000000001,0.6480000000000001,0.3
0.10579427083333333,1.856404381239842,0.08975416341941471,2.922450395010797,1.0,29.041666666666668,4.674308485790622,10,3,walk,walk_adaptive_coarse_2,coarse,2,adaptive,8,0.015625,36,5,1,4,0.2,0.027777777777777776,0.2,1,1.0,2.1665,2.6205,0,0.6480000000000001,0.6480000000000001,0.3
0.0009765625,2.4728940902385923,0.09371682914007255,2.9506775381184753,1.0,28.4375,4.524642554867385,11,0,walk,walk_adaptive_coarse_2,coarse,2,adaptive,8,0.015625,36,3,1,4,0.3333333333333333,0.027777777777777776,0.3333333333333333,1,1.0,2.167,2.5273,0,0.6480000000000001,0.6480000000000001,0.3
0.0380859375,2.3673852847852235,0.10149020499410948,3.2970753571260563,0.9583333333333334,31.125,4.653003325651148,11,1,walk,walk_adaptive_coarse_2,coarse,2,adaptive,8,0.015625,36,7,5,7,0.7142857142857143,0.1388888888888889,1.0,5,1.0,2.167,2.459,0,0.6480000000000001,0.6480000000000001,0.3
0.010416666666666666,2.7817507571789246,0.06349089418088966,3.90140672106792,0.8958333333333334,40.75,5.173490316041553,11,2,walk,walk_adaptive_coarse_2,coarse,2,adaptive,8,0.015625,36,3,2,3,0.6666666666666666,0.05555555555555555,0.6666666666666666,2,1.0,2.125,2.5959499999999998,0,0.6480000000000001,0.6480000000000001,0.3
0.2099609375,2.1033802714140664,0.14166616827112366,2.8529917308142867,1.0,27.875,4.23989901151292,11,3,walk,walk_adaptive_coarse_2,coarse,2,adaptive,8,0.015625,36,4,3,8,0.75,0.08333333333333333,1.0,3,1.0,2.2085,2.7874999999999996,0,0.6480000000000001,0.6480000000000001,0.3
0.136328125,1.7271280115059817,0.1020127905436944,2.8432021868261117,1.0,26.791666666666668,4.475754977951808,12,0,walk,walk_adaptive_coarse_2,coarse,2,adaptive,8,0.015625,36,8,4,6,0.5,0.1111111111111111,0.6666666666666666,4,1.0,2.167,2.6103,0,0.6480000000000001,0.6480000000000001,0.3
0.037760416666666664,1.6787996916686785,0.1591181711704112,2.6281991644297213,1.0,21.5,3.8425025777099484,12,1,walk,walk_adaptive_coarse_2,coarse,2,adaptive,8,0.015625,36,3,3,10,1.0,0.08333333333333333,1.0,3,1.0,2.167,2.4982499999999996,0,0.6480000000000001,0.6480000000000001,0.3
0.12662760416666666,2.277750182471146,0.10657117730463948,2.8747852775016685,1.0,24.416666666666668,4.379731752433624,12,2,walk,walk_adaptive_coarse_2,coarse,2,adaptive,8,0.015625,36,6,2,7,0.3333333333333333,0.05555555555555555,0.4,2,1.0,2.167,2.458,0,0.6480000000000001,0.6480000000000001,0.3
0.06358506944444443,2.3629269015156122,0.09063414179625247,3.046786945849884,1.0,27.645833333333332,4.632709812687776,12,3,walk,walk_adaptive_coarse_2,coarse,2,adaptive,8,0.015625,36,2,2,6,1.0,0.05555555555555555,1.0,2,1.0,2.1665,2.48565,0,0.6480000000000001,0.6480000000000001,0.3
0.0024739583333333332,3.8842066046426864,0.06420143613677032,3.826747424831288,0.9583333333333334,35.75,5.007341912606692,10,0,walk,walk_adaptive_positive_only_0.1,positive_only,0.1,adaptive,8,0.015625,36,4,3,7,0.75,0.08333333333333333,0.6666666666666666,3,1.0,8.584,9.8978,0,0.6480000000000001,0.6480000000000001,0.3
0.10601128472222222,3.1802181654098436,0.07319389426914981,3.5433990431239373,1.0,31.229166666666668,4.830201031446484,10,1,walk,walk_adaptive_positive_only_0.1,positive_only,0.1,adaptive,8,0.015625,36,3,2,7,0.6666666666666666,0.05555555555555555,0.5,2,1.0,8.5415,9.02665,0,0.6480000000000001,0.6480000000000001,0.3
0.0010850694444444443,2.821718254798094,0.10197540238453388,3.3377384631895772,1.0,28.020833333333332,4.58909300759627,10,2,walk,walk_adaptive_positive_only_0.1,positive_only,0.1,adaptive,8,0.015625,36,1,1,3,1.0,0.027777777777777776,1.0,1,1.0,8.541,9.12115,0,0.6480000000000001,0.6480000000000001,0.3
0.1370907738095238,1.5051850362653074,0.09946073312554192,2.8769993480235097,1.0,26.5625,4.535043711142935,10,3,walk,walk_adaptive_positive_only_0.1,positive_only,0.1,adaptive,8,0.015625,36,5,3,9,0.6,0.08333333333333333,0.6,3,1.0,8.5,9.1103,0,0.6480000000000001,0.6480000000000001,0.3
0.12649739583333333,2.0917448432326378,0.08948831053316829,3.1026775529305195,1.0,31.520833333333332,4.770073150570275,11,0,walk,walk_adaptive_positive_only_0.1,positive_only,0.1,adaptive,8,0.015625,36,3,1,3,0.3333333333333333,0.027777777777777776,0.3333333333333333,1,1.0,8.583,9.03925,0,0.6480000000000001,0.6480000000000001,0.3
0.004752604166666666,3.0746793952542557,0.07216092421357699,4.200766776685926,0.7916666666666666,32.604166666666664,4.874568576878873,11,1,walk,walk_adaptive_positive_only_0.1,positive_only,0.1,adaptive,8,0.015625,36,7,2,9,0.2857142857142857,0.05555555555555555,0.4,2,1.0,8.5,8.95625,0,0.6480000000000001,0.6480000000000001,0.3
0.015625,3.1413128888073913,0.07166311495728829,3.622994451747633,0.9166666666666666,35.583333333333336,4.993249174381664,11,2,walk,walk_adaptive_positive_only_0.1,positive_only,0.1,adaptive,8,0.015625,36,3,1,3,0.3333333333333333,0.027777777777777776,0.3333333333333333,1,1.0,8.562999999999999,9.1625,0,0.6480000000000001,0.6480000000000001,0.3
0.0030164930555555552,2.3051837533552013,0.06455787297303327,3.400381404120052,0.9791666666666666,32.1875,4.851215260750904,11,3,walk,walk_adaptive_positive_only_0.1,positive_only,0.1,adaptive,8,0.015625,36,4,2,9,0.5,0.05555555555555555,0.6666666666666666,2,1.0,8.542,9.479049999999999,0,0.6480000000000001,0.6480000000000001,0.3
0.14691840277777776,2.5441535113605203,0.06235922149348943,3.700026333123157,0.9375,35.708333333333336,5.068389171426266,12,0,walk,walk_adaptive_positive_only_0.1,positive_only,0.1,adaptive,8,0.015625,36,8,4,9,0.5,0.1111111111111111,0.6666666666666666,4,1.0,8.521,9.1103,0,0.6480000000000001,0.6480000000000001,0.3
0.024739583333333332,1.8078914983245775,0.07288192705332656,3.2192724848199887,1.0,38.145833333333336,5.031388697014454,12,1,walk,walk_adaptive_positive_only_0.1,positive_only,0.1,adaptive,8,0.015625,36,3,3,7,1.0,0.08333333333333333,1.0,3,1.0,8.5205,8.9443,0,0.6480000000000001,0.6480000000000001,0.3
0.0,2.5138128728067675,0.06664506426888771,3.644901009790392,0.9583333333333334,42.0625,5.252007488081138,12,2,walk,walk_adaptive_positive_only_0.1,positive_only,0.1,adaptive,8,0.015625,36,6,3,6,0.5,0.08333333333333333,0.4,3,1.0,8.459,8.95625,0,0.6480000000000001,0.6480000000000001,0.3
0.16710069444444442,2.2408524769303373,0.07210110865553158,3.1465005519988,1.0,31.333333333333332,4.83211128429119,12,3,walk,walk_adaptive_positive_only_0.1,positive_only,0.1,adaptive,8,0.015625,36,2,2,6,1.0,0.05555555555555555,1.0,2,1.0,8.521,9.11065,0,0.6480000000000001,0.6480000000000001,0.3
0.10470920138888888,2.1985933222184144,0.0422293453344526,3.2024615724842085,1.0,30.520833333333332,4.975596697579456,10,0,walk,walk_adaptive_bsp_0.05,bsp,0.05,adaptive,8,0.015625,36,4,2,11,0.5,0.05555555555555555,0.6666666666666666,2,1.0,16.5625,19.10625,0,0.6480000000000001,0.6480000000000001,0.3
0.02007378472222222,4.110847428823669,0.04114997260317396,3.662013709823689,1.0,34.5,5.124126996424143,10,1,walk,walk_adaptive_bsp_0.05,bsp,0.05,adaptive,8,0.015625,36,3,0,8,0.0,0.0,0.0,0,1.0,16.542,17.43915,0,0.6480000000000001,0.6480000000000001,0.3
0.02398003472222222,2.5558302794225853,0.04475735864401852,3.303082700899452,1.0,36.895833333333336,5.255916552804461,10,2,walk,walk_adaptive_bsp_0.05,bsp,0.05,adaptive,8,0.015625,36,1,1,9,1.0,0.027777777777777776,1.0,1,1.0,16.4375,17.5046,0,0.6480000000000001,0.6480000000000001,0.3
0.042472718253968256,1.9461749715209473,0.04146865141288509,3.368389255540935,1.0,39.375,5.332547525804515,10,3,walk,walk_adaptive_bsp_0.05,bsp,0.05,adaptive,8,0.015625,36,5,2,8,0.4,0.05555555555555555,0.4,2,1.0,16.625,17.345950000000002,0,0.6480000000000001,0.6480000000000001,0.3
0.0014973958333333332,3.3178714903325837,0.04092830194746608,3.6509453470298223,0.9583333333333334,40.333333333333336,5.333186766799439,11,0,walk,walk_adaptive_bsp_0.05,bsp,0.05,adaptive,8,0.015625,36,3,1,6,0.3333333333333333,0.027777777777777776,0.3333333333333333,1,1.0,17.188000000000002,20.452099999999998,0,0.6480000000000001,0.6480000000000001,0.3
0.004752604166666666,5.112925538929752,0.040870244546086905,4.4046270943906825,0.8958333333333334,39.375,5.285990033398691,11,1,walk,walk_adaptive_bsp_0.05,bsp,0.05,adaptive,8,0.015625,36,7,2,8,0.2857142857142857,0.05555555555555555,0.4,2,1.0,16.7915,19.112499999999997,0,0.6480000000000001,0.6480000000000001,0.3
0.004318576388888888,3.6031803819761667,0.03914976901309231,3.9055832886628497,0.8958333333333334,50.395833333333336,5.646475465860418,11,2,walk,walk_adaptive_bsp_0.05,bsp,0.05,adaptive,8,0.015625,36,3,1,3,0.3333333333333333,0.027777777777777776,0.3333333333333333,1,1.0,16.875,18.36875,0,0.6480000000000001,0.6480000000000001,0.3
0.018641493055555555,2.4243998707375503,0.040485942038474054,3.4970501812853847,1.0,39.3125,5.32054911843778,11,3,walk,walk_adaptive_bsp_0.05,bsp,0.05,adaptive,8,0.015625,36,4,2,10,0.5,0.05555555555555555,0.6666666666666666,2,1.0,16.7295,18.28935,0,0.6480000000000001,0.6480000000000001,0.3
0.001953125,7.054457251450528,0.04371562615649289,4.924470666896977,0.4166666666666667,43.791666666666664,5.4655248697493475,12,0,walk,walk_adaptive_bsp_0.05,bsp,0.05,adaptive,8,0.015625,36,8,2,9,0.25,0.05555555555555555,0.3333333333333333,2,1.0,16.625,17.56655,0,0.6480000000000001,0.6480000000000001,0.3
0.00390625,3.787586979606012,0.04377182054932762,3.886664349968271,0.875,34.625,5.070110668762243,12,1,walk,walk_adaptive_bsp_0.05,bsp,0.05,adaptive,8,0.015625,36,3,2,10,0.6666666666666666,0.05555555555555555,0.6666666666666666,2,1.0,16.604,17.68915,0,0.6480000000000001,0.6480000000000001,0.3
0.010416666666666666,4.043232829640231,0.04221056249937216,4.154657003810379,0.9375,43.5,5.402842450815825,12,2,walk,walk_adaptive_bsp_0.05,bsp,0.05,adaptive,8,0.015625,36,6,2,7,0.3333333333333333,0.05555555555555555,0.4,2,1.0,16.583,17.49375,0,0.6480000000000001,0.6480000000000001,0.3
0.01616753472222222,3.153051884003991,0.038966965142624675,3.766793402929838,0.9166666666666666,33.854166666666664,5.12432116545481,12,3,walk,walk_adaptive_bsp_0.05,bsp,0.05,adaptive,8,0.015625,36,2,1,7,0.5,0.027777777777777776,0.5,1,1.0,16.542,17.9101,0,0.6480000000000001,0.6480000000000001,0.3
0.0024739583333333332,3.8842066046426864,0.06420143613677032,3.826747424831288,0.9583333333333334,35.75,5.007341912606692,10,0,walk,walk_adaptive_bsp_0.1,bsp,0.1,adaptive,8,0.015625,36,4,3,7,0.75,0.08333333333333333,0.6666666666666666,3,1.0,16.7715,18.5873,0,0.6480000000000001,0.6480000000000001,0.3
0.0018446180555555553,4.719442399565899,0.07512663474538478,3.7172762608071253,0.8333333333333334,33.3125,4.935445527850582,10,1,walk,walk_adaptive_bsp_0.1,bsp,0.1,adaptive,8,0.015625,36,3,1,5,0.3333333333333333,0.027777777777777776,0.5,1,1.0,16.667,17.93915,0,0.6480000000000001,0.6480000000000001,0.3
0.0010850694444444443,3.6908332260902426,0.07555372742571591,3.0255877836700704,1.0,26.333333333333332,4.644433069135959,10,2,walk,walk_adaptive_bsp_0.1,bsp,0.1,adaptive,8,0.015625,36,1,1,3,1.0,0.027777777777777776,1.0,1,1.0,16.7915,17.604049999999997,0,0.6480000000000001,0.6480000000000001,0.3
0.0016741071428571428,1.9473421957312231,0.0830063041614621,3.104525591929866,1.0,26.541666666666668,4.649927371891519,10,3,walk,walk_adaptive_bsp_0.1,bsp,0.1,adaptive,8,0.015625,36,5,4,10,0.8,0.1111111111111111,0.8,4,1.0,16.6875,19.424999999999997,0,0.6480000000000001,0.6480000000000001,0.3
0.0014973958333333332,2.765799423469042,0.07342702298161026,3.0993043224518844,1.0,29.979166666666668,4.759775853672917,11,0,walk,walk_adaptive_bsp_0.1,bsp,0.1,adaptive,8,0.015625,36,3,3,8,1.0,0.08333333333333333,1.0,3,1.0,16.541,17.75845,0,0.6480000000000001,0.6480000000000001,0.3
0.004752604166666666,3.0777141142728985,0.0661932635270693,3.9340782422057656,0.9375,32.5625,4.854337343593229,11,1,walk,walk_adaptive_bsp_0.1,bsp,0.1,adaptive,8,0.015625,36,7,2,9,0.2857142857142857,0.05555555555555555,0.4,2,1.0,16.646,17.3579,0,0.6480000000000001,0.6480000000000001,0.3
0.057291666666666664,2.4613888439185305,0.0542605039077834,3.6927751150862953,0.9166666666666666,39.145833333333336,5.194952854071752,11,2,walk,walk_adaptive_bsp_0.1,bsp,0.1,adaptive,8,0.015625,36,3,1,3,0.3333333333333333,0.027777777777777776,0.3333333333333333,1,1.0,16.5625,17.77665,0,0.6480000000000001,0.6480000000000001,0.3
0.0030164930555555552,2.292842937787568,0.0639841724506318,3.3978560307461243,0.9791666666666666,32.354166666666664,4.862115017886801,11,3,walk,walk_adaptive_bsp_0.1,bsp,0.1,adaptive,8,0.015625,36,4,2,8,0.5,0.05555555555555555,0.6666666666666666,2,1.0,16.7085,18.3818,0,0.6480000000000001,0.6480000000000001,0.3
0.14691840277777776,2.5349186443751948,0.06230893163056586,3.69366395933845,0.9583333333333334,35.895833333333336,5.077492421213144,12,0,walk,walk_adaptive_bsp_0.1,bsp,0.1,adaptive,8,0.015625,36,8,4,8,0.5,0.1111111111111111,0.6666666666666666,4,1.0,16.6045,17.7896,0,0.6480000000000001,0.6480000000000001,0.3
0.00390625,2.1136664463998955,0.07395977513472937,3.1336995510413854,1.0,37.395833333333336,5.025568896552566,12,1,walk,walk_adaptive_bsp_0.1,bsp,0.1,adaptive,8,0.015625,36,3,2,6,0.6666666666666666,0.05555555555555555,0.6666666666666666,2,1.0,16.6455,18.3579,0,0.6480000000000001,0.6480000000000001,0.3
0.0,3.2537169090311746,0.07258336950274798,4.254958890587896,0.7708333333333334,35.729166666666664,5.022156626983395,12,2,walk,walk_adaptive_bsp_0.1,bsp,0.1,adaptive,8,0.015625,36,6,3,7,0.5,0.08333333333333333,0.4,3,1.0,16.7295,21.1976,0,0.6480000000000001,0.6480000000000001,0.3
0.16710069444444442,2.302634594537092,0.06988836600293306,3.244835267900824,1.0,32.604166666666664,4.88724486909533,12,3,walk,walk_adaptive_bsp_0.1,bsp,0.1,adaptive,8,0.015625,36,2,2,6,1.0,0.05555555555555555,1.0,2,1.0,16.7295,17.52105,0,0.6480000000000001,0.6480000000000001,0.3
0.02699652777777778,3.012666564237788,0.17096107816835537,2.41453198864281,1.0,15.708333333333334,3.646517659511819,10,0,walk,walk_adaptive_bsp_0.2,bsp,0.2,adaptive,8,0.015625,36,4,3,5,0.75,0.08333333333333333,1.0,3,1.0,16.5835,18.75045,0,0.6480000000000001,0.6480000000000001,0.3
0.1476779513888889,2.0105795474102384,0.1328376313982295,2.6283011555873435,1.0,20.75,4.078019721776549,10,1,walk,walk_adaptive_bsp_0.2,bsp,0.2,adaptive,8,0.015625,36,3,3,7,1.0,0.08333333333333333,1.0,3,1.0,16.5415,17.77555,0,0.6480000000000001,0.6480000000000001,0.3
0.0010850694444444443,2.683399083443882,0.13718219208950796,3.269230296920495,0.8958333333333334,20.5625,4.082637252913204,10,2,walk,walk_adaptive_bsp_0.2,bsp,0.2,adaptive,8,0.015625,36,1,1,7,1.0,0.027777777777777776,1.0,1,1.0,16.5,17.845950000000002,0,0.6480000000000001,0.6480000000000001,0.3
0.12667410714285712,1.7480368980598062,0.08815996298402821,2.866528530686877,1.0,27.5,4.650970701530418,10,3,walk,walk_adaptive_bsp_0.2,bsp,0.2,adaptive,8,0.015625,36,5,5,6,1.0,0.1388888888888889,1.0,5,1.0,16.4165,17.50845,0,0.6480000000000001,0.6480000000000001,0.3
0.20983072916666667,1.411448326335634,0.1313517138137376,2.3831363596015334,1.0,21.25,4.068126754061322,11,0,walk,walk_adaptive_bsp_0.2,bsp,0.2,adaptive,8,0.015625,36,3,3,10,1.0,0.08333333333333333,1.0,3,1.0,16.4585,17.776749999999996,0,0.6480000000000001,0.6480000000000001,0.3
0.022160218253968255,2.5413129590207775,0.07383691035771968,3.656377103185554,0.875,39.020833333333336,5.12599345629537,11,1,walk,walk_adaptive_bsp_0.2,bsp,0.2,adaptive,8,0.015625,36,7,4,5,0.5714285714285714,0.1111111111111111,0.8,4,1.0,16.4375,17.4773,0,0.6480000000000001,0.6480000000000001,0.3
0.16145833333333334,2.772698008163522,0.07940956383886368,3.581113404774097,0.9166666666666666,30.791666666666668,4.74069396773847,11,2,walk,walk_adaptive_bsp_0.2,bsp,0.2,adaptive,8,0.015625,36,3,2,6,0.6666666666666666,0.05555555555555555,0.6666666666666666,2,1.0,16.4375,17.367,0,0.6480000000000001,0.6480000000000001,0.3
0.25301649305555557,1.3524650643749785,0.1069289412995676,2.832907348410908,0.9791666666666666,28.541666666666668,4.460313281592378,11,3,walk,walk_adaptive_bsp_0.2,bsp,0.2,adaptive,8,0.015625,36,4,4,8,1.0,0.1111111111111111,1.0,4,1.0,17.458,19.18565,0,0.6480000000000001,0.6480000000000001,0.3
0.06358506944444443,2.287130790320593,0.11922296347177068,3.3422347814707565,0.8958333333333334,24.041666666666668,4.304379234223098,12,0,walk,walk_adaptive_bsp_0.2,bsp,0.2,adaptive,8,0.015625,36,8,5,12,0.625,0.1388888888888889,0.6666666666666666,5,1.0,17.5,28.810199999999995,0,0.6480000000000001,0.6480000000000001,0.3
0.024739583333333332,1.864038550684169,0.1135494713416001,3.064445927298765,1.0,39.083333333333336,4.833282792347641,12,1,walk,walk_adaptive_bsp_0.2,bsp,0.2,adaptive,8,0.015625,36,3,3,6,1.0,0.08333333333333333,1.0,3,1.0,17.25,19.232999999999997,0,0.6480000000000001,0.6480000000000001,0.3
0.0625,2.0483983927609053,0.10152037464389464,3.1320210730004305,1.0,30.3125,4.648870999270591,12,2,walk,walk_adaptive_bsp_0.2,bsp,0.2,adaptive,8,0.015625,36,6,4,8,0.6666666666666666,0.1111111111111111,0.6,4,1.0,17.396,18.201749999999997,0,0.6480000000000001,0.6480000000000001,0.3
0.00043402777777777775,2.999827704255418,0.11763582030168324,3.253780849831014,0.875,25.041666666666668,4.355333001147484,12,3,walk,walk_adaptive_bsp_0.2,bsp,0.2,adaptive,8,0.015625,36,2,2,4,1.0,0.05555555555555555,1.0,2,1.0,17.5,19.1623,0,0.6480000000000001,0.6480000000000001,0.3
