condition,scenario,method,param,attack,side,n_clusters,n_trajectories,hit,hit_low,hit_high,error_cells,error_cells_low,error_cells_high,error_m,error_m_low,error_m_high,peak,peak_low,peak_high,logloss,logloss_low,logloss_high,covered95,covered95_low,covered95_high,credible95,credible95_low,credible95_high,entropy,entropy_low,entropy_high,prior_hit,prior_hit_low,prior_hit_high,raw_completion,raw_completion_low,raw_completion_high,coverage,coverage_low,coverage_high,reward,reward_low,reward_high,latency_slots,latency_slots_low,latency_slots_high,gate_us_p50,gate_us_p50_low,gate_us_p50_high,gate_us_p95,gate_us_p95_low,gate_us_p95_high,ece,ece_low,ece_high,utility,utility_low,utility_high
static_adaptive_pml_0.025,static,pml,0.025,adaptive,8.0,20,80,0.015625,0.015625,0.015625,3.980964259258984,3.854599804617056,4.123438107813179,3980.9642592589844,3854.5998046170553,4123.438107813176,0.015625,0.015625,0.015625,4.158883083359674,4.158883083359674,4.158883083359674,0.925,0.875,0.975,61.0,61.0,61.0,6.0,6.0,6.0,0.015625,0.015625,0.015625,0.003288782282684722,0.0016135567732366513,0.0052581212276334235,0.125,0.0625,0.2,0.125,0.0625,0.2,1.0,1.0,1.0,25.704181250000005,25.578801875000003,25.906170937500004,31.996717499999995,31.23343990624999,32.71796734375,0.0,0.0,0.0,0.036101083032490974,0.01779359430604982,0.05681818181818182
static_adaptive_pml_0.05,static,pml,0.05,adaptive,8.0,20,80,0.015625,0.015625,0.015625,3.980964259258984,3.854599804617056,4.123438107813179,3980.9642592589844,3854.5998046170553,4123.438107813176,0.015625,0.015625,0.015625,4.158883083359674,4.158883083359674,4.158883083359674,0.925,0.875,0.975,61.0,61.0,61.0,6.0,6.0,6.0,0.015625,0.015625,0.015625,0.003288782282684722,0.0016135567732366513,0.0052581212276334235,0.125,0.0625,0.2,0.125,0.0625,0.2,1.0,1.0,1.0,25.112131249999997,24.986538437500005,25.2247503125,31.066659374999993,30.167844046874997,31.959899343749992,0.0,0.0,0.0,0.036101083032490974,0.01779359430604982,0.05681818181818182
static_adaptive_pml_0.1,static,pml,0.1,adaptive,8.0,20,80,0.015625,0.015625,0.015625,3.980964259258984,3.854599804617056,4.123438107813179,3980.9642592589844,3854.5998046170553,4123.438107813176,0.015625,0.015625,0.015625,4.158883083359674,4.158883083359674,4.158883083359674,0.925,0.875,0.975,61.0,61.0,61.0,6.0,6.0,6.0,0.015625,0.015625,0.015625,0.003288782282684722,0.0016135567732366513,0.0052581212276334235,0.125,0.0625,0.2,0.125,0.0625,0.2,1.0,1.0,1.0,24.824043749999994,24.72469953125,24.965860468749995,31.075285625,29.59014175,33.236293296875,0.0,0.0,0.0,0.036101083032490974,0.01779359430604982,0.05681818181818182
static_adaptive_pml_0.25,static,pml,0.25,adaptive,8.0,20,80,0.03430552233914399,0.02023834588360084,0.05199622107957766,4.070797412298914,3.8777744734072783,4.291185129829265,4070.797412298911,3877.7744734072785,4291.185129829264,0.03959545686307893,0.03769588590964594,0.04152920553900333,3.9143970097795133,3.845745538651833,3.986135789769097,0.93203125,0.8958203124999999,0.96458984375,49.6140625,47.99852213541666,51.20606770833333,5.578334648196664,5.5231103886666935,5.629523594230403,0.015625,0.015625,0.015625,0.014008393337773387,0.010251626132545977,0.018183620195184647,0.45,0.3375,0.5709374999999999,0.5125,0.375,0.6625,1.0,1.0,1.0,24.49048125,24.408887968749998,24.631132656249996,30.88975874999999,29.84303324999999,32.21219899999999,0.049437167885601235,0.03716429542409073,0.06465412003833959,0.148014440433213,0.11313707410177712,0.18333633093525178
static_adaptive_pml_0.5,static,pml,0.5,adaptive,8.0,20,80,0.20399685071511242,0.16948330426897318,0.2451531827411954,2.2764765363676536,2.0789264017812608,2.472756667334031,2276.476536367653,2078.9264017812607,2472.7566673340307,0.17536568211878145,0.15436929996614127,0.19963858533923062,2.5798585470055677,2.436877710827968,2.6972962341786677,0.9442708333333334,0.9174348958333332,0.9687499999999998,22.539322916666666,20.760657552083334,24.473385416666666,3.7509815175582304,3.5757621614337665,3.908189818879154,0.015625,0.015625,0.015625,0.05828065082872669,0.04863285475850052,0.06909416770483698,0.8666666666666668,0.7874999999999999,0.95,2.075,1.725,2.4625,1.0,1.0,1.0,24.730150000000002,24.684898125,24.777858593750004,31.203749999999996,30.180405468750003,32.347039874999986,0.11243195428650896,0.09190691957773896,0.13302483356548922,0.5992779783393503,0.5422429998316594,0.6542790718824961
static_adaptive_pml_1,static,pml,1.0,adaptive,8.0,20,80,0.38216011821501494,0.32610105847515175,0.4392931024488956,1.4823964718917186,1.3063578521781236,1.6904717090946138,1482.396471891719,1306.3578521781235,1690.4717090946147,0.37183522186827717,0.3256830388489521,0.4202785811839241,1.99622327251902,1.810287718759462,2.192174623567136,0.9815104166666668,0.9676953124999998,0.9940104166666668,18.669010416666666,16.858125,20.771731770833334,2.9432357175231756,2.7032581253346892,3.2061177709703768,0.015625,0.015625,0.015625,0.0807697245879172,0.06935488615731823,0.09242569401181515,0.95,0.8875,1.0,2.8875,2.4625,3.325,1.0,1.0,1.0,26.03504375,25.937058124999997,26.14783734375,33.49540187499999,31.956504624999997,35.31783978125,0.0853166348823565,0.07637668511794982,0.09420260571872792,0.8339350180505416,0.7789030612244898,0.8880014925373134
static_adaptive_pml_2,static,pml,2.0,adaptive,8.0,20,80,0.45266894287140724,0.40943664723464385,0.49686017565233004,1.28928649528525,1.1385716344173342,1.4490711164374424,1289.28649528525,1138.5716344173345,1449.071116437443,0.44530068880808765,0.40784057249512157,0.48208844537361767,1.7593450967392943,1.615854021988132,1.9194385340771443,0.978125,0.9552083333333334,0.9942773437500001,16.472395833333334,14.630813802083335,18.493704427083333,2.601062513102608,2.4044769113547613,2.807025098936108,0.015625,0.015625,0.015625,0.09087960253601897,0.08003514831370608,0.10312460698063576,0.9875,0.9625,1.0,3.25,2.8375,3.7003125,1.0,1.0,1.0,26.197275,26.13722609375,26.26043640625,32.650300625,31.775776078125,33.472028890625,0.10109657060031993,0.08793156731424391,0.1148641831991786,0.9386281588447654,0.9180283957845433,0.9597069597069596
static_adaptive_pml_4,static,pml,4.0,adaptive,8.0,20,80,0.49341923467061655,0.43347581112225114,0.5470938535561594,1.2769826174218477,1.1064117099927138,1.4645727936933186,1276.9826174218476,1106.4117099927141,1464.5727936933183,0.5175028927087394,0.46910311877647065,0.5597947684061468,1.6270690755168526,1.4441792331266785,1.838495874859284,0.9804687499999998,0.9697916666666666,0.9898502604166667,14.060677083333331,12.33473958333333,15.932480468749993,2.259757650551695,2.0327577444358895,2.509537904498985,0.015625,0.015625,0.015625,0.09645925201079228,0.08432393974046488,0.10952589525613637,1.0,1.0,1.0,3.45,3.0125,3.9375,1.0,1.0,1.0,25.896937499999996,25.85718375,25.9425921875,32.23661187499999,31.5173211875,32.966988421875,0.1008729352901897,0.08502437137880933,0.11824060980829666,0.996389891696751,0.9883709619039001,1.0
static_adaptive_pml_8,static,pml,8.0,adaptive,8.0,20,80,0.4972204601503479,0.4558897258507447,0.5407952444018392,1.2791671276989414,1.131564665001394,1.4313981798471387,1279.1671276989414,1131.5646650013941,1431.3981798471389,0.5185459513310063,0.4838403994081975,0.555059524311038,1.5968727231607613,1.4540136681628617,1.7513951519408968,0.9846354166666667,0.9755208333333334,0.9924479166666667,14.382291666666669,12.731529947916666,16.169654947916666,2.2765617633968143,2.073037583919302,2.4694103295469025,0.015625,0.015625,0.015625,0.09682689906961582,0.08472475307532071,0.10962736636550895,1.0,1.0,1.0,3.4625,3.025,3.95,1.0,1.0,1.0,26.5041,26.451739375000002,26.556314062499997,32.95779374999999,32.207979812499985,33.707671609375,0.09403366160948498,0.0804018273576583,0.10718842783419372,1.0,1.0,1.0
static_adaptive_privic_0,static,privic,0.0,adaptive,8.0,20,80,0.19270039543592407,0.1547878022270161,0.23699283587295986,2.408179457615879,2.2133112420135124,2.6329393007414104,2408.1794576158795,2213.311242013512,2632.9393007414105,0.21080088856844367,0.17688909290899849,0.24744251053262917,2.7943550917313584,2.6235914009105263,2.9711871423104568,0.9398437499999999,0.9125000000000002,0.9653710937500001,26.020052083333336,24.42936197916667,27.47727864583333,3.8693807098875914,3.686145732337915,4.040549643089192,0.015625,0.015625,0.015625,0.049363872524771556,0.040666783616002546,0.057159350981952316,0.8791666666666667,0.7833333333333334,0.9625,1.775,1.45,2.05,1.0,1.0,1.0,4.4174625,4.3903454687500005,4.44819125,5.4271818750000005,5.255558453124999,5.6779706406249995,0.16040222180230923,0.14029226346202975,0.17935003921057888,0.5126353790613718,0.44910505430242276,0.5837362867488111
static_adaptive_privic_0.1,static,privic,0.1,adaptive,8.0,20,80,0.43107770835774,0.3772289143644616,0.4842080874188454,1.4672269799071196,1.2819942054656408,1.665393410297431,1467.2269799071196,1281.994205465641,1665.3934102974313,0.42767070471180474,0.395675620763583,0.4593973090596646,1.9313805821527055,1.7321007340972738,2.1431966225109664,0.965625,0.9416666666666667,0.9856770833333333,17.31614583333333,15.685572916666667,18.902135416666663,2.800762235167542,2.6164782806546327,2.9741238704971065,0.015625,0.015625,0.015625,0.062003209605203925,0.05074442372577499,0.07444175603311276,0.9083333333333332,0.825,0.975,2.225,1.825,2.675,1.0,1.0,1.0,4.504618750000001,4.489439531249999,4.52052546875,5.386233750000001,5.3316381250000004,5.443122671875001,0.1578257989134267,0.14092169771078877,0.17618739760862487,0.6425992779783394,0.5789379699248121,0.6993263251406573
static_adaptive_privic_0.3,static,privic,0.3,adaptive,8.0,20,80,0.42309267332979905,0.36531772733817824,0.48147642216861397,1.439007329750226,1.2413041317454705,1.6568754003403479,1439.007329750226,1241.3041317454708,1656.8754003403476,0.42301005204743863,0.38685782177570777,0.4561773480814384,1.977211829346619,1.7598642527833184,2.232251305325208,0.9635416666666666,0.9361979166666666,0.9843815104166667,17.515625,15.88842447916667,19.126321614583333,2.8172368090634974,2.62263124222788,3.0098933372756425,0.015625,0.015625,0.015625,0.060919836739928776,0.049888414445867245,0.07272735761384769,0.9083333333333332,0.825,0.975,2.1875,1.8,2.6003125,1.0,1.0,1.0,4.4539625,4.441505937500001,4.4669215625,5.360777499999999,5.287077390625,5.4485723437499995,0.18424171425365127,0.1629186831763954,0.20701887942496477,0.631768953068592,0.5724517848079851,0.6864777491984073
static_adaptive_privic_1,static,privic,1.0,adaptive,8.0,20,80,0.38977503942956304,0.34005703446987134,0.4409610343429581,1.5935270373606751,1.4032226431133057,1.77988622152293,1593.5270373606752,1403.222643113306,1779.8862215229306,0.3688251304946856,0.3407568998378982,0.4023225095294552,2.103355568286437,1.930865485663723,2.274592185174433,0.9572916666666667,0.9296809895833333,0.98203125,17.81015625,16.693404947916665,18.969804687499998,3.030959454649629,2.872071541230356,3.17876125307377,0.015625,0.015625,0.015625,0.06726190685006003,0.058351880820604884,0.07633681911784274,0.9458333333333334,0.8998958333333333,0.9875,2.4125,2.1,2.7256249999999995,1.0,1.0,1.0,4.5754,4.557036562499999,4.59607125,5.43842375,5.387655874999997,5.493804249999999,0.2161992662044458,0.1969991578810355,0.23821565648107898,0.6967509025270758,0.625396986970684,0.7626519314854187
static_adaptive_privic_3,static,privic,3.0,adaptive,8.0,20,80,0.4932985364029623,0.4286517911578704,0.5485369102757153,1.2860944158096435,1.1122545221416003,1.4887652864963032,1286.0944158096438,1112.2545221416003,1488.7652864963027,0.4771213663645053,0.4319888671963879,0.5154881718986583,1.770648863488503,1.5766523358815172,1.9926371569941266,0.96875,0.94765625,0.9864648437500001,15.051302083333331,13.361555989583334,16.8212109375,2.5249908960323637,2.3142828142212997,2.763110191313744,0.015625,0.015625,0.015625,0.08499119753499944,0.07498553840146997,0.0951232510073701,1.0,1.0,1.0,3.05,2.675,3.425,1.0,1.0,1.0,4.428993749999999,4.410354999999999,4.4488843750000004,5.3576187499999985,5.289567703124999,5.439192109375001,0.17728007709467838,0.15885985206170744,0.1983528725543454,0.8808664259927798,0.8333333333333334,0.9271274450494051
static_adaptive_privic_10,static,privic,10.0,adaptive,8.0,20,80,0.48851236147147803,0.42179275715335623,0.5507029912825698,1.2929697932154611,1.0817480502994041,1.5399043833386286,1292.9697932154613,1081.7480502994042,1539.9043833386286,0.49919865196645646,0.4537171578176589,0.5399643286088391,1.7158559376098204,1.5245879305949936,1.9295646870816177,0.9755208333333334,0.9518098958333334,0.9940104166666668,15.166145833333335,13.38390625,17.16583333333333,2.4223409509098577,2.208746212702091,2.6731797577665017,0.015625,0.015625,0.015625,0.0903511379638737,0.07907553955352159,0.10143828151317397,1.0,1.0,1.0,3.2375,2.8246875,3.6506249999999993,1.0,1.0,1.0,4.44438125,4.43114859375,4.45770390625,5.3353206250000005,5.281620265625,5.39624753125,0.16234082745024322,0.14580028228292127,0.1818777612821395,0.9350180505415162,0.9047576981322565,0.9652605845904816
walk_adaptive_pml_0.025,walk,pml,0.025,adaptive,8.0,20,80,0.015625,0.015625,0.015625,4.052153157646365,3.9694207426539743,4.135233745214945,4052.153157646363,3969.4207426539733,4135.233745214944,0.015625,0.015625,0.015625,4.158883083359674,4.158883083359674,4.158883083359674,0.9567708333333333,0.9304622395833332,0.97787109375,61.0,61.0,61.0,6.0,6.0,6.0,0.015625,0.015625,0.015625,0.003288782282684722,0.0016135567732366513,0.0052581212276334235,0.061875,0.02708333333333333,0.10520833333333332,0.125,0.0625,0.2,1.0,1.0,1.0,24.791356249999996,24.640065312500003,25.00207546875,31.796434374999997,30.688460484374993,33.22134448437499,0.0,0.0,0.0,0.03571428571428571,0.017179198479997184,0.05715233881163084
walk_adaptive_pml_0.05,walk,pml,0.05,adaptive,8.0,20,80,0.015625,0.015625,0.015625,4.052153157646365,3.9694207426539743,4.135233745214945,4052.153157646363,3969.4207426539733,4135.233745214944,0.015625,0.015625,0.015625,4.158883083359674,4.158883083359674,4.158883083359674,0.9567708333333333,0.9304622395833332,0.97787109375,61.0,61.0,61.0,6.0,6.0,6.0,0.015625,0.015625,0.015625,0.003288782282684722,0.0016135567732366513,0.0052581212276334235,0.061875,0.02708333333333333,0.10520833333333332,0.125,0.0625,0.2,1.0,1.0,1.0,24.749318749999997,24.706356875000004,24.800515781250002,30.704408749999992,29.992182421874993,31.443779218749995,0.0,0.0,0.0,0.03571428571428571,0.017179198479997184,0.05715233881163084
walk_adaptive_pml_0.1,walk,pml,0.1,adaptive,8.0,20,80,0.015625,0.015625,0.015625,4.052153157646365,3.9694207426539743,4.135233745214945,4052.153157646363,3969.4207426539733,4135.233745214944,0.015625,0.015625,0.015625,4.158883083359674,4.158883083359674,4.158883083359674,0.9567708333333333,0.9304622395833332,0.97787109375,61.0,61.0,61.0,6.0,6.0,6.0,0.015625,0.015625,0.015625,0.003288782282684722,0.0016135567732366513,0.0052581212276334235,0.061875,0.02708333333333333,0.10520833333333332,0.125,0.0625,0.2,1.0,1.0,1.0,24.7694625,24.55966,25.14606890625,30.62925062499999,29.61174915625,32.05112070312501,0.0,0.0,0.0,0.03571428571428571,0.017179198479997184,0.05715233881163084
walk_adaptive_pml_0.25,walk,pml,0.25,adaptive,8.0,20,80,0.023681408110119043,0.016007626488095235,0.03354075598338294,3.995051665393105,3.799220256017707,4.220898791968162,3995.0516653931068,3799.2202560177066,4220.898791968161,0.02581978881533109,0.024733457005202908,0.026997309000341203,4.056941965565179,4.010450594240657,4.106862791797961,0.9520833333333334,0.9325520833333332,0.9685091145833333,55.84036458333334,54.7676953125,56.804459635416656,5.856689729609415,5.8195547647245895,5.8874133785664,0.015625,0.015625,0.015625,0.011494913273741855,0.008433706081553648,0.014867953582642033,0.17312500000000003,0.12666666666666665,0.22583854166666667,0.425,0.3125,0.55,1.0,1.0,1.0,24.726181250000003,24.6302309375,24.876726562500004,31.957139374999997,30.960831968749993,33.17762475,0.025769834284872332,0.020852348978769152,0.03244590490419185,0.12142857142857143,0.0897846973841083,0.15565097276264592
walk_adaptive_pml_0.5,walk,pml,0.5,adaptive,8.0,20,80,0.07618759558945107,0.0563006078326513,0.097019455036789,2.7124795214281923,2.4979894540721017,2.932870951815226,2712.479521428191,2497.989454072101,2932.8709518152255,0.07772901000999204,0.07189969607731271,0.08345541957099746,3.4175953899999385,3.307404299980179,3.5219767649336866,0.9505208333333334,0.9286328124999998,0.9713541666666666,35.235156249999996,34.04578125,36.57461588541667,4.942053675304969,4.871939579075554,5.012688310657113,0.015625,0.015625,0.015625,0.03896275339222908,0.03044404532754647,0.0485899734149669,0.4743055555555554,0.38152256944444446,0.5689687499999999,1.4,1.0875,1.75,1.0,1.0,1.0,24.65235625,24.60384640625,24.704096874999998,31.986115,30.841530406249994,33.221686015625004,0.08464855731329775,0.07472529455137415,0.09705127702101855,0.39999999999999997,0.33333333333333337,0.4691074086056293
walk_adaptive_pml_1,walk,pml,1.0,adaptive,8.0,20,80,0.11516559451471557,0.09169535235046711,0.1451595953078497,2.3578025065618133,2.1399619050499377,2.577994710537722,2357.802506561813,2139.9619050499377,2577.9947105377214,0.11139766622357068,0.10147582852006064,0.12314760567854115,3.2013808325284643,3.0565414754953317,3.328515419349989,0.96015625,0.9463541666666668,0.9737044270833333,31.43541666666667,29.67451822916667,32.959661458333336,4.634044672698122,4.514154845605813,4.731720946692978,0.015625,0.015625,0.015625,0.06864941527537169,0.05758640350443141,0.07986672117116607,0.7867361111111111,0.710203125,0.8504965277777778,2.4625,2.075,2.8628124999999995,1.0,1.0,1.0,26.206668749999995,26.078347187500004,26.385841406249998,34.020073124999996,32.911762421875,35.283452031249986,0.09938211242688673,0.08793280275714503,0.11280236925323876,0.7035714285714285,0.6571349499209279,0.7545142883590537
walk_adaptive_pml_2,walk,pml,2.0,adaptive,8.0,20,80,0.13818882671952548,0.1117180546013278,0.16814777611937035,2.1543171658698963,1.954059444738117,2.3601936241452472,2154.317165869897,1954.059444738117,2360.1936241452468,0.1344003027035642,0.12281443081279438,0.14751030982745064,3.0772773877228934,2.937537103980906,3.203039088916003,0.9520833333333334,0.9333333333333332,0.9700585937499999,29.553125,28.093430989583332,30.94472005208333,4.466078048182052,4.3593393548084505,4.564210924669018,0.015625,0.015625,0.015625,0.08662547326639611,0.0750623275974608,0.09879417982358421,0.9258333333333333,0.8966666666666667,0.9541875,3.1,2.6875,3.5253124999999996,1.0,1.0,1.0,26.066081250000003,26.008411250000005,26.128565156249998,33.29862312499999,32.14956139062499,34.54943890625,0.11170368870081364,0.09797886876871569,0.12719655821397033,0.8857142857142858,0.8475051603683709,0.9237344525359283
walk_adaptive_pml_4,walk,pml,4.0,adaptive,8.0,20,80,0.16194319886306652,0.1360749348758349,0.19033541523120825,2.054222839569106,1.8949530475850895,2.219443978317199,2054.2228395691063,1894.9530475850895,2219.4439783171997,0.1566175707827388,0.14486611579732747,0.1705140075715767,2.9512476375557686,2.832331267486706,3.0697642026630576,0.9455729166666668,0.9309895833333334,0.95990234375,26.055989583333336,24.53049479166667,27.738841145833334,4.243901340138537,4.133916979074392,4.351620037985235,0.015625,0.015625,0.015625,0.09672545271028235,0.08298915809813245,0.11020978258633361,0.9875,0.975,1.0,3.4625,2.9625,3.9375,1.0,1.0,1.0,26.156237499999996,26.058046562499996,26.2771428125,33.902793124999995,32.55750575,35.83941021874999,0.12962037992398512,0.12030329371765094,0.13930979023265194,0.9892857142857142,0.9765856777493607,1.0
walk_adaptive_pml_8,walk,pml,8.0,adaptive,8.0,20,80,0.1634288000931942,0.13408993590619378,0.19652038670081068,2.0628526742572824,1.8851360314953964,2.2514393408212485,2062.8526742572826,1885.136031495396,2251.439340821248,0.16087759622159442,0.14713490937103452,0.17504717882029047,2.9505716914696642,2.81598848884056,3.0824549928796725,0.9526041666666666,0.9377604166666668,0.9674479166666666,26.122135416666662,24.480950520833332,27.788300781250005,4.2227082902671365,4.106365857037122,4.33884228726661,0.015625,0.015625,0.015625,0.09784464707237733,0.08421974503166088,0.11090004922938396,1.0,1.0,1.0,3.5,3.0125,3.9628124999999996,1.0,1.0,1.0,26.268681250000004,26.219027343750003,26.315241562500002,33.21945999999999,32.256551140625,34.160767984375,0.12872010897250102,0.11631198557252735,0.14213729045137613,1.0,1.0,1.0
walk_adaptive_privic_0,walk,privic,0.0,adaptive,8.0,20,80,0.049463902398507516,0.03567885959238299,0.06516089168917436,3.1885135720704847,2.968891987274315,3.415711896824376,3188.5135720704843,2968.8919872743154,3415.7118968243763,0.07046697642734752,0.0655701384195916,0.07545562381467125,3.6055693118743313,3.506443595895442,3.702866298464653,0.9385416666666666,0.9190104166666666,0.9588541666666666,40.27005208333334,38.73429036458334,41.85350911458333,5.117434163383978,5.043895880525864,5.190944196978133,0.015625,0.015625,0.015625,0.050389702483676024,0.04058229176872081,0.05974966268803667,0.606111111111111,0.5040868055555555,0.7050052083333332,1.825,1.4625,2.175,1.0,1.0,1.0,4.413962500000001,4.39419359375,4.43430953125,5.263965625,5.20694640625,5.336524453125,0.06657858604838582,0.05391288069767403,0.07990085913407567,0.5214285714285715,0.4561292471685543,0.5809983046426709
walk_adaptive_privic_0.1,walk,privic,0.1,adaptive,8.0,20,80,0.11955085715870431,0.0939511108693328,0.1477774546069346,2.281006613861426,2.1456796936252767,2.410495636374796,2281.0066138614266,2145.6796936252777,2410.495636374796,0.11948631561828202,0.11213211794551498,0.1274641853148788,3.120203418744368,3.019112743627025,3.220712272545993,0.9651041666666668,0.9486914062500001,0.9789257812500002,30.859114583333344,29.44337890625,32.11341796875001,4.5894944055093285,4.512978607445475,4.657805955858188,0.015625,0.015625,0.015625,0.05909160122937092,0.04831685238991587,0.0699882602777475,0.66125,0.5912447916666665,0.735630208333333,2.125,1.7375,2.5125,1.0,1.0,1.0,4.4915,4.476368437500001,4.505863125000001,5.348224374999999,5.289934140625,5.407911765624999,0.1174959154702756,0.10381190402050915,0.13396620245727398,0.6071428571428571,0.550582563278425,0.6655574516496018
walk_adaptive_privic_0.3,walk,privic,0.3,adaptive,8.0,20,80,0.11979313071781379,0.09491169551864581,0.14602565668216438,2.267753632708105,2.1290479494163552,2.4011799278614068,2267.7536327081048,2129.047949416355,2401.179927861406,0.11963992587162961,0.11213522078744084,0.12747266563438678,3.116615567901882,3.017623761568877,3.2190793245165725,0.9671875,0.9520768229166664,0.9809895833333334,30.836458333333344,29.435195312500003,32.09685546875,4.587328983669215,4.511595281302198,4.65685728157344,0.015625,0.015625,0.015625,0.05909160122937092,0.04831685238991587,0.0699882602777475,0.66125,0.5912447916666665,0.735630208333333,2.125,1.7375,2.5125,1.0,1.0,1.0,4.4390375,4.424104218749999,4.453580937500001,5.298323125,5.239631109375001,5.361435874999999,0.1186289564826855,0.1050471715538602,0.1355874042956259,0.6071428571428571,0.550582563278425,0.6655574516496018
walk_adaptive_privic_1,walk,privic,1.0,adaptive,8.0,20,80,0.10878453476071637,0.08615864602811583,0.13282906872345146,2.229152423205965,2.059851272133626,2.4169738258150937,2229.1524232059655,2059.8512721336265,2416.973825815093,0.11677686093912713,0.10895609449402781,0.12528597617863368,3.1937859614927797,3.085832653160253,3.296342347390437,0.95,0.9263020833333335,0.9721354166666668,30.159635416666664,28.91908203125,31.430319010416667,4.581555526017091,4.501216375637467,4.658284598477697,0.015625,0.015625,0.015625,0.07056266315272473,0.05978600114897755,0.08114604996676548,0.8218749999999998,0.7481145833333335,0.8866666666666665,2.5375,2.1375,2.925,1.0,1.0,1.0,4.4793875,4.4562276562499985,4.4998603125,5.396078749999999,5.337355859375,5.476062796875,0.11495648541433892,0.09895493674088249,0.13365705496486263,0.725,0.6715840515805879,0.7765197484554281
walk_adaptive_privic_3,walk,privic,3.0,adaptive,8.0,20,80,0.1508307936760294,0.12117976741390961,0.18303452485998614,2.0474724570888796,1.866609967785145,2.2247190335788973,2047.4724570888798,1866.6099677851457,2224.719033578898,0.1542113279384366,0.14205723962581668,0.16694794876456784,3.0253506798534286,2.88284585792238,3.1561012579775567,0.9442708333333332,0.9234309895833334,0.9630338541666668,25.43177083333333,24.136197916666667,26.88835286458333,4.254583880278499,4.153743143089109,4.350976049069322,0.015625,0.015625,0.015625,0.09183952104886896,0.07906630574111506,0.1035320519371194,0.9724999999999999,0.9483333333333333,0.9916666666666666,3.2875,2.8371874999999998,3.7,1.0,1.0,1.0,4.42354375,4.39805359375,4.450524999999999,5.327140625,5.263736187500001,5.386981781249999,0.13774600066126053,0.12484779607033594,0.15422345586102154,0.9392857142857143,0.9114722125334264,0.9655270376175548
walk_adaptive_privic_10,walk,privic,10.0,adaptive,8.0,20,80,0.1727553620222952,0.13804722789452475,0.21029933096802222,2.027159315762473,1.8570541583418838,2.2099212760717943,2027.1593157624727,1857.054158341884,2209.9212760717937,0.1675961485126928,0.15388887589697411,0.18391937827179308,2.9231312215471386,2.8001881000415016,3.039912005356879,0.946875,0.93125,0.9622460937499999,25.100520833333338,23.845149739583334,26.357825520833337,4.162896587904526,4.045632653791732,4.258978366145802,0.015625,0.015625,0.015625,0.09784464707237733,0.08421974503166088,0.11090004922938396,1.0,1.0,1.0,3.5,3.0125,3.9628124999999996,1.0,1.0,1.0,4.39880625,4.384030312499999,4.416833593750001,5.229520625,5.176111593750001,5.286681953125001,0.1327665153383924,0.11690155278290708,0.15035875206941152,1.0,1.0,1.0
commute_adaptive_pml_0.025,commute,pml,0.025,adaptive,8.0,20,80,0.015625,0.015625,0.015625,3.9644432317942617,3.8510326761184346,4.081870723410437,3964.44323179426,3851.0326761184333,4081.870723410435,0.015625,0.015625,0.015625,4.158883083359674,4.158883083359674,4.158883083359674,0.9760416666666668,0.9661458333333333,0.9848958333333332,61.0,61.0,61.0,6.0,6.0,6.0,0.015625,0.015625,0.015625,0.003288782282684722,0.0016135567732366513,0.0052581212276334235,0.059097222222222225,0.024722222222222222,0.10180729166666666,0.125,0.0625,0.2,1.0,1.0,1.0,24.5533375,24.509065468750002,24.60088984375,30.86636125,29.868448078124988,31.873609640625006,0.0,0.0,0.0,0.03861003861003861,0.019303163053163052,0.059926966292134835
commute_adaptive_pml_0.05,commute,pml,0.05,adaptive,8.0,20,80,0.015625,0.015625,0.015625,3.9644432317942617,3.8510326761184346,4.081870723410437,3964.44323179426,3851.0326761184333,4081.870723410435,0.015625,0.015625,0.015625,4.158883083359674,4.158883083359674,4.158883083359674,0.9760416666666668,0.9661458333333333,0.9848958333333332,61.0,61.0,61.0,6.0,6.0,6.0,0.015625,0.015625,0.015625,0.003288782282684722,0.0016135567732366513,0.0052581212276334235,0.059097222222222225,0.024722222222222222,0.10180729166666666,0.125,0.0625,0.2,1.0,1.0,1.0,24.48245625,24.4407509375,24.518648437499998,29.557754374999995,28.947408624999998,30.195892343749993,0.0,0.0,0.0,0.03861003861003861,0.019303163053163052,0.059926966292134835
commute_adaptive_pml_0.1,commute,pml,0.1,adaptive,8.0,20,80,0.015625,0.015625,0.015625,3.9644432317942617,3.8510326761184346,4.081870723410437,3964.44323179426,3851.0326761184333,4081.870723410435,0.015625,0.015625,0.015625,4.158883083359674,4.158883083359674,4.158883083359674,0.9760416666666668,0.9661458333333333,0.9848958333333332,61.0,61.0,61.0,6.0,6.0,6.0,0.015625,0.015625,0.015625,0.003288782282684722,0.0016135567732366513,0.0052581212276334235,0.059097222222222225,0.024722222222222222,0.10180729166666666,0.125,0.0625,0.2,1.0,1.0,1.0,24.612787500000003,24.569968906249997,24.65665875,29.903924374999995,29.259085125,30.544702374999996,0.0,0.0,0.0,0.03861003861003861,0.019303163053163052,0.059926966292134835
commute_adaptive_pml_0.25,commute,pml,0.25,adaptive,8.0,20,80,0.0295947265625,0.02211258273654514,0.03753974357483879,3.861587095214234,3.6925431906600177,4.041028338401067,3861.5870952142322,3692.543190660018,4041.028338401065,0.02595930379312832,0.024904601518764235,0.02707239766443213,4.015843069815311,3.967760011439412,4.060696275513395,0.9692708333333332,0.9565104166666666,0.9802083333333333,55.876302083333336,55.038671875000006,56.71860026041667,5.858611602187925,5.832286524086921,5.882929918753807,0.015625,0.015625,0.015625,0.010770123357775468,0.007780435872594477,0.013764806140832106,0.16263888888888892,0.11117013888888888,0.2177777777777777,0.4,0.2875,0.5125,1.0,1.0,1.0,24.5104375,24.431156093749994,24.590360156249996,31.58131875,30.621556468750008,32.453296781249996,0.03157613533944141,0.027581617975358703,0.03554580049196085,0.12355212355212357,0.09302068326816217,0.15353495052665178
commute_adaptive_pml_0.5,commute,pml,0.5,adaptive,8.0,20,80,0.03978767516121032,0.03284968687996031,0.046746673099578376,3.444681977127992,3.3340609528566367,3.5488551966672657,3444.6819771279925,3334.060952856637,3548.8551966672662,0.06628388942737506,0.06231697821246947,0.07076008775544926,4.242553928076646,4.113167707050871,4.370443722315818,0.8197916666666666,0.79296875,0.8479166666666667,37.231510416666666,35.88986328125001,38.61349609375001,5.08539967056832,5.0192406472454705,5.149143828884439,0.015625,0.015625,0.015625,0.03344784567324215,0.025839635437460866,0.04252443193509586,0.4261805555555555,0.3449305555555555,0.4996614583333332,1.2125,0.9375,1.5253124999999996,1.0,1.0,1.0,24.439249999999998,24.404167656250003,24.473367656250005,30.539518749999992,29.952120421875,31.14636215624999,0.04574390143600081,0.04084501296197285,0.050074053568193715,0.3745173745173745,0.31817300916138125,0.4280827067669173
commute_adaptive_pml_1,commute,pml,1.0,adaptive,8.0,20,80,0.048040480840773815,0.039111321666253314,0.05701876330501819,3.0871163456292474,2.9828299945316883,3.1862212301186355,3087.1163456292484,2982.82999453169,3186.2212301186364,0.08943907127871076,0.08211156524102063,0.0974582312838641,4.238140495681468,4.122672987014723,4.352038170267017,0.8041666666666668,0.7843684895833332,0.8263020833333334,34.48802083333334,32.731380208333334,36.51141276041666,4.856682608677723,4.758497893391056,4.956385825181828,0.015625,0.015625,0.015625,0.05920140160927907,0.04916415339783252,0.07058424558879876,0.7140277777777777,0.6251649305555556,0.7997395833333333,2.1375,1.775,2.5625,1.0,1.0,1.0,26.07798125,25.996491406249994,26.15616046875,32.676000625,31.837593906249996,33.555713,0.054896013618693854,0.04992028134456654,0.05969207749051014,0.6602316602316604,0.5999801587301588,0.7169237531969309
commute_adaptive_pml_2,commute,pml,2.0,adaptive,8.0,20,80,0.05372756701125843,0.0445289232365038,0.06288597153172348,3.0591731105101796,2.9540103346438196,3.1727113729855514,3059.17311051018,2954.0103346438204,3172.7113729855514,0.10800761996608918,0.09804386532228482,0.11793210481928766,4.220795435949076,4.107370325217317,4.332257237201088,0.7953124999999999,0.7710937500000001,0.8192708333333334,31.750260416666674,29.686419270833333,33.921451822916666,4.678764259075789,4.560222372396295,4.8022806815388295,0.015625,0.015625,0.015625,0.07057945276814014,0.06012786898639184,0.08298287334834868,0.8348611111111112,0.769984375,0.8961423611111108,2.55,2.175,3.0,1.0,1.0,1.0,26.158531250000003,26.06485203125,26.26683781249999,33.203976874999995,32.399533078124996,34.067340953125004,0.06896053681129828,0.06069926672375275,0.07687641546322165,0.7876447876447876,0.737775956284153,0.8380698300870286
commute_adaptive_pml_4,commute,pml,4.0,adaptive,8.0,20,80,0.07143731506114578,0.061792190404563636,0.08122661523108092,2.793034200963566,2.685621432955849,2.900172081338613,2793.0342009635665,2685.6214329558497,2900.1720813386128,0.13100678240181649,0.12311707906765941,0.13933820527875956,4.217508557673008,4.115016959233599,4.3205840667135655,0.77265625,0.7557291666666667,0.7908919270833332,28.621614583333336,27.30877604166667,30.06369140625,4.462183829602785,4.38125488170855,4.546365796510354,0.015625,0.015625,0.015625,0.08514028092011956,0.074387467583889,0.0975726673992588,0.9727777777777777,0.9567343749999999,0.9866666666666666,3.0875,2.6875,3.5375,1.0,1.0,1.0,25.954050000000002,25.907008281250004,26.00107593750001,32.961364999999994,32.106378109375,33.75873771874999,0.08058984298205671,0.07208724095229592,0.0887251510371204,0.9536679536679536,0.9347766798418972,0.974025974025974
commute_adaptive_pml_8,commute,pml,8.0,adaptive,8.0,20,80,0.0778478275240319,0.06817095858521839,0.08781916050813994,2.718283892029645,2.6061486203654436,2.8392147540442227,2718.2838920296444,2606.1486203654435,2839.2147540442234,0.13391932579829996,0.12514443465175593,0.1429352222263703,4.1646459515575245,4.072765430482946,4.252836590480869,0.78203125,0.7682226562499999,0.7976562499999998,28.357812499999994,27.129003906250002,29.761542968749993,4.440002603011098,4.359422609845918,4.525609751696612,0.015625,0.015625,0.015625,0.08888104094645832,0.07719021450878463,0.10202835954563266,1.0,1.0,1.0,3.225,2.8,3.7,1.0,1.0,1.0,26.029975000000007,25.953195312500004,26.09695203125,33.35361687499999,32.48827075,34.16692021875,0.0810200201520542,0.07515350202583468,0.08713742197522105,0.9961389961389963,0.9882765997023809,1.0
commute_adaptive_privic_0,commute,privic,0.0,adaptive,8.0,20,80,0.0469539942047257,0.03822318335560134,0.05591680199592683,3.3537198633259315,3.1940372306572966,3.5425966925894428,3353.719863325931,3194.0372306572967,3542.5966925894427,0.06534254125764569,0.06050752214975713,0.07015075199685725,3.9526315576177318,3.820452801761944,4.090920454838451,0.8861979166666668,0.8650976562499998,0.9052083333333334,40.67317708333333,39.14975911458333,42.25451822916666,5.1686669557939044,5.094492555838004,5.2454891731982976,0.015625,0.015625,0.015625,0.04651406297521156,0.03889154050960063,0.053876021103585886,0.6053472222222223,0.5165208333333333,0.6827413194444444,1.6875,1.4,1.9625,1.0,1.0,1.0,4.504137500000001,4.48696171875,4.5223643749999995,5.445751875,5.3462151874999995,5.565839109374999,0.03822408188217393,0.03482225417121936,0.04200039010688709,0.5212355212355213,0.464137208125497,0.5791509813384814
commute_adaptive_privic_0.1,commute,privic,0.1,adaptive,8.0,20,80,0.05156077856453062,0.045211604043966166,0.05788687649757821,3.1410608769911494,3.0454820781241114,3.2369639298126316,3141.0608769911496,3045.4820781241124,3236.9639298126317,0.10702714729478076,0.10129532828027146,0.11249712701963109,4.099281356431811,4.021563254674092,4.176767893159805,0.8184895833333334,0.8025976562499999,0.8330794270833335,33.04661458333333,31.788619791666665,34.17138671875,4.72271230709741,4.657773378415887,4.7846149217440095,0.015625,0.015625,0.015625,0.05393250057400919,0.04392780592018328,0.06556287444177138,0.640625,0.5489548611111111,0.7209791666666666,1.95,1.6,2.3625,1.0,1.0,1.0,4.4109,4.38264671875,4.4370956249999995,5.4310825,5.261775421875,5.6608895,0.07282897892333196,0.06711346947943536,0.07866121338528508,0.6023166023166023,0.5333333333333333,0.6666666666666667
commute_adaptive_privic_0.3,commute,privic,0.3,adaptive,8.0,20,80,0.052319216428103145,0.04672639329890305,0.05829209788963207,3.143604384013668,3.0481216608608355,3.2452290607002805,3143.604384013668,3048.121660860836,3245.229060700281,0.10773415968933546,0.10153635427449818,0.11447118034575815,4.076333463603298,4.0129771439544095,4.139890191093268,0.8231770833333334,0.8083333333333333,0.83828125,33.02239583333333,31.674186197916665,34.21026041666668,4.718299276345197,4.645860637989816,4.78635584779338,0.015625,0.015625,0.015625,0.05393250057400919,0.04392780592018328,0.06556287444177138,0.640625,0.5489548611111111,0.7209791666666666,1.95,1.6,2.3625,1.0,1.0,1.0,4.423687499999999,4.399777812500002,4.4533071875,5.362958749999999,5.242787234374999,5.565369296874999,0.07139789092401574,0.06627907950198196,0.07673070317233872,0.6023166023166023,0.5333333333333333,0.6666666666666667
commute_adaptive_privic_1,commute,privic,1.0,adaptive,8.0,20,80,0.06715022967322816,0.05685082243222183,0.07781365613681755,2.775225730499728,2.6281350232873306,2.91692949862298,2775.225730499729,2628.135023287331,2916.92949862298,0.11365116561634032,0.10521076066668045,0.12221910216445296,3.971948632666686,3.862292102709243,4.074146708525492,0.8244791666666667,0.8070312499999999,0.8424479166666664,30.30651041666667,28.90997395833333,31.786770833333335,4.6060257585325575,4.51820111017042,4.695586767867409,0.015625,0.015625,0.015625,0.06766661864881976,0.058570932669081595,0.07816711499896263,0.7934722222222221,0.7096527777777778,0.8650885416666665,2.4625,2.1125,2.85,1.0,1.0,1.0,4.4978500000000015,4.478231093750001,4.5203403125,5.3920675,5.340206421874999,5.450337375,0.06773427515115629,0.0625667043718882,0.07261668608318401,0.7606177606177607,0.7116500192086055,0.8042760548142804
commute_adaptive_privic_3,commute,privic,3.0,adaptive,8.0,20,80,0.08068007066793499,0.0739437014725434,0.08846104346584338,2.8147197950143843,2.715052670976571,2.9185817752776133,2814.7197950143845,2715.052670976572,2918.581775277614,0.14850600205903097,0.13807679828627975,0.1581048428474342,4.24854766133064,4.135214934283097,4.375654911507351,0.7565104166666667,0.7328059895833335,0.77734375,27.35546875,25.95244791666667,28.690253906249996,4.358347767820563,4.260554249745998,4.45769981020385,0.015625,0.015625,0.015625,0.08608558013844511,0.07494757785857348,0.09870302938529293,0.9822916666666668,0.9583333333333333,1.0,3.125,2.7,3.575,1.0,1.0,1.0,4.435468750000001,4.4115290625,4.462304218749999,5.317475000000001,5.2611848125,5.382429546874999,0.08901647158078932,0.07859724799175455,0.09929942869099247,0.9652509652509653,0.9407309941520468,0.9867328467992185
commute_adaptive_privic_10,commute,privic,10.0,adaptive,8.0,20,80,0.07381884083109091,0.06230632161930298,0.08484089177727193,2.804112787487606,2.6485170091782035,2.9646662872346785,2804.1127874876056,2648.517009178204,2964.666287234679,0.13446531486667887,0.1261541534604843,0.14341372067010885,4.210150409333741,4.085103940742468,4.343319940941594,0.7723958333333332,0.7557226562499999,0.7867252604166667,28.68567708333333,27.537727864583335,29.9482421875,4.455830473685664,4.376549294018537,4.534758335633638,0.015625,0.015625,0.015625,0.08919354094645833,0.07719021450878463,0.10296304211433834,1.0,1.0,1.0,3.2375,2.8125,3.7378124999999995,1.0,1.0,1.0,4.520200000000001,4.474441250000001,4.594989375000001,5.7077624999999985,5.37710659375,6.378584218749998,0.08339682189441426,0.0778849863312995,0.08845275280164598,1.0,1.0,1.0
geolife_adaptive_pml_0.025,geolife,pml,0.025,adaptive,8.0,47,53,0.015625,0.015625,0.015625,3.4285210174253224,3.3516815324100397,3.507013541852839,14474.6150460948,14149.57833026138,14806.50402819354,0.015625,0.015625,0.015625,4.158883083359676,4.158883083359676,4.158883083359676,0.9942375886524822,0.9827127659574466,1.0,61.0,61.0,61.0,6.0,6.0,6.0,0.015625,0.015625,0.015625,0.006179387328681778,0.0030201022390723975,0.01020125066503342,0.1590909090909091,0.07777777777777778,0.2608954451345755,0.2269503546099291,0.11338652482269504,0.3723404255319149,1.0,1.0,1.0,24.772732269503543,24.720758909574467,24.826006604609933,29.240412588652486,28.64484748226952,29.91414648049644,0.0,0.0,0.0,0.06435643564356436,0.035705266955266955,0.09563093778731227
geolife_adaptive_pml_0.05,geolife,pml,0.05,adaptive,8.0,47,53,0.015625,0.015625,0.015625,3.4285210174253224,3.3516815324100397,3.507013541852839,14474.6150460948,14149.57833026138,14806.50402819354,0.015625,0.015625,0.015625,4.158883083359676,4.158883083359676,4.158883083359676,0.9942375886524822,0.9827127659574466,1.0,61.0,61.0,61.0,6.0,6.0,6.0,0.015625,0.015625,0.015625,0.006179387328681778,0.0030201022390723975,0.01020125066503342,0.1590909090909091,0.07777777777777778,0.2608954451345755,0.2269503546099291,0.11338652482269504,0.3723404255319149,1.0,1.0,1.0,24.78345744680851,24.732442819148936,24.83348417553192,30.767115957446812,29.651929747340425,32.071612699468076,0.0,0.0,0.0,0.06435643564356436,0.035705266955266955,0.09563093778731227
geolife_adaptive_pml_0.1,geolife,pml,0.1,adaptive,8.0,47,53,0.015625,0.015625,0.015625,3.4285210174253224,3.3516815324100397,3.507013541852839,14474.6150460948,14149.57833026138,14806.50402819354,0.015625,0.015625,0.015625,4.158883083359676,4.158883083359676,4.158883083359676,0.9942375886524822,0.9827127659574466,1.0,61.0,61.0,61.0,6.0,6.0,6.0,0.015625,0.015625,0.015625,0.006179387328681778,0.0030201022390723975,0.01020125066503342,0.1590909090909091,0.07777777777777778,0.2608954451345755,0.2269503546099291,0.11338652482269504,0.3723404255319149,1.0,1.0,1.0,24.939191489361704,24.868452526595743,25.017428856382978,30.616178723404264,29.741207313829783,31.557905106382968,0.0,0.0,0.0,0.06435643564356436,0.035705266955266955,0.09563093778731227
geolife_adaptive_pml_0.25,geolife,pml,0.25,adaptive,8.0,47,53,0.004238564885173928,0.0025948141266147412,0.006429820577665905,4.145725296164121,3.966858659147078,4.340894217909944,17527.06669302383,16757.19584070491,18358.166041783952,0.033296519590647514,0.031098378462698965,0.035482160264503744,4.088366477318824,4.036231557670561,4.140803512883838,0.9696365248226951,0.9459053634751771,0.986042774822695,50.69215425531914,49.28385416666666,52.08138851950353,5.7066224486327926,5.667186039695743,5.74623279131194,0.015625,0.015625,0.015625,0.011536868062234334,0.006639298154203257,0.016838006902362455,0.2765151515151515,0.16278597088296465,0.39929853387259856,0.425531914893617,0.24468085106382978,0.6172872340425529,1.0,1.0,1.0,24.729460992907807,24.637387854609923,24.845192597517723,31.691834042553182,30.642613896276597,32.8457371542553,0.029897849088732404,0.0271761026116072,0.032731537289178936,0.12376237623762375,0.06934963452304492,0.17625726802874908
geolife_adaptive_pml_0.5,geolife,pml,0.5,adaptive,8.0,47,53,0.06659557977668018,0.036321002788859344,0.10171280905240351,2.7717837676923422,2.560424406106697,2.9804628393994497,11704.998209667283,10812.837162450362,12588.889096845922,0.10577856064194754,0.09304231851428824,0.11839515887922107,3.350311848536304,3.1404223078137967,3.5782216130417592,0.9224290780141844,0.8765292553191492,0.9592253989361702,28.288194444444446,26.11314457742316,30.43072362588652,4.510523133583401,4.367470762505815,4.651071192998051,0.015625,0.015625,0.015625,0.04324025417915597,0.03366826852417793,0.053424652023294224,0.6571969696969697,0.5542495693367787,0.7708559782608697,1.5425531914893618,1.2127659574468086,1.893882978723404,1.0,1.0,1.0,24.858767730496456,24.71007047872341,25.065495611702126,32.23818581560284,30.726158448581565,34.07086972074469,0.11048680779047373,0.09365290492926923,0.13031362568386645,0.43069306930693063,0.3578859159070861,0.5047169811320755
geolife_adaptive_pml_1,geolife,pml,1.0,adaptive,8.0,47,53,0.1862475110463808,0.135261981222472,0.2425052244939421,1.9329167838981511,1.7491841306593068,2.1303600054971668,8167.485633558065,7391.292195447513,9001.921623885328,0.23347721332713528,0.20530063134520865,0.26198501470604696,2.8861156206071663,2.6184662766819735,3.1635754542037353,0.9033687943262412,0.8539394946808508,0.9477005762411347,22.152851654846337,20.011792627068562,24.70500147754137,3.7732215232492927,3.5818415541743933,3.9790324309338425,0.015625,0.015625,0.015625,0.07584524627801739,0.06434553420687168,0.08783007456814347,0.8787878787878789,0.8049610395670026,0.9425925925925925,2.709219858156028,2.297872340425532,3.148936170212766,1.0,1.0,1.0,26.28161170212766,26.230874734042544,26.33256103723404,32.517606737588665,31.643219277482277,33.424106790780144,0.16829407350787215,0.14926519365031793,0.18704684926270282,0.7475247524752475,0.6666299559471365,0.8140569968964676
geolife_adaptive_pml_2,geolife,pml,2.0,adaptive,8.0,47,53,0.23390263889848334,0.1749348963430371,0.2952723177756942,1.7254668532829545,1.527401463316361,1.9460409352285313,7288.525251663101,6452.554344754559,8215.50338509478,0.2741567199757768,0.24241524875597978,0.30709437194128136,2.728266276332562,2.443706846516645,3.0505202321348057,0.9137854609929079,0.8521387411347516,0.960123005319149,20.18321513002364,18.202341903073286,22.25392287234042,3.5611118683161007,3.3616507904021673,3.7637231131885933,0.015625,0.015625,0.015625,0.08907634788262757,0.07630300249446142,0.10241691623243468,0.9166666666666665,0.8650727513227513,0.9611143410852714,3.173758865248227,2.722872340425532,3.6454787234042554,1.0,1.0,1.0,26.251289007092193,26.196471276595748,26.313767641843985,32.70215390070921,31.651537517730485,33.97368026595744,0.18469764560133653,0.16558493376183578,0.20470467156649216,0.8762376237623762,0.8232070707070708,0.92018779342723
geolife_adaptive_pml_4,geolife,pml,4.0,adaptive,8.0,47,53,0.2882561813666331,0.22952116120408106,0.35778693795353306,1.5748672976128355,1.3561714864591818,1.80429784464936,6647.0031498982335,5727.997918658472,7614.611302859539,0.32650749553558966,0.28979489866689967,0.36725615192508826,2.4788523528765536,2.218165561789574,2.7717210246220554,0.9137854609929078,0.8661347517730499,0.9512522163120567,17.84685283687943,15.890442154255316,19.779299645390072,3.2531551263668734,3.0358059400776463,3.4605148860165955,0.015625,0.015625,0.015625,0.10062167980692756,0.08771653888665179,0.11388388215942997,0.9810606060606062,0.9573643410852712,1.0,3.5780141843971633,3.106382978723404,4.049734042553192,1.0,1.0,1.0,26.170757092198578,26.102157845744678,26.24001267730497,33.106046276595734,32.159761422872336,34.05328327127659,0.1959491892363513,0.1746833715040504,0.22157318971507475,0.9752475247524752,0.9509096155014275,0.9945062451209992
geolife_adaptive_pml_8,geolife,pml,8.0,adaptive,8.0,47,53,0.30897800011632776,0.24602621326455157,0.3775696820079836,1.5445475261472152,1.3197347986666779,1.7777752836735916,6522.763384477504,5570.616703970026,7514.324901453912,0.34015808264599906,0.3009070136927814,0.38662550707873483,2.4232518545122876,2.154335035256763,2.696229082525073,0.9182180851063828,0.8792109929078015,0.9516954787234043,17.520242316784866,15.521518543144209,19.513153812056743,3.194435316704973,2.9562418315895997,3.4164005641743875,0.015625,0.015625,0.015625,0.1035434471581002,0.09052195148924762,0.11650786499718478,1.0,1.0,1.0,3.673758865248227,3.223404255319149,4.152570921985816,1.0,1.0,1.0,26.350106382978726,26.282679521276606,26.42133789893617,32.63636258865248,31.649208275709203,33.8153628501773,0.18798826182472536,0.16925376198404277,0.21050276749489363,1.0,1.0,1.0
geolife_adaptive_privic_0,geolife,privic,0.0,adaptive,8.0,47,53,0.0785687342204967,0.05069310741409695,0.10824873705907159,2.509674337508394,2.320906966462354,2.718950860049738,10594.883740246361,9797.764612733738,11479.323231628458,0.1183915298904811,0.10492263521590914,0.13264740609994147,3.445001060162816,3.2650646737539395,3.640355371292538,0.9315159574468084,0.887184175531915,0.967641843971631,30.237662529550818,28.25771830673759,32.18441009160757,4.565053334916541,4.434195943924908,4.682890675633462,0.015625,0.015625,0.015625,0.054763896976011084,0.04451840443421039,0.06585619668873714,0.7007575757575757,0.6036679292929292,0.8055555555555556,1.9574468085106382,1.5851063829787233,2.372340425531915,1.0,1.0,1.0,4.404443262411348,4.38500970744681,4.424061037234044,5.234067730496455,5.18257392287234,5.286283005319149,0.11935210767658165,0.100583780615387,0.137403610993739,0.5445544554455446,0.46351562500000004,0.6231275760826605
geolife_adaptive_privic_0.1,geolife,privic,0.1,adaptive,8.0,47,53,0.20403517297813117,0.1493824026919876,0.2640450820682595,1.9982754123270807,1.7700892196555191,2.230897406939166,8415.873140471867,7460.77746437472,9386.34783575749,0.25023156655171136,0.22676800422171442,0.27139964185400617,2.8388563728745524,2.578594776339777,3.0951971915345253,0.9403812056737588,0.9055684840425533,0.9707446808510637,24.25687056737589,22.424711879432618,26.245894281914897,3.8768464628007027,3.743874173363462,4.023705315347164,0.015625,0.015625,0.015625,0.0441903006345692,0.034991728202244624,0.05386073050439143,0.6534090909090909,0.5416666666666667,0.7651603241719521,1.574468085106383,1.2446808510638299,1.9257978723404252,1.0,1.0,1.0,4.4475797872340435,4.4282918882978715,4.4669581117021275,5.317920390070921,5.233793257978721,5.4346210283687935,0.20769120113679032,0.18635859745540673,0.23017887148180396,0.44059405940594054,0.378360408280621,0.5042419258373205
geolife_adaptive_privic_0.3,geolife,privic,0.3,adaptive,8.0,47,53,0.2487993962464469,0.18826479030636417,0.30916721017296084,1.7339170161790256,1.5458368876635251,1.9279068971231725,7316.134080044447,6520.595390823992,8132.316691751187,0.3014001169293355,0.27037258788553004,0.33137891417115845,2.747094620002808,2.4995789073965686,3.007050505436502,0.9182180851063831,0.8818705673758866,0.9481382978723403,20.148419030732864,18.23540004432624,22.13143099881796,3.4979329396962107,3.3105249365062464,3.6806369694062897,0.015625,0.015625,0.015625,0.07089716918260745,0.0589227633888713,0.08220362118103593,0.793560606060606,0.6976432724252492,0.8818217054263566,2.514184397163121,2.095478723404255,2.918439716312057,1.0,1.0,1.0,4.547363475177304,4.529799778368794,4.564661037234042,5.424219858156028,5.351721303191488,5.501473940602836,0.21479908350787313,0.19695557042740197,0.23294121784227936,0.698019801980198,0.6177971974129965,0.7670228510537533
geolife_adaptive_privic_1,geolife,privic,1.0,adaptive,8.0,47,53,0.1678294078679485,0.12180197960922617,0.21967216006463022,1.807883142314333,1.5716990355713458,2.0725824667890005,7627.690820031184,6636.8897866476755,8738.826641726002,0.26876519523872305,0.24580014361041896,0.29399101046525505,2.8484749833132956,2.576631719780622,3.1131127096726168,0.9126034278959808,0.8622876034278959,0.9563386524822693,19.933953900709223,18.130972960992906,21.794453679078018,3.5778678040289553,3.4219154126995255,3.723047616873098,0.015625,0.015625,0.015625,0.07677089054499536,0.06476750391282732,0.08913664917817843,0.8257575757575757,0.7383525070097311,0.9055555555555556,2.7269503546099294,2.297872340425532,3.170301418439716,1.0,1.0,1.0,4.566012411347516,4.535287012411348,4.600212056737589,5.44647695035461,5.36972785460993,5.530323661347518,0.22537686989677574,0.20230710073156347,0.24918886437803014,0.7475247524752475,0.6741978609625667,0.817393784096545
geolife_adaptive_privic_3,geolife,privic,3.0,adaptive,8.0,47,53,0.31040426133400045,0.24297297238610258,0.38179336644551665,1.5617816275643717,1.331613279563067,1.8050865961679836,6590.40513640487,5616.204795105408,7614.292525821319,0.3573916976468396,0.3241333693869617,0.38826141578254364,2.5542503175646836,2.2691886775118273,2.864399575801088,0.9078752955082741,0.8559397163120568,0.9496952570921985,16.71815898345153,14.946016179078011,18.70739324763593,3.140911015630759,2.9690580669739046,3.3281058187501213,0.015625,0.015625,0.015625,0.09403144857082377,0.0820964683063362,0.10572537755880305,0.9791666666666667,0.9563293650793651,1.0,3.343971631205674,2.925531914893617,3.787322695035461,1.0,1.0,1.0,4.564514184397162,4.5474909131205665,4.582895301418438,5.384650886524822,5.328857123226951,5.444935093085106,0.2449798675071489,0.2197436607945124,0.2715945785516614,0.9158415841584158,0.8652547914885054,0.9579488154748969
geolife_adaptive_privic_10,geolife,privic,10.0,adaptive,8.0,47,53,0.30158347044355294,0.24438225260161553,0.36115248454302473,1.60951105955193,1.3793566879508217,1.8536333402110912,6796.3865734273495,5822.635643536353,7832.492990478895,0.3676930864993456,0.3360248797649147,0.40074720147965537,2.55102437437657,2.239037257798026,2.8614286437354806,0.8814273049645389,0.8328679078014186,0.9302249556737587,16.25783096926714,14.581746823286048,18.13402777777778,3.058901355284248,2.880961587785292,3.2462368045936523,0.015625,0.015625,0.015625,0.09887346431496989,0.08674605661543444,0.11042814406177315,0.9867424242424243,0.9663110013508949,1.0,3.514184397163121,3.095744680851064,3.9292553191489366,1.0,1.0,1.0,4.416721631205673,4.395486569148934,4.438310904255318,5.224051418439715,5.158703085106383,5.294750022163119,0.2131407226502625,0.19511058616930804,0.23040147237234834,0.9603960396039604,0.9179357798165139,0.994186886678317
static_adaptive_privic_0_thin_0.25,static,privic,0.0,adaptive,8.0,20,80,0.032479963369337665,0.018643606443583316,0.048242794157444424,3.6503174908897464,3.3090339982039114,3.964230403492291,3650.3174908897463,3309.033998203912,3964.2304034922913,0.0361660215632937,0.032426023755292493,0.040525035583302664,3.8255196429641005,3.7202249865768033,3.9201067107466967,0.9539062499999998,0.9296809895833336,0.9755208333333332,48.95963541666666,46.41847005208333,51.51966796875,5.499052881481705,5.39433690996796,5.6076164340027415,0.015625,0.015625,0.015625,0.013412787926841207,0.008981516988540762,0.01795769054783473,0.39583333333333337,0.29166666666666663,0.5083333333333333,0.4875,0.33718750000000003,0.65,1.0,1.0,1.0,4.300568749999999,4.2701246875,4.34402609375,5.2643081249999994,5.179974265625,5.359913109374999,0.04387193770022547,0.035513535625075844,0.05365754342547148,0.1407942238267148,0.1023541700144625,0.18057128339140532
static_adaptive_privic_0_thin_0.5,static,privic,0.0,adaptive,8.0,20,80,0.054903283530549886,0.028953114077399856,0.08808782999762325,3.210893090434775,2.9477053348037234,3.4845152583879955,3210.8930904347744,2947.7053348037234,3484.515258387995,0.06907425061867947,0.06115355538389169,0.07746266144582004,3.5114593080284324,3.3674828889483854,3.6494031252077512,0.9460937499999998,0.91796875,0.9690299479166667,39.83984375000001,37.86979166666667,41.841217447916655,5.003884547933298,4.901671529433724,5.103160170207959,0.015625,0.015625,0.015625,0.022323699472835717,0.01691722742365253,0.027867904626163332,0.5833333333333333,0.5,0.6624999999999999,0.8,0.6125,1.0,1.0,1.0,1.0,4.254625,4.23399171875,4.27661328125,5.162699375000001,5.1022759375,5.228370609374998,0.07857590453397004,0.05909712483791442,0.10242771422398743,0.23104693140794225,0.17936585961395124,0.2857142857142857
static_adaptive_privic_0_thin_0.75,static,privic,0.0,adaptive,8.0,20,80,0.11197552848620793,0.07785234739056464,0.14530086544246837,2.7987530290130276,2.5368922612423637,3.0563069101975997,2798.7530290130276,2536.8922612423635,3056.3069101975993,0.11995062136260093,0.10527037059816372,0.13544528707797845,3.1448931112369802,2.9608358051598773,3.3281901574152575,0.9427083333333333,0.9070247395833333,0.9713541666666666,32.36796875,30.49774739583333,34.144960937499995,4.46776899518982,4.32832880422113,4.602103454311762,0.015625,0.015625,0.015625,0.03523498167690449,0.027924610501065636,0.042111924767646663,0.7333333333333332,0.6415624999999999,0.8209375,1.2625,1.0,1.5125,1.0,1.0,1.0,4.298356249999999,4.2784781249999995,4.318060624999999,5.334245625,5.226433640625,5.4610935468749995,0.1247148086350518,0.10220091415173589,0.1461012447705136,0.36462093862815886,0.3023177774309349,0.43506960665234046
static_adaptive_privic_0.1_thin_0.25,static,privic,0.1,adaptive,8.0,20,80,0.050283408438602316,0.03415856797587358,0.06971702754771439,3.3139131210118626,3.0670911723349197,3.5696755038826393,3313.913121011862,3067.09117233492,3569.67550388264,0.055016970213779035,0.047434714215068015,0.0632396692145668,3.5968024010951423,3.5128890795405727,3.689401510935182,0.9427083333333333,0.9065104166666668,0.9760481770833335,43.552604166666654,41.03384765625,46.147089843749995,5.210854100901085,5.098522741511646,5.335152566799412,0.015625,0.015625,0.015625,0.015616292827106703,0.011295411341366943,0.020405676694419356,0.45833333333333337,0.3458333333333333,0.5625,0.5625,0.4,0.7375,1.0,1.0,1.0,4.3236875,4.307614843750001,4.34003359375,5.23310125,5.183799515625,5.279276796875001,0.0583944952029784,0.04690155598505203,0.07127129464201204,0.1624548736462094,0.12307377049180329,0.20307471264367816
static_adaptive_privic_0.1_thin_0.5,static,privic,0.1,adaptive,8.0,20,80,0.1500926256729498,0.10662774164202689,0.19294914639595895,2.4458822791692505,2.238549086841143,2.6061840377531382,2445.88227916925,2238.549086841142,2606.1840377531385,0.1472367290214238,0.11880613812856408,0.17775625208786483,3.0396588503734643,2.9064746368789924,3.1678445221112668,0.9778645833333333,0.9614583333333334,0.9914127604166667,32.44557291666666,29.67372395833333,35.33528645833334,4.418386085443687,4.199105837757241,4.631333528889137,0.015625,0.015625,0.015625,0.029076638187411803,0.022686068480895508,0.03591072031419622,0.6625,0.5583333333333333,0.7667708333333333,1.0375,0.8121875000000001,1.275,1.0,1.0,1.0,4.358243750000001,4.34361078125,4.3752098437499995,5.301966874999998,5.237980578125,5.381861812499999,0.11579790884732843,0.09615497361172053,0.13819740610444214,0.29963898916967513,0.24804024039717795,0.35416858856088557
static_adaptive_privic_0.1_thin_0.75,static,privic,0.1,adaptive,8.0,20,80,0.27053503366443843,0.22107371854203464,0.31750292081701464,1.9987895787719843,1.8285320858097516,2.176065522467133,1998.7895787719833,1828.5320858097514,2176.065522467132,0.26016339356826024,0.2311533315837174,0.2920931531810515,2.589160641489714,2.433365100912012,2.755324255708975,0.9677083333333334,0.9471354166666668,0.9859374999999998,24.744270833333335,22.831946614583334,26.694765625000002,3.7095687535447732,3.524754973426475,3.889457576458387,0.015625,0.015625,0.015625,0.04158880265140528,0.03340207487209154,0.049263848168008835,0.7916666666666666,0.6875,0.8916666666666666,1.4875,1.2,1.7625,1.0,1.0,1.0,4.313525,4.29291921875,4.334784374999999,5.37831,5.2978390625,5.454371234374998,0.1681673900734266,0.14952475170193982,0.18731387667073623,0.4296028880866426,0.37586436170212767,0.48552095963970204
static_adaptive_privic_0.3_thin_0.25,static,privic,0.3,adaptive,8.0,20,80,0.06524715023358324,0.03295493924419613,0.10332793155080856,3.2297996721850475,2.9588038684861773,3.5084763183451724,3229.7996721850473,2958.8038684861776,3508.4763183451737,0.05710402621085785,0.04831139080398475,0.06648736046092554,3.575283936846213,3.4682386515082824,3.687153917538198,0.9572916666666668,0.9234309895833334,0.98412109375,43.49036458333334,40.83583984375,46.275605468749994,5.189807973593401,5.042309344395007,5.325214703726242,0.015625,0.015625,0.015625,0.015616292827106703,0.011295411341366943,0.020405676694419356,0.45833333333333337,0.3458333333333333,0.5625,0.5625,0.4,0.7375,1.0,1.0,1.0,4.357831250000002,4.33569078125,4.379225312500001,5.362751875000001,5.293882796875,5.434566796874999,0.08238296666146261,0.05791627788818112,0.11166031233906994,0.1624548736462094,0.12307377049180329,0.20307471264367816
static_adaptive_privic_0.3_thin_0.5,static,privic,0.3,adaptive,8.0,20,80,0.1573221374844044,0.10526280499452742,0.216052594583711,2.517470167285894,2.2437927242116706,2.765201830177614,2517.470167285894,2243.7927242116707,2765.201830177613,0.14788650687946586,0.1210015029359617,0.17508022699455908,3.0774497763162842,2.902039137389947,3.2308124956262803,0.9682291666666666,0.9455729166666667,0.98802734375,32.77395833333334,30.02839192708333,35.70387369791667,4.429167103112368,4.219075273691457,4.638375904920546,0.015625,0.015625,0.015625,0.028708991128588275,0.022318421422071976,0.03542680516707559,0.65,0.5541666666666667,0.7541666666666667,1.025,0.8,1.2625,1.0,1.0,1.0,4.323337500000001,4.303088593749999,4.34434671875,5.343560625,5.266710359374999,5.435568734375,0.14809944073792197,0.11890880269938023,0.18115738652150767,0.296028880866426,0.24443798449612403,0.3490590022385673
static_adaptive_privic_0.3_thin_0.75,static,privic,0.3,adaptive,8.0,20,80,0.26539487671547274,0.22095075836881475,0.31253952703430915,1.9342755692038236,1.7526418811074007,2.110974381421811,1934.275569203824,1752.6418811074004,2110.974381421811,0.25916525920113137,0.2321760793382323,0.2873534063148773,2.5302549456509347,2.3783214542980486,2.6634062753587893,0.9671875,0.9466080729166667,0.9830729166666666,24.621874999999996,22.793548177083334,26.488391927083335,3.702665747970921,3.5254587943657163,3.87662727509866,0.015625,0.015625,0.015625,0.04158880265140528,0.03340207487209154,0.049263848168008835,0.7916666666666666,0.6875,0.8916666666666666,1.4875,1.2,1.7625,1.0,1.0,1.0,4.3573,4.338294375000001,4.37719,5.35641625,5.309501421874999,5.411268359375,0.20122548395860482,0.17580245312805554,0.22808291724303217,0.4296028880866426,0.37586436170212767,0.48552095963970204
static_adaptive_privic_1_thin_0.25,static,privic,1.0,adaptive,8.0,20,80,0.04362292550679084,0.017117027456405153,0.07718505669705542,3.34300127545525,3.0343035294175364,3.6669481917527675,3343.0012754552495,3034.3035294175356,3666.948191752767,0.058722677098761875,0.044463104579743444,0.07806813311283166,3.6642085250005785,3.528807543763581,3.7923601200122787,0.9734374999999996,0.9510286458333332,0.99140625,44.24244791666666,41.761953125000005,46.87679036458332,5.2384259559259405,5.077677697302292,5.404101009483122,0.015625,0.015625,0.015625,0.018024868168853295,0.013431284395127025,0.022488472537274585,0.5125,0.4041666666666666,0.6208333333333333,0.65,0.4871875,0.8125,1.0,1.0,1.0,4.2183062499999995,4.193899062500001,4.2413015625,5.298557499999999,5.198648,5.420396203124999,0.06200944577414554,0.04547295117820997,0.08340560636039285,0.18772563176895307,0.14385847562048934,0.229893326717936
static_adaptive_privic_1_thin_0.5,static,privic,1.0,adaptive,8.0,20,80,0.10375900446094195,0.06623383391184948,0.1454943615483422,2.687859737277545,2.4692691800002637,2.9081057059628694,2687.859737277545,2469.2691800002635,2908.1057059628697,0.1193098614952042,0.09713641700497609,0.146953323540023,3.164188543519228,2.999153526632378,3.3256396385072824,0.9674479166666667,0.9275976562500001,0.99505859375,33.1453125,31.15697265624999,35.171132812500005,4.569788720962167,4.387372412044765,4.742599153001602,0.015625,0.015625,0.015625,0.033577380114624314,0.026446798825682627,0.040329240327403995,0.7374999999999999,0.6416666666666667,0.8292708333333334,1.2,0.9375,1.4375,1.0,1.0,1.0,4.24606875,4.22892484375,4.26455875,5.221879374999999,5.1496939531249994,5.306953499999999,0.12910727369627428,0.10629346161397533,0.1543511127430812,0.34657039711191334,0.28114695319605426,0.4092612047116912
static_adaptive_privic_1_thin_0.75,static,privic,1.0,adaptive,8.0,20,80,0.19348182977731776,0.15171963592076362,0.23562901602836145,2.252373991013905,2.0502201240421862,2.465630758342698,2252.373991013905,2050.2201240421864,2465.630758342698,0.22539216082822344,0.19496306409746497,0.25963515613839794,2.8013081203470636,2.635123678894708,2.97211690188582,0.94765625,0.9143098958333333,0.9752669270833334,25.491406249999997,23.79192708333333,27.284147135416664,3.8683535735028727,3.683137541974555,4.049990691024718,0.015625,0.015625,0.015625,0.04726973400115411,0.04071088794528846,0.05423205835917429,0.8666666666666666,0.7916666666666667,0.9375,1.6875,1.45,1.9253124999999998,1.0,1.0,1.0,4.2279625,4.206126875,4.25056625,5.239202499999999,5.17547728125,5.305070015625,0.16760988399218207,0.15312507322844807,0.18162424459879534,0.48736462093862815,0.4192261904761905,0.5610985885064093
static_adaptive_privic_3_thin_0.25,static,privic,3.0,adaptive,8.0,20,80,0.10189493701885526,0.0684099941278385,0.13653202763949351,2.8509456799055717,2.597411577749191,3.1127577332303846,2850.9456799055715,2597.4115777491897,3112.757733230384,0.087829662617099,0.06583943879264453,0.11181555480851971,3.445777550170397,3.299608480248181,3.589265592376924,0.97265625,0.9523111979166667,0.98984375,41.45729166666667,38.581569010416665,44.74568359375,4.9986547900010585,4.802684201725787,5.214147789445586,0.015625,0.015625,0.015625,0.02340112415513656,0.018143014889825698,0.028672821706396345,0.6083333333333333,0.5125,0.6875,0.8375,0.6621875,1.025,1.0,1.0,1.0,4.26369375,4.246736562499998,4.282004531249998,5.284605000000001,5.21535325,5.375917375,0.10159513675365095,0.0791003155405202,0.12345972042906647,0.24187725631768955,0.19363095238095235,0.29349424552429665
static_adaptive_privic_3_thin_0.5,static,privic,3.0,adaptive,8.0,20,80,0.1952748723716692,0.14213348293084305,0.2470871981976851,2.2319221176667052,1.9962211926714266,2.4757584234286294,2231.922117666706,1996.221192671427,2475.7584234286305,0.20470073644478903,0.17410665358059635,0.23479162000153186,2.84948905645591,2.6881216858734422,3.0264968096740152,0.9848958333333334,0.96587890625,0.9966145833333332,29.17291666666667,26.930423177083327,31.651152343750006,4.049597915805366,3.8649925382951156,4.253288364901607,0.015625,0.015625,0.015625,0.04412340798632357,0.03674075475887093,0.05165104035870166,0.85,0.7583333333333335,0.9251041666666666,1.575,1.3246875,1.8378124999999996,1.0,1.0,1.0,4.259481249999999,4.2347135937500004,4.2824390625,5.261998749999998,5.175837874999999,5.365822453125,0.1580252103258514,0.13887451719362612,0.17585040044818973,0.4548736462093863,0.3901616091152192,0.5254268217246072
static_adaptive_privic_3_thin_0.75,static,privic,3.0,adaptive,8.0,20,80,0.3639614231380134,0.3075784236467481,0.41612291151366054,1.7179756307981804,1.514119038065243,1.935678608499314,1717.9756307981806,1514.119038065243,1935.6786084993144,0.3361607250281812,0.2948184466752783,0.3731178776055885,2.300035522457232,2.109581804961841,2.4894465619668,0.9757812500000002,0.9591080729166666,0.9898502604166668,21.24635416666667,19.125703125,23.527779947916667,3.279288861245962,3.0470334684721676,3.5173597482178787,0.015625,0.015625,0.015625,0.0618456961596087,0.05365300263772825,0.06957700180087871,0.9875,0.9625,1.0,2.2125,1.9125,2.4875,1.0,1.0,1.0,4.275987499999999,4.243195781250001,4.311044218750001,5.566103749999998,5.231820656249998,6.170573218749997,0.19587135894853375,0.1703972810095015,0.2224087330181004,0.6389891696750902,0.5732043473695264,0.7169325189753321
static_adaptive_privic_10_thin_0.25,static,privic,10.0,adaptive,8.0,20,80,0.089693728422467,0.050259979034920264,0.12765123810440193,2.8563563332743387,2.578506753167226,3.1458005556734925,2856.356333274339,2578.506753167226,3145.8005556734934,0.0949585266705287,0.06921813606347912,0.12623471022652807,3.4183308685530998,3.2461216867268075,3.5637803401044854,0.9851562500000002,0.97369140625,0.9945377604166669,41.3875,38.37450520833333,44.00022786458333,4.977945783672888,4.750883682468977,5.167165293209364,0.015625,0.015625,0.015625,0.02408127121396009,0.01853369782230918,0.029998628615032757,0.6208333333333333,0.5208333333333333,0.7126041666666666,0.8625,0.6746875000000001,1.075,1.0,1.0,1.0,4.337543750000001,4.32195921875,4.352643906249999,5.463715,5.367905531249999,5.570159062499999,0.08442271828937718,0.0591667375086799,0.11249818838156173,0.24909747292418774,0.19619257324953526,0.3076989619377163
static_adaptive_privic_10_thin_0.5,static,privic,10.0,adaptive,8.0,20,80,0.2511834382718731,0.18923962651080095,0.31310596644954153,2.09280663141418,1.8141508082093,2.404256622822193,2092.80663141418,1814.1508082093003,2404.256622822193,0.22893241447420398,0.19323720963354307,0.2664274366500746,2.6755579069130735,2.4772623523812998,2.880327065835151,0.9940104166666666,0.9872395833333332,0.9984375000000002,28.42786458333334,26.04574869791667,30.91782552083333,3.94211617706926,3.721668727219177,4.16990306667594,0.015625,0.015625,0.015625,0.04591138809935612,0.03862958735522645,0.053520916982767515,0.8791666666666668,0.8083333333333332,0.9458333333333332,1.6375,1.375,1.9125,1.0,1.0,1.0,4.367987499999999,4.347822968749999,4.389109374999999,5.471849375,5.317721343750001,5.665941140624998,0.17053755530435002,0.14697797571504306,0.19772117989173674,0.4729241877256318,0.40955362661578565,0.5430746289360522
static_adaptive_privic_10_thin_0.75,static,privic,10.0,adaptive,8.0,20,80,0.3613364212480984,0.3013785796136983,0.4177380866895982,1.7272830301194912,1.5082752015673717,1.9774211468524763,1727.2830301194917,1508.275201567372,1977.421146852476,0.3541426813065226,0.3129712933742002,0.3913892992199008,2.2401943966471505,2.081720570330135,2.4219405618645258,0.9802083333333332,0.9653580729166665,0.9916666666666668,21.427604166666665,19.518483072916663,23.5280859375,3.200651844647898,2.9994170363483095,3.4373482890894573,0.015625,0.015625,0.015625,0.06404525629797339,0.055894135482540935,0.07178892859599235,0.9875,0.9625,1.0,2.2875,2.0,2.5625,1.0,1.0,1.0,4.3439875,4.3098184375,4.39016265625,5.350064375,5.257180343749999,5.472270749999999,0.18246790045605488,0.16378037766563971,0.20159334996178066,0.6606498194945849,0.5948440626897218,0.7355072463768115
walk_adaptive_privic_0_thin_0.25,walk,privic,0.0,adaptive,8.0,20,80,0.023752328780872908,0.01243168542920439,0.03580516649371073,4.208555895815274,3.9259807811557192,4.51805302805355,4208.555895815273,3925.9807811557184,4518.053028053548,0.029260462678130556,0.027665740151932936,0.03076073299080185,3.9815837355994246,3.9285434782482795,4.036668642942807,0.96015625,0.9434895833333334,0.9744856770833334,54.15104166666667,52.84920572916668,55.52085286458333,5.767224095941171,5.730028247710603,5.807067180074246,0.015625,0.015625,0.015625,0.013678443931419426,0.0092780867853371,0.018316907292000882,0.2136805555555555,0.1420104166666667,0.28196354166666665,0.5,0.3375,0.6625,1.0,1.0,1.0,4.308949999999999,4.287661250000001,4.3325396875,5.309960624999999,5.246833453124998,5.379336046875,0.03557837185263905,0.026975959501065315,0.04563017160950267,0.14285714285714285,0.10307730137335616,0.17869700279920803
walk_adaptive_privic_0_thin_0.5,walk,privic,0.0,adaptive,8.0,20,80,0.029150484070503746,0.019910265583406292,0.03820288652495548,3.802814980608835,3.5373640784313767,4.071530806336934,3802.814980608836,3537.3640784313766,4071.5308063369334,0.04231348867109045,0.0397962637184481,0.044677163379224866,3.8944692958260996,3.8068794245103046,3.9912961724859195,0.9479166666666666,0.9213476562499999,0.9718815104166667,48.719531249999996,47.492526041666665,49.93101562499999,5.53970775635503,5.497286145260993,5.587885186513292,0.015625,0.015625,0.015625,0.02210630809179302,0.01612955523256972,0.02791678305189791,0.3030555555555555,0.21562326388888892,0.38348437499999993,0.8,0.5875,1.0125,1.0,1.0,1.0,4.329787499999999,4.3087653125,4.349305625,5.313056875,5.253095968749999,5.382333343749999,0.04661104484343298,0.03998985509291283,0.05282890333026505,0.2285714285714286,0.17252926341834796,0.28421052631578947
walk_adaptive_privic_0_thin_0.75,walk,privic,0.0,adaptive,8.0,20,80,0.038607979350201646,0.02580868763152906,0.0533403732560145,3.3776875383793814,3.160223170084017,3.584759655541544,3377.687538379382,3160.2231700840166,3584.759655541544,0.0549892215800298,0.05137963782140634,0.05845460057309338,3.7663245525958615,3.6554392087953618,3.891849075900215,0.9377604166666667,0.9122395833333334,0.9596419270833333,44.59192708333333,42.94826822916667,46.15624348958333,5.340601239120192,5.274226511158657,5.407105870977076,0.015625,0.015625,0.015625,0.03666403744226056,0.028115561603231535,0.04543433308059225,0.44548611111111097,0.3463541666666667,0.5443003472222221,1.325,1.0246875,1.6375,1.0,1.0,1.0,4.3549500000000005,4.336776875,4.3780068750000005,5.3660049999999995,5.270187640625,5.48268596875,0.05583815349418662,0.04666991866857661,0.06646993210310813,0.37857142857142856,0.3172566040559755,0.4385682361725842
walk_adaptive_privic_0.1_thin_0.25,walk,privic,0.1,adaptive,8.0,20,80,0.030454999023783673,0.018522991431387508,0.04423244128329341,3.960555555364195,3.7178556845322417,4.22032787861823,3960.5555553641934,3717.8556845322414,4220.327878618229,0.03593079150354976,0.03370351453722902,0.03843248854509823,3.8907758496929503,3.8262881342706305,3.9600872095266038,0.9546875,0.9291536458333335,0.9713606770833334,50.490625,48.88975911458333,52.01475911458333,5.626799461394681,5.571130518305658,5.676708562393189,0.015625,0.015625,0.015625,0.01445479496183156,0.010235401173643027,0.019177493312270914,0.18826388888888887,0.13318229166666667,0.252859375,0.525,0.375,0.7,1.0,1.0,1.0,4.3252187499999994,4.3054375,4.34785234375,5.6120012500000005,5.295717390624999,6.191429296874997,0.04029346544305175,0.03186226944076397,0.050919076281768796,0.15,0.11438850817079599,0.18919952062153894
walk_adaptive_privic_0.1_thin_0.5,walk,privic,0.1,adaptive,8.0,20,80,0.05878673058793711,0.04067489380538303,0.08091520473416065,3.1780530918339354,2.8858919126972853,3.506808679286629,3178.0530918339346,2885.891912697286,3506.8086792866293,0.058793368788055224,0.0546271082187956,0.06358188555861394,3.5988668217266495,3.500723675376541,3.7214701149408382,0.96328125,0.9432291666666666,0.9791666666666664,43.30026041666667,41.42328776041668,44.99983072916667,5.283267701382948,5.2031738022214915,5.35292995270267,0.015625,0.015625,0.015625,0.02813324890914769,0.021618952453255246,0.03474279213720715,0.3359027777777777,0.25443750000000004,0.43583506944444445,1.0125,0.7871875,1.2375,1.0,1.0,1.0,4.35910625,4.3418478125,4.37950734375,5.324453749999999,5.240069140625001,5.426140593749999,0.05978744703648968,0.04721916996683452,0.0749451653730627,0.28928571428571426,0.23620781777277844,0.34865350402902284
walk_adaptive_privic_0.1_thin_0.75,walk,privic,0.1,adaptive,8.0,20,80,0.09188646397087363,0.07188817457073664,0.11507668718362075,2.6550053496488335,2.4595843230595076,2.8432761523563994,2655.0053496488335,2459.584323059508,2843.2761523563995,0.08572796711198921,0.07897589625274105,0.09259619199437472,3.398038413989778,3.282091468183055,3.5252770715798216,0.9598958333333334,0.9387955729166667,0.9757877604166668,37.284375000000004,35.43387369791666,38.97977213541666,4.956862217612924,4.868922253960373,5.040738028694096,0.015625,0.015625,0.015625,0.040812629480010715,0.03316337997054011,0.04783432710237629,0.48590277777777785,0.40817361111111106,0.5789913194444444,1.4625,1.1875,1.7125,1.0,1.0,1.0,4.321893749999999,4.29858078125,4.3456692187499995,5.291788125,5.227837875,5.356486515624999,0.09369887495869259,0.07649181884645243,0.11420678209192654,0.4178571428571428,0.3704839649407235,0.4680077464788732
walk_adaptive_privic_0.3_thin_0.25,walk,privic,0.3,adaptive,8.0,20,80,0.02771276164115849,0.017788375546745897,0.03775322676090436,3.9837510048539366,3.7471827268316877,4.242546443149092,3983.751004853936,3747.1827268316874,4242.546443149091,0.035930790846394015,0.033703514093533685,0.038432487760218056,3.8907758536028885,3.8262881282812677,3.9600872145115846,0.9598958333333332,0.9380208333333334,0.9747460937500001,50.490625,48.88975911458333,52.01475911458333,5.626799463037445,5.571130518829378,5.676708562803401,0.015625,0.015625,0.015625,0.01445479496183156,0.010235401173643027,0.019177493312270914,0.18826388888888887,0.13318229166666667,0.252859375,0.525,0.375,0.7,1.0,1.0,1.0,4.343731249999999,4.323248437500001,4.3654245312499995,5.3789662499999995,5.221424687499999,5.632278468749999,0.03638728279346015,0.029390638676667503,0.04361863190221758,0.15,0.11438850817079599,0.18919952062153894
walk_adaptive_privic_0.3_thin_0.5,walk,privic,0.3,adaptive,8.0,20,80,0.05811847965019086,0.041710763250395286,0.0788136753597724,3.187029825283461,2.8988433353734666,3.4896834312385794,3187.0298252834605,2898.843335373466,3489.6834312385777,0.058793366023573455,0.054627105105856374,0.06358188178504486,3.598866817789877,3.5007236854928325,3.7214701119289684,0.9645833333333333,0.9455598958333334,0.9796875,43.30026041666667,41.42328776041668,44.99983072916667,5.283267736572072,5.203173836493732,5.352929985704652,0.015625,0.015625,0.015625,0.02813324890914769,0.021618952453255246,0.03474279213720715,0.3359027777777777,0.25443750000000004,0.43583506944444445,1.0125,0.7871875,1.2375,1.0,1.0,1.0,4.3290125,4.31441421875,4.3437132812499994,5.300854375,5.232634625,5.38561815625,0.05989182738353292,0.04686259817583667,0.07577614509664558,0.28928571428571426,0.23620781777277844,0.34865350402902284
walk_adaptive_privic_0.3_thin_0.75,walk,privic,0.3,adaptive,8.0,20,80,0.09138835405999372,0.07189143526279826,0.11476864681329696,2.647960101207987,2.459904727764879,2.8496186302072677,2647.960101207987,2459.904727764879,2849.6186302072683,0.08572796175036287,0.07897589023171933,0.09259618675738206,3.3980384258836738,3.2820915027789574,3.525277071383165,0.9611979166666668,0.9403515625000001,0.9768294270833333,37.284375000000004,35.43387369791666,38.97977213541666,4.956862279957255,4.8689223111990705,5.04073808771579,0.015625,0.015625,0.015625,0.040812629480010715,0.03316337997054011,0.04783432710237629,0.48590277777777785,0.40817361111111106,0.5789913194444444,1.4625,1.1875,1.7125,1.0,1.0,1.0,4.349668749999999,4.330895000000001,4.368102499999999,5.346728124999999,5.287731984375,5.407854531249998,0.0940645626521377,0.07668390908414889,0.1149693682741995,0.4178571428571428,0.3704839649407235,0.4680077464788732
walk_adaptive_privic_1_thin_0.25,walk,privic,1.0,adaptive,8.0,20,80,0.02765719736624686,0.018782297447476545,0.03744850042220231,3.6941253309034443,3.41676506312956,4.025090048848638,3694.1253309034437,3416.765063129559,4025.0900488486354,0.04438682448304724,0.039208127092008174,0.04898475005781842,3.8141656917142988,3.7325093937849014,3.903236512613982,0.9531249999999998,0.91640625,0.975,47.69244791666667,45.788984375,49.936757812500005,5.501790006937695,5.42718431331959,5.59255960177745,0.015625,0.015625,0.015625,0.020340733376818153,0.015202188782382931,0.025277416669902023,0.2949305555555556,0.22769270833333333,0.35873437499999994,0.7375,0.55,0.9125,1.0,1.0,1.0,4.327206250000001,4.30232234375,4.353712499999999,5.2455300000000005,5.184605578125,5.310642640624998,0.043559765300555726,0.03638394700868283,0.05092663505445828,0.21071428571428572,0.16891891891891891,0.25
walk_adaptive_privic_1_thin_0.5,walk,privic,1.0,adaptive,8.0,20,80,0.05384431013063207,0.03547542755421666,0.07373770867265417,3.0449784217294678,2.8337377941401023,3.2588126295884203,3044.978421729468,2833.7377941401023,3258.8126295884213,0.06694154764947302,0.059950263606094664,0.07461400485140564,3.6137412505521107,3.5077053302178447,3.720791065258121,0.9486979166666666,0.9289062500000002,0.96796875,40.411458333333336,38.7048828125,42.36143880208334,5.166376996514673,5.079122540377547,5.259718108626196,0.015625,0.015625,0.015625,0.03610578562493537,0.028313129799082144,0.04298507589367128,0.45472222222222225,0.356171875,0.549375,1.3,1.025,1.5375,1.0,1.0,1.0,4.36314375,4.3451965625,4.380108749999999,5.370061250000001,5.293003828125,5.4510855000000005,0.07918451053855767,0.06666342056987656,0.09433163268405129,0.37142857142857144,0.31166763947662823,0.42965853730988596
walk_adaptive_privic_1_thin_0.75,walk,privic,1.0,adaptive,8.0,20,80,0.08670739705467242,0.06678824680472538,0.10835964764979046,2.6597852631317003,2.4619342664693007,2.8599730455553347,2659.7852631317005,2461.9342664693013,2859.9730455553345,0.09027631085260288,0.08225660391671342,0.09861448949123147,3.454699034397886,3.33760701312808,3.568587335176735,0.94375,0.9205729166666667,0.9635416666666667,35.26640625,33.40043619791666,37.07839192708333,4.880280287915715,4.78314481234129,4.973786804771272,0.015625,0.015625,0.015625,0.05059379953005697,0.04322530445671759,0.05720062771091226,0.6174999999999999,0.5374895833333333,0.6987552083333334,1.8125,1.5375,2.05,1.0,1.0,1.0,4.3406375,4.32713109375,4.355820312500001,5.3347718749999995,5.2696885,5.399230421875,0.09989572905510502,0.08573413762141266,0.11718540666526554,0.5178571428571429,0.46833388130856485,0.571943173150267
walk_adaptive_privic_3_thin_0.25,walk,privic,3.0,adaptive,8.0,20,80,0.03997670732413321,0.025883185738573993,0.053991736507610195,3.691606499878624,3.4063947162190864,4.014380219915904,3691.606499878624,3406.3947162190857,4014.380219915903,0.050998040979149895,0.04348851271610976,0.058477290178434435,3.7983260629576763,3.6912181520181515,3.9119378796763646,0.9458333333333334,0.9192643229166666,0.9669335937500001,46.13463541666666,43.98141927083334,48.62321614583333,5.411043999049034,5.307940018038451,5.526958284078614,0.015625,0.015625,0.015625,0.02626573271537206,0.01979685894441622,0.032284238945797135,0.35701388888888885,0.28454166666666664,0.4319513888888888,0.95,0.7125,1.1625,1.0,1.0,1.0,4.3018374999999995,4.282326250000001,4.31930796875,5.3051531249999995,5.23875253125,5.378340093749999,0.05441438195488786,0.04418918909715507,0.06606535187194143,0.2714285714285714,0.22013538725292456,0.3157894736842105
walk_adaptive_privic_3_thin_0.5,walk,privic,3.0,adaptive,8.0,20,80,0.06914337399079987,0.051845595245034355,0.08611761730438176,3.0173573453889997,2.7447133184659958,3.3001731938182273,3017.3573453889994,2744.7133184659956,3300.1731938182265,0.07798340843972437,0.06999689894162527,0.08630406766637172,3.5416037747009503,3.4239944246979777,3.669940978393828,0.9341145833333332,0.9098828124999999,0.9552083333333332,38.64609374999999,36.682382812499995,40.82225260416667,5.046911498882614,4.951245428083658,5.151988975015842,0.015625,0.015625,0.015625,0.04564239804212254,0.03767298603440983,0.0533237172341376,0.5744444444444444,0.49555034722222224,0.6598715277777779,1.6375,1.3625,1.9125,1.0,1.0,1.0,4.265025,4.2474099999999995,4.286425781249999,5.3059793750000015,5.22031934375,5.4148350625,0.07909800719080678,0.06429112577665469,0.09224752920624545,0.46785714285714286,0.4160750766087845,0.5220982620320855
walk_adaptive_privic_3_thin_0.75,walk,privic,3.0,adaptive,8.0,20,80,0.10431217979437128,0.08504288790425053,0.1238718862078565,2.4493570208253472,2.27937199816316,2.63086356006165,2449.357020825348,2279.3719981631607,2630.8635600616503,0.11620375974071835,0.10628157678265852,0.12600592498181698,3.245166402101591,3.1445016628566553,3.349062222400761,0.9421874999999998,0.92447265625,0.9598958333333334,30.92578125,29.606985677083337,32.35804036458334,4.609437531868659,4.521637669367385,4.695991202130604,0.015625,0.015625,0.015625,0.06572814629240317,0.056202420808076615,0.07418333099945175,0.762013888888889,0.6971493055555557,0.8295156249999999,2.35,2.0125,2.65,1.0,1.0,1.0,4.301237499999999,4.278845624999999,4.32218171875,5.411823750000001,5.3093285625,5.52756221875,0.11053295176003419,0.09526291273680719,0.12763999231513246,0.6714285714285715,0.6271123197571464,0.7224296060435786
walk_adaptive_privic_10_thin_0.25,walk,privic,10.0,adaptive,8.0,20,80,0.04580612737384177,0.028169793166061167,0.0648555965958287,3.38756551066043,3.0908883766561055,3.6930090517990948,3387.5655106604295,3090.888376656107,3693.009051799095,0.050244477802159015,0.04145572803455705,0.06070016747697682,3.7575331641712757,3.649517517924789,3.856102615645403,0.9523437499999998,0.9307291666666666,0.97109375,46.709375,43.88631510416668,49.490423177083336,5.428029964083019,5.2904396234079565,5.557696648456647,0.015625,0.015625,0.015625,0.02626573271537206,0.01979685894441622,0.032284238945797135,0.35701388888888885,0.28454166666666664,0.4319513888888888,0.95,0.7125,1.1625,1.0,1.0,1.0,4.3703062500000005,4.348046406250001,4.393982499999999,5.4758225000000005,5.335153999999999,5.646609515625,0.054918811087036265,0.04335222682255039,0.06721645134567063,0.2714285714285714,0.22013538725292456,0.3157894736842105
walk_adaptive_privic_10_thin_0.5,walk,privic,10.0,adaptive,8.0,20,80,0.07731221966118407,0.05846935087199388,0.09497735355861922,2.766573167985318,2.597868526070605,2.957526242650825,2766.5731679853184,2597.8685260706056,2957.5262426508257,0.08021079635207612,0.07214191332909806,0.08974747583455456,3.460371826760506,3.3589115079513485,3.55239750863637,0.9559895833333332,0.9393229166666668,0.9711002604166666,37.873177083333324,36.2414453125,39.458489583333325,5.006021480541969,4.9136754383122385,5.091710115043457,0.015625,0.015625,0.015625,0.04743666272026317,0.03972991942563352,0.05484858085615077,0.5880555555555556,0.5155555555555555,0.667519097222222,1.7,1.425,1.9628124999999996,1.0,1.0,1.0,4.3805812500000005,4.3593703125,4.403813437499999,5.4176312499999995,5.354272703125,5.487011593749999,0.07803943546636978,0.06622570657141073,0.08926976822640782,0.4857142857142857,0.43233397319323763,0.5454713183495471
walk_adaptive_privic_10_thin_0.75,walk,privic,10.0,adaptive,8.0,20,80,0.1081538947339223,0.08842025550629101,0.1294113503272515,2.527176562004319,2.2882247883921996,2.7688087951016644,2527.1765620043193,2288.2247883922,2768.8087951016655,0.11923870262296846,0.10753027122126584,0.13217148857118105,3.2953471601759836,3.148508185004002,3.429718889976145,0.9330729166666666,0.9104166666666668,0.9570312499999998,30.930468750000006,29.052031250000002,32.92209635416667,4.590672876370834,4.473673688685777,4.7062198542467435,0.015625,0.015625,0.015625,0.06977413614484465,0.05958683375895968,0.07924084470080973,0.8034027777777777,0.7431840277777778,0.8627447916666666,2.4875,2.1371875,2.825,1.0,1.0,1.0,4.33301875,4.3153584375,4.3493200000000005,5.398604374999999,5.2521777968749985,5.612662843749998,0.10493317157191888,0.0928927812876792,0.11664660098357592,0.7107142857142856,0.6632607344012875,0.7640449438202247
commute_adaptive_privic_0_thin_0.25,commute,privic,0.0,adaptive,8.0,20,80,0.018796877341554157,0.012362906996871939,0.02564939426409874,4.422297863125976,4.180120351483385,4.668211901426554,4422.297863125976,4180.120351483383,4668.211901426554,0.028948837731956036,0.02688626682922249,0.03155427198938739,4.103705685527112,4.045607538435021,4.159950059416907,0.9395833333333332,0.9229166666666668,0.95546875,54.09427083333334,52.866106770833326,55.222766927083335,5.76821775602623,5.721448447290159,5.809189442456977,0.015625,0.015625,0.015625,0.0116148099228841,0.007644968674742968,0.01624105929597776,0.1597916666666667,0.1024548611111111,0.2122552083333333,0.425,0.2871875,0.5875,1.0,1.0,1.0,4.28134375,4.260523749999999,4.301532187500001,5.246631874999999,5.176166343749999,5.33639275,0.028888518819913934,0.02480000248179679,0.03321722736626208,0.1312741312741313,0.08675439542659907,0.17563655913978496
commute_adaptive_privic_0_thin_0.5,commute,privic,0.0,adaptive,8.0,20,80,0.02357292358543684,0.01576252395833135,0.03175140843828593,4.1774233776284575,3.9324903441931194,4.4453728661661565,4177.423377628458,3932.4903441931197,4445.372866166156,0.04214897405877446,0.039256776053486264,0.04455533823640057,4.177645533039612,4.061885352319462,4.293637782172745,0.8846354166666666,0.8562499999999998,0.9109375,48.63515625000001,47.59783854166666,49.952753906249995,5.542195664868818,5.499875451663342,5.5935971123078225,0.015625,0.015625,0.015625,0.023539879155563572,0.017724067173344106,0.02972863755613274,0.3303472222222222,0.24324305555555556,0.414689236111111,0.85,0.6375,1.075,1.0,1.0,1.0,4.2035125,4.1794346875,4.232591875000001,5.201626874999999,5.137938687500001,5.274322109374999,0.033556520008696925,0.03026866890981922,0.03725475870592905,0.2625482625482626,0.1960764705882353,0.33481385319486007
commute_adaptive_privic_0_thin_0.75,commute,privic,0.0,adaptive,8.0,20,80,0.03912552818290031,0.030972827561536277,0.047360332000731566,3.672728846332997,3.4757661259720796,3.899008188667572,3672.728846332997,3475.7661259720794,3899.0081886675716,0.05390827488835931,0.04998735266561501,0.05754809182999629,4.048360016214439,3.91049618565357,4.181414381355124,0.8864583333333332,0.8656184895833333,0.9067773437500001,44.10234375,42.64419270833332,45.63757161458334,5.340237475049105,5.277732834909219,5.4096388967081905,0.015625,0.015625,0.015625,0.036026422575518566,0.028603094022358017,0.043451455060490064,0.45486111111111105,0.36922395833333344,0.5371614583333334,1.3,1.025,1.575,1.0,1.0,1.0,4.278493750000001,4.262542187500001,4.293673906250001,5.270380625,5.175626328125,5.376425515624999,0.03221676406067689,0.02944980635391129,0.035256437173486,0.4015444015444016,0.3333333333333333,0.4733720296177246
commute_adaptive_privic_0.1_thin_0.25,commute,privic,0.1,adaptive,8.0,20,80,0.01718812484451652,0.013116110961806435,0.02134406278836505,4.508641882680003,4.309917482606989,4.6917655989207345,4508.641882680001,4309.917482606987,4691.765598920735,0.03550824591479013,0.03323852904360124,0.03796377002145626,4.3228249663436635,4.2469087605380995,4.41639142103953,0.8752604166666667,0.8471354166666668,0.8997460937499999,50.211718749999996,48.95866536458334,51.45401692708332,5.630132873425642,5.583750924191222,5.6760008412690865,0.015625,0.015625,0.015625,0.014878443812603276,0.009504850913244144,0.020358077665943157,0.21499999999999994,0.12916319444444443,0.30694444444444446,0.5375,0.35,0.7375,1.0,1.0,1.0,4.3406,4.31929328125,4.3621634375,5.29948875,5.244853281249999,5.366997312500001,0.02768258621518917,0.02526267400152411,0.0302945975993237,0.16602316602316602,0.10948069805695487,0.22401224489795915
commute_adaptive_privic_0.1_thin_0.5,commute,privic,0.1,adaptive,8.0,20,80,0.02647104681975848,0.020083078765688364,0.0321224115086215,3.98178185278461,3.7428092765521663,4.2175915673367435,3981.7818527846102,3742.809276552165,4217.591567336744,0.055934592607642074,0.05287385415406995,0.05982741557304874,4.259629165509635,4.173869356358144,4.344033059245549,0.8549479166666666,0.8317708333333333,0.8760416666666666,44.18984375,42.83213541666667,45.37766276041666,5.334030618754128,5.2711544188642065,5.384285144630649,0.015625,0.015625,0.015625,0.027782029631773834,0.02019265276069566,0.03582616276321768,0.3472222222222222,0.2551180555555555,0.44300694444444444,1.0,0.725,1.2875,1.0,1.0,1.0,4.3888125,4.361509375,4.41489046875,5.388420000000001,5.305554046875001,5.4810920625,0.04462134879074538,0.0393918908058056,0.04983253470407299,0.3088803088803089,0.23483664772727275,0.3874897498974989
commute_adaptive_privic_0.1_thin_0.75,commute,privic,0.1,adaptive,8.0,20,80,0.038137024978270546,0.031668964845704146,0.044082864070667666,3.4535312114562515,3.339638802792314,3.581504135405093,3453.531211456251,3339.638802792315,3581.5041354050923,0.07811599876818427,0.07306845346826617,0.08257511798193261,4.1569505296550195,4.0883505301926215,4.2326191904896175,0.8364583333333334,0.8200520833333333,0.8515690104166669,38.3953125,37.33034505208333,39.57274739583333,5.039181873045656,4.98122631018994,5.1034341867629776,0.015625,0.015625,0.015625,0.03767870033414712,0.02907452338748824,0.04627122322283286,0.45256944444444447,0.3614583333333333,0.5382708333333334,1.3625,1.05,1.675,1.0,1.0,1.0,4.36225,4.334828281250001,4.3919393750000015,5.5378743749999995,5.338502937499999,5.850266671875,0.05690986622086214,0.0497461770280633,0.06318558336886246,0.4208494208494209,0.3495546435503504,0.49787871543549284
commute_adaptive_privic_0.3_thin_0.25,commute,privic,0.3,adaptive,8.0,20,80,0.016230018083045427,0.011941949724176285,0.020737367919985105,4.516871330687158,4.319726146949207,4.701642082362838,4516.87133068716,4319.726146949207,4701.642082362837,0.03541594228636875,0.033115805711747194,0.037797800639876,4.308459085178906,4.225929808385565,4.40351833139565,0.87734375,0.8476432291666669,0.9020898437499999,50.35286458333333,49.14888671875,51.54728515625,5.634193601325225,5.5900115995598725,5.677577288111175,0.015625,0.015625,0.015625,0.014878443812603276,0.009504850913244144,0.020358077665943157,0.21499999999999994,0.12916319444444443,0.30694444444444446,0.5375,0.35,0.7375,1.0,1.0,1.0,4.35976875,4.32310078125,4.403478125,5.847149999999999,5.411032859374999,6.611360718749999,0.02878533073192633,0.026156551724709185,0.03154483801452435,0.16602316602316602,0.10948069805695487,0.22401224489795915
commute_adaptive_privic_0.3_thin_0.5,commute,privic,0.3,adaptive,8.0,20,80,0.0290370927358232,0.022561775775765035,0.0353365714034049,3.878902314574276,3.6467084875237927,4.095353137759896,3878.902314574276,3646.708487523792,4095.3531377598956,0.0572416948259639,0.0539387327465254,0.060887050095265495,4.2454860186810075,4.143503907411726,4.354352242067015,0.85234375,0.8236848958333333,0.8770963541666668,43.62421875000001,42.105781250000014,44.96309895833333,5.306718629291099,5.243518981624532,5.360055280446895,0.015625,0.015625,0.015625,0.027782029631773834,0.02019265276069566,0.03582616276321768,0.3472222222222222,0.2551180555555555,0.44300694444444444,1.0,0.725,1.2875,1.0,1.0,1.0,4.2969375,4.279717187500001,4.316094687500001,5.480226875000001,5.34408953125,5.636173015624999,0.04482014730949417,0.04017603328531435,0.0495913443642769,0.3088803088803089,0.23483664772727275,0.3874897498974989
commute_adaptive_privic_0.3_thin_0.75,commute,privic,0.3,adaptive,8.0,20,80,0.040290446586833305,0.033422588345989226,0.04668473935777402,3.4497291358735644,3.2987203124263873,3.612554333661815,3449.7291358735647,3298.7203124263883,3612.5543336618157,0.07903814287909852,0.07399205055961881,0.08350991230986399,4.148847471504642,4.082420823341243,4.216789441029122,0.8395833333333332,0.82265625,0.85443359375,38.23776041666666,37.09838541666667,39.4774609375,5.025256030966145,4.965500239624817,5.089243371054072,0.015625,0.015625,0.015625,0.03767870033414712,0.02907452338748824,0.04627122322283286,0.45256944444444447,0.3614583333333333,0.5382708333333334,1.3625,1.05,1.675,1.0,1.0,1.0,4.344212499999999,4.330116093750001,4.359588593750001,5.420774374999999,5.33332409375,5.526175140624999,0.055608831400844126,0.04959347519657343,0.06141290140575305,0.4208494208494209,0.3495546435503504,0.49787871543549284
commute_adaptive_privic_1_thin_0.25,commute,privic,1.0,adaptive,8.0,20,80,0.022006845496640854,0.014877419689877668,0.03014512264303712,4.175175506023621,3.905719157966087,4.440553283483388,4175.17550602362,3905.719157966087,4440.5532834833875,0.03879043907386676,0.03483237363006187,0.04299982594917815,4.121828140641538,4.0570341493042585,4.184228945443596,0.9052083333333334,0.8802083333333333,0.9278645833333334,49.39687500000001,47.64334635416667,51.311816406249996,5.582546960191149,5.511765007074288,5.654864845417682,0.015625,0.015625,0.015625,0.017845898709456208,0.01183099480522767,0.024357194367348785,0.24243055555555557,0.17088541666666668,0.3130052083333333,0.65,0.4375,0.8875,1.0,1.0,1.0,4.40805,4.380968125,4.4352465625,5.680599374999998,5.583206781249999,5.789962453124999,0.03497159135945923,0.030340543010467687,0.03953500443664231,0.2007722007722008,0.13725094876660343,0.2627664287472311
commute_adaptive_privic_1_thin_0.5,commute,privic,1.0,adaptive,8.0,20,80,0.032163095496640856,0.022524706521853576,0.04213539760074553,3.591005408182389,3.3265834511285446,3.8772132738420604,3591.0054081823882,3326.5834511285443,3877.2132738420596,0.06436968887369265,0.05952796377637261,0.06946426491433491,4.161321601317805,4.049295113427114,4.286943348497439,0.8518229166666668,0.8257682291666667,0.8755208333333332,41.07890625,39.83440755208333,42.44661458333333,5.202700265178242,5.142635610179032,5.266449928750982,0.015625,0.015625,0.015625,0.037008930413676554,0.02936371166128891,0.04470181812224478,0.4583333333333333,0.3638368055555555,0.5450086805555556,1.3375,1.0621875,1.6128124999999998,1.0,1.0,1.0,4.400825000000001,4.378491718749999,4.42425046875,5.393691875,5.3337901875,5.460134609375001,0.049651136211520217,0.04563699471538927,0.05348257606117905,0.41312741312741313,0.3412525879917184,0.4869573298852432
commute_adaptive_privic_1_thin_0.75,commute,privic,1.0,adaptive,8.0,20,80,0.04700684549664085,0.03704410367169276,0.05743014053181219,3.1610930106920043,2.973971060161495,3.362070871571368,3161.093010692005,2973.9710601614947,3362.070871571368,0.08720286308372324,0.08081427862629585,0.09362199545190766,4.147949749310481,4.024109637300946,4.277695901494618,0.8169270833333334,0.7908854166666668,0.8424609375000001,35.488541666666656,34.210859375000005,36.86559244791666,4.906747690458618,4.836857442280714,4.9803976517677775,0.015625,0.015625,0.015625,0.04898028998761371,0.04030691306370025,0.05808793220705327,0.5963888888888889,0.5074913194444445,0.6809878472222222,1.775,1.4621875,2.1125,1.0,1.0,1.0,4.40261875,4.382935468749999,4.423526874999999,5.5777825,5.444472125000001,5.721876218749999,0.05843235283591548,0.052439472419150264,0.06494348818246065,0.5482625482625483,0.4761822660098522,0.6200204460966543
commute_adaptive_privic_3_thin_0.25,commute,privic,3.0,adaptive,8.0,20,80,0.028186276231757734,0.018797207104115223,0.03898671191230157,3.981795309797479,3.671535799896717,4.2791993830769375,3981.79530979748,3671.5357998967156,4279.199383076936,0.048058175898254424,0.04265645901972844,0.0540306863818056,4.355807996309019,4.258971000335274,4.4474580502495575,0.8479166666666668,0.8263020833333334,0.8703125,47.262760416666666,45.72418619791667,48.70376302083334,5.470040526106908,5.401429915833706,5.536888108514924,0.015625,0.015625,0.015625,0.02609716673435445,0.020244766348885876,0.032399311831753534,0.35611111111111116,0.27434548611111104,0.428828125,0.95,0.7375,1.175,1.0,1.0,1.0,4.404787499999999,4.38355578125,4.426305781249999,5.46201375,5.385529,5.540098125000001,0.04113245647432577,0.03555192223560595,0.04729580771224573,0.29343629343629346,0.2283643598615917,0.3591884566326531
commute_adaptive_privic_3_thin_0.5,commute,privic,3.0,adaptive,8.0,20,80,0.04329044289842441,0.03446733738792549,0.052709831298813944,3.4278907908730405,3.2115939677056167,3.666890775352135,3427.890790873039,3211.593967705616,3666.8907753521344,0.08324808932082438,0.07620704068137368,0.09197471910676647,4.319103285780441,4.194124631827803,4.449507511357138,0.8057291666666666,0.78046875,0.8315104166666666,37.95364583333333,36.50923177083334,39.45758463541667,5.00541901218131,4.921433961120274,5.083367328877978,0.015625,0.015625,0.015625,0.04478495084957508,0.03660108823180542,0.05304491212999064,0.5628472222222222,0.47657118055555564,0.6421527777777776,1.625,1.3246875,1.9375,1.0,1.0,1.0,4.37484375,4.3483026562500005,4.40241,5.884065625,5.398596859374999,6.745649328124999,0.059642142397707765,0.05290961811828431,0.06700102384558781,0.5019305019305019,0.42652197975964584,0.56864101371774
commute_adaptive_privic_3_thin_0.75,commute,privic,3.0,adaptive,8.0,20,80,0.05983816528599054,0.05087328843054725,0.06837333599025854,3.0990020759325945,2.9415815575398647,3.26190962032088,3099.0020759325935,2941.581557539865,3261.909620320879,0.11210091855184372,0.102510352943349,0.1214766923891522,4.238858559047185,4.158163635981125,4.326811832010638,0.7859375,0.7663932291666665,0.8049479166666664,32.50729166666666,30.90635416666667,34.1784765625,4.6908803453966055,4.592776502500375,4.795825265520813,0.015625,0.015625,0.015625,0.06267297197445025,0.05394817308633872,0.0717063257595265,0.7345833333333333,0.6511788194444446,0.80896875,2.275,1.95,2.6125,1.0,1.0,1.0,4.418012500000001,4.398489375,4.438770937499998,5.69415125,5.424152453125,6.123665656249997,0.07103333789215775,0.06571379681274087,0.07654971424649182,0.7027027027027027,0.6475036572622779,0.7620863435505366
commute_adaptive_privic_10_thin_0.25,commute,privic,10.0,adaptive,8.0,20,80,0.03378142965045056,0.02753089784953109,0.04038782289393107,3.557363594970633,3.3476370814496774,3.7746532276546776,3557.363594970634,3347.6370814496777,3774.6532276546773,0.04895870245471295,0.0427576712283099,0.05518955932980332,4.255246104315458,4.122346123819003,4.399570159271395,0.8744791666666666,0.8460677083333333,0.9013085937499998,46.353385416666676,44.32501953124999,48.53623697916666,5.429413309618349,5.341864779814201,5.525751089380688,0.015625,0.015625,0.015625,0.02674750457219229,0.021039164384201912,0.03293108015235975,0.35861111111111116,0.2767777777777778,0.4319809027777777,0.975,0.7625,1.2,1.0,1.0,1.0,4.29600625,4.276086093750001,4.3177081249999985,5.297356249999998,5.237337171875001,5.367751796874998,0.03896023427079551,0.032866778390465846,0.044612896050359986,0.30115830115830117,0.2369315055932514,0.362934362934363
commute_adaptive_privic_10_thin_0.5,commute,privic,10.0,adaptive,8.0,20,80,0.044532382497757574,0.03598562960945115,0.05313432107458838,3.342914832365546,3.1206887430882686,3.6066705550650475,3342.9148323655463,3120.688743088269,3606.6705550650486,0.07737001172082604,0.07056148582401793,0.08463686529547722,4.37411010552121,4.225669196778533,4.535071308025611,0.8091145833333334,0.7820247395833334,0.83724609375,38.27473958333333,36.2853125,40.30375651041666,5.0366438272180885,4.944830560157127,5.133101550829618,0.015625,0.015625,0.015625,0.04515259790839861,0.03690906739629095,0.05348009338213507,0.5659722222222221,0.4781753472222222,0.6452777777777776,1.6375,1.325,1.9378124999999997,1.0,1.0,1.0,4.3415125,4.31298109375,4.370850156250001,5.514738125,5.332930328125,5.7633607499999995,0.05319061335421875,0.04732311237140112,0.05868590788254956,0.5057915057915058,0.4325186635740269,0.5696881403688525
commute_adaptive_privic_10_thin_0.75,commute,privic,10.0,adaptive,8.0,20,80,0.061498295816209955,0.052723890742834977,0.07113930221291032,3.1027229333658357,2.9286995139923877,3.2833781837212026,3102.722933365835,2928.6995139923893,3283.3781837212023,0.10674240199840199,0.09704222667279973,0.11677343655465344,4.312836208851827,4.2194179310423285,4.408871453864166,0.7825520833333334,0.7651041666666668,0.8,32.65364583333333,30.53470052083333,34.90411458333333,4.718080887221775,4.602099276718895,4.841675655180673,0.015625,0.015625,0.015625,0.06501530952945611,0.056682386523777974,0.07403740142060718,0.7599305555555556,0.6891614583333334,0.8260000000000001,2.3625,2.05,2.7,1.0,1.0,1.0,4.32834375,4.3047689062500005,4.3530817187499995,5.46222125,5.3588352343749985,5.573552125,0.06957019966615159,0.061597784591879194,0.07790361426295102,0.7297297297297297,0.6748946100572116,0.7892555849048878
geolife_adaptive_privic_0_thin_0.25,geolife,privic,0.0,adaptive,8.0,47,53,0.005018126103731665,0.0008239878443969576,0.01074260603199102,4.233219694256857,3.9555403198395154,4.515323327465485,17852.874518917433,16673.713840713637,19058.597311379668,0.03363008115310704,0.030219671648686934,0.03752191928908285,3.984510837923292,3.8856058438161782,4.076739161824043,0.9468085106382977,0.9188663563829788,0.9729665336879432,48.52452718676122,46.02274859633569,50.857450502364074,5.5806058130349765,5.489203316594712,5.665198541727917,0.015625,0.015625,0.015625,0.01608638434831004,0.010663045468697693,0.022171017413187208,0.32575757575757575,0.21699827734711452,0.4471793134598013,0.5780141843971631,0.3829787234042553,0.7945035460992906,1.0,1.0,1.0,4.383430851063831,4.358522207446808,4.4083511968085105,5.344094503546101,5.25949602393617,5.43100082890071,0.03316038451588266,0.029217983264866097,0.03733282717612054,0.15346534653465344,0.10574930939226519,0.20983157467532468
geolife_adaptive_privic_0_thin_0.5,geolife,privic,0.0,adaptive,8.0,47,53,0.028342705570265928,0.013494263712476405,0.04665295734436582,3.5264803589704377,3.219178481282001,3.8575944703776193,14887.308027280558,13583.16745641674,16281.342553725284,0.05860540059144294,0.051758424409553694,0.06553134921716622,3.8735415201519343,3.7136788178286606,4.032494000940719,0.9073581560283689,0.8494791666666666,0.9578900709219857,40.827866430260045,38.099940898345146,43.4548093971631,5.193032008729622,5.078366587280691,5.304321908865573,0.015625,0.015625,0.015625,0.024125128148078823,0.016904494183116008,0.03161644407283296,0.43750000000000006,0.3256989538239538,0.5666757246376811,0.8687943262411346,0.6062943262411348,1.1524822695035462,1.0,1.0,1.0,4.407515957446807,4.380318484042554,4.431581515957447,5.484344148936171,5.378399521276597,5.609590997340426,0.06411419433598146,0.05223704892555841,0.07712019160732393,0.2524752475247524,0.1764471214017522,0.3240891053391053
geolife_adaptive_privic_0_thin_0.75,geolife,privic,0.0,adaptive,8.0,47,53,0.039809657894931016,0.020337915771800514,0.06483466880573406,3.073386460761361,2.843155525254497,3.314375041127427,12983.616598124267,12004.664740885835,14006.608142720625,0.08399109566559702,0.07422096058127563,0.0952022011658974,3.7437486561888624,3.5710289709150267,3.9308575986561936,0.9010047281323877,0.8577127659574469,0.9437943262411347,34.375517139479896,32.08042996453901,36.63698101359339,4.853406835180509,4.735752867588917,4.967478749855696,0.015625,0.015625,0.015625,0.03888057907925526,0.029716381865635022,0.04873872072890626,0.5965909090909091,0.48517676767676765,0.710172312099764,1.3865248226950353,1.056648936170213,1.7448581560283687,1.0,1.0,1.0,4.447414893617022,4.409518749999999,4.491742021276598,5.925427659574468,5.460125944148934,6.637367433510638,0.09467725627845466,0.07907850136669525,0.11197694017574078,0.3861386138613861,0.3094110829488096,0.4583428899082569
geolife_adaptive_privic_0.1_thin_0.25,geolife,privic,0.1,adaptive,8.0,47,53,0.010057265373938648,0.0024882688638159416,0.020458577429193325,3.9270261799578763,3.6224074769833696,4.238538558765188,16543.61691821035,15254.34856107936,17859.646667041307,0.03747413266259359,0.0332320900207821,0.04266780395397821,3.912080531672426,3.8103165226460884,4.0174648919685865,0.9618794326241137,0.9273049645390071,0.9898160460992907,49.348330378250594,46.558222517730506,51.756200132978734,5.5707026283454955,5.453098874550049,5.667216801311569,0.015625,0.015625,0.015625,0.01279155984148666,0.007754225442911036,0.018146130272618764,0.28787878787878785,0.1703683574879227,0.4015316205533597,0.46453900709219864,0.28005319148936164,0.6561170212765957,1.0,1.0,1.0,4.462281914893617,4.430447473404256,4.493861037234043,5.538443439716312,5.424592721631204,5.688648772163121,0.039095608334748275,0.031914947923733304,0.04785511633393097,0.12376237623762375,0.07811631944444446,0.1758793969849246
geolife_adaptive_privic_0.1_thin_0.5,geolife,privic,0.1,adaptive,8.0,47,53,0.039083275912689404,0.01824095157526271,0.060830582280446216,3.05827923555158,2.8042209616469504,3.3328048900825,12882.975646395362,11813.77119015042,14027.373394555969,0.0883613200751606,0.07752068905521922,0.09981851663159734,3.601554142004919,3.4344972997748484,3.7720106921716834,0.939494680851064,0.9058067375886523,0.9698636968085108,37.69001182033098,35.203108377659575,40.183628841607565,4.950883763893561,4.828408197986044,5.07880288249269,0.015625,0.015625,0.015625,0.024868593159488715,0.017629793914757944,0.03270478872644549,0.46969696969696967,0.36046511627906974,0.5926033591731265,0.8936170212765957,0.6382978723404256,1.1702127659574468,1.0,1.0,1.0,4.501904255319148,4.4758481382978745,4.5301734042553194,5.654994503546097,5.5187705141843955,5.8175192154255315,0.09264251008160884,0.07858986614426737,0.10746623743912746,0.24257425742574257,0.18127699903023892,0.30769230769230765
geolife_adaptive_privic_0.1_thin_0.75,geolife,privic,0.1,adaptive,8.0,47,53,0.09626629309627474,0.05161837993271272,0.1494994830726775,2.3415747009071954,2.130103566893601,2.548437257601712,9866.048242301607,8976.187576897271,10734.828299313169,0.15733649767482588,0.14047035694092708,0.17391625980936276,3.212344658556247,3.019586923052099,3.4031521028783254,0.9583333333333335,0.9343860815602836,0.9787344858156027,30.451019503546092,28.41838430851064,32.58621453900708,4.432758823375347,4.2991161517507726,4.561035098489281,0.015625,0.015625,0.015625,0.03383674006220851,0.025596677991670376,0.042748106582573914,0.5549242424242423,0.43957859848484854,0.674563953488372,1.2092198581560285,0.9147163120567375,1.5249113475177305,1.0,1.0,1.0,4.474758865248229,4.449217907801418,4.500373271276596,5.721027659574467,5.548622779255319,5.923791662234043,0.16563387722176273,0.1414576326765804,0.19087992568035528,0.32673267326732675,0.26108319891887183,0.4009913882013201
geolife_adaptive_privic_0.3_thin_0.25,geolife,privic,0.3,adaptive,8.0,47,53,0.013151885637756652,0.0013799672984035523,0.030641721917174874,3.9444467925331086,3.5908760467216347,4.257728159563947,16663.70299090571,15194.8245874672,17989.372388713477,0.05722561345704832,0.047927860099671996,0.06806906648837002,3.8502374028597117,3.693516870173923,3.999053105842513,0.9122340425531913,0.8741079343971631,0.9457114361702128,41.77814716312057,38.490719193262414,45.122650709219855,5.211107559424689,5.067985492779611,5.354155029598565,0.015625,0.015625,0.015625,0.01929233574174225,0.013043530157048993,0.02567141968068024,0.356060606060606,0.24579861111111112,0.4674313279406808,0.6950354609929079,0.46808510638297873,0.9326241134751774,1.0,1.0,1.0,4.413312056737588,4.389227127659572,4.438432136524823,5.428813120567375,5.339245678191488,5.53459587322695,0.054352077544298376,0.04614438914263523,0.06310248615323762,0.19306930693069305,0.13736263736263735,0.2500237642585551
geolife_adaptive_privic_0.3_thin_0.5,geolife,privic,0.3,adaptive,8.0,47,53,0.06119155712574835,0.03222418361492858,0.09361289366177376,3.0253875459681763,2.7240568861563355,3.3173805330674737,12780.754775957133,11514.156543649106,13993.894849205086,0.13667139785854046,0.11593720946070508,0.15728293495932225,3.478330645692145,3.264241698003167,3.689588578580923,0.9113475177304964,0.8772163120567376,0.9414949024822695,31.54011524822695,28.602997562056732,34.62111591312056,4.508924554917135,4.327000502153523,4.687899137818834,0.015625,0.015625,0.015625,0.03997180803074057,0.031068953226925745,0.04948447305951258,0.5814393939393938,0.4735595103044054,0.6964544513457557,1.4148936170212767,1.1063829787234043,1.7446808510638299,1.0,1.0,1.0,4.364789007092199,4.34052544326241,4.392495345744681,5.385628014184396,5.298747433510637,5.48057295212766,0.13016062690892666,0.11083247957369637,0.14981587698197826,0.3861386138613861,0.3179411764705882,0.45813321018062403
geolife_adaptive_privic_0.3_thin_0.75,geolife,privic,0.3,adaptive,8.0,47,53,0.12321479987703389,0.08136969584043016,0.16776341339828293,2.3489016502134574,2.1077588112089107,2.5634826248323908,9920.468034490157,8905.191657731391,10822.133022490709,0.21762523096797923,0.1902943403709756,0.24548684228492795,3.0849809464245115,2.8715621852920736,3.296895580687569,0.9122340425531915,0.8694536790780141,0.9461436170212766,24.63231382978723,22.371038342198588,27.114782801418443,3.9603939900802896,3.771544601116272,4.147524340748934,0.015625,0.015625,0.015625,0.05288357214684083,0.04263230627296143,0.06362503068892669,0.668560606060606,0.5681730091613812,0.773276270456503,1.8758865248226948,1.514095744680851,2.2518617021276595,1.0,1.0,1.0,4.4533776595744685,4.4295625,4.475831515957447,5.456840602836881,5.363693085106385,5.560497504432626,0.16863798489463264,0.15338845458763525,0.18594561792247552,0.5148514851485149,0.4413242117223748,0.5876181980374665
geolife_adaptive_privic_1_thin_0.25,geolife,privic,1.0,adaptive,8.0,47,53,0.010970317822355757,0.0038213387631504878,0.02122776761650915,3.5096230740422376,3.2209133286015135,3.7680567161484504,14775.729196526569,13562.168164110142,15847.930419359776,0.06278349802570599,0.05412062750529061,0.07250418008105332,3.742506598919222,3.6080360120754236,3.8593632846871513,0.9317375886524824,0.8984596631205674,0.9627659574468085,38.589391252955075,35.6365599143026,41.44205821513001,5.082719732870602,4.942357131336792,5.208382143621953,0.015625,0.015625,0.015625,0.021086616516213783,0.014830788314883886,0.028147523051819816,0.39204545454545453,0.28679401993355486,0.5142342700600919,0.7553191489361702,0.5212765957446809,1.0106382978723405,1.0,1.0,1.0,4.371329787234043,4.348083244680852,4.393578191489361,5.370276241134751,5.277720647163121,5.496244476950356,0.06467218424967067,0.055377467087879655,0.07564449305736938,0.21287128712871287,0.15463917525773196,0.2742648193887002
geolife_adaptive_privic_1_thin_0.5,geolife,privic,1.0,adaptive,8.0,47,53,0.07945436037554728,0.046006756226444956,0.11971663544825065,2.7852309588157467,2.470839111178006,3.096365352424689,11732.872418947984,10417.67245362257,13047.742158428133,0.12219177704642639,0.10690688451264585,0.1396466530983608,3.45591265795553,3.2524737560838317,3.6388755360867497,0.905511229314421,0.8636173906619385,0.945415927895981,30.2705378250591,28.030727319739963,32.61176307624113,4.511911578620723,4.36391657520407,4.648099572148161,0.015625,0.015625,0.015625,0.042996370278251074,0.03443747412145397,0.051929654885202396,0.6382575757575758,0.5348639006342494,0.7500462962962963,1.517730496453901,1.2233156028368795,1.8333333333333335,1.0,1.0,1.0,4.436785460992907,4.409906870567377,4.461515647163121,5.569266134751771,5.476349015957446,5.6826882446808495,0.13245783402391087,0.11047389834168042,0.1557565342300649,0.4158415841584158,0.34553168441957033,0.4842481203007518
geolife_adaptive_privic_1_thin_0.75,geolife,privic,1.0,adaptive,8.0,47,53,0.12828710269233212,0.08527600083320883,0.17821283719820316,2.2695215865757667,2.0012536652483304,2.553476324660012,9566.116185594445,8437.783611755614,10750.33547237142,0.19287864569561577,0.1693126820698889,0.2199845534892893,3.182952611505678,2.9383949182389935,3.4323412486660323,0.9015218676122931,0.8532690602836881,0.9448969414893617,24.346483451536642,22.251431368203313,26.56155067966904,4.021348470748625,3.848852919898482,4.179442064425309,0.015625,0.015625,0.015625,0.05776650807040661,0.047386153512148886,0.06866664044739879,0.7234848484848484,0.6249757751937984,0.8209346504559272,2.0425531914893615,1.6914893617021276,2.425531914893617,1.0,1.0,1.0,4.425079787234041,4.401735771276595,4.447084574468086,5.525690070921987,5.427857291666666,5.63046655141844,0.1738144713014474,0.15189662097796539,0.1978969777429837,0.5594059405940593,0.49229508196721317,0.6231985832926235
geolife_adaptive_privic_3_thin_0.25,geolife,privic,3.0,adaptive,8.0,47,53,0.01939522763952583,0.0033073600149802576,0.04193068592288582,3.447692450064922,3.186082915475306,3.730941559086241,14518.013600782895,13415.677848383784,15716.704735509045,0.07366868182186682,0.060463117343042404,0.08708520735298475,3.7491907943085825,3.6021320181186454,3.883299632001803,0.934692671394799,0.9031434692671394,0.9618849734042555,38.63460401891254,35.53166001773051,41.688360667848706,5.0509516186567245,4.891053036298825,5.208974475451165,0.015625,0.015625,0.015625,0.024554383010954785,0.017897070189878295,0.031787778331498956,0.4375,0.32962752525252526,0.5542635658914729,0.8794326241134751,0.648936170212766,1.1418439716312059,1.0,1.0,1.0,4.485299645390071,4.4466066489361715,4.532042996453902,6.152605851063831,5.450089255319148,7.255124162234041,0.07323005336899581,0.05805831061215058,0.09144487054361475,0.24257425742574257,0.1801700576981476,0.3050104679802956
geolife_adaptive_privic_3_thin_0.5,geolife,privic,3.0,adaptive,8.0,47,53,0.11388470868153346,0.074110057843487,0.1601173895965906,2.511468991749115,2.2612923861087086,2.7805702881392182,10589.679967118078,9541.19741378647,11715.883620835912,0.17222525323338014,0.14656602439095678,0.1968565750048169,3.3373055663606865,3.1210292790879777,3.552130556420965,0.8947990543735221,0.8552711288416076,0.9295268173758865,26.557402482269506,24.205391179078017,28.850736923758877,4.201754485158281,4.02341286948899,4.382256905457629,0.015625,0.015625,0.015625,0.054076948533257896,0.04352923307854805,0.06460308260020463,0.7348484848484848,0.6402415927568367,0.8297533761528327,1.9148936170212767,1.553191489361702,2.297872340425532,1.0,1.0,1.0,4.419856382978722,4.396845478723406,4.44504135638298,5.790935992907802,5.603999029255319,6.030569884751775,0.13961721232901247,0.12191660675164477,0.15890811333523752,0.5148514851485149,0.43960202438463314,0.5891584890442263
geolife_adaptive_privic_3_thin_0.75,geolife,privic,3.0,adaptive,8.0,47,53,0.17069617440257365,0.1263489137480044,0.22333412950451711,2.0313102606238247,1.808545902671742,2.265626671651708,8564.825336290538,7622.479944945366,9548.930971002792,0.25506882742237463,0.22952398542089708,0.28085415387657797,2.997696793027147,2.7517644444122795,3.248541812370326,0.8939864066193851,0.8503232121749408,0.9339539007092198,21.05378250591017,19.280878767730492,23.054766917848706,3.686447656814669,3.5242492680441395,3.8453865576393587,0.015625,0.015625,0.015625,0.07109716022030249,0.059886219575854674,0.08298290736631979,0.8333333333333335,0.7556786616161618,0.9113475177304965,2.524822695035461,2.1240248226950356,2.9290780141843977,1.0,1.0,1.0,4.422044326241133,4.392042109929077,4.451675310283689,5.62156755319149,5.475593484042553,5.77392840425532,0.1821242556288422,0.1653541208639364,0.20013440835795115,0.6831683168316831,0.6205063291139241,0.7460942559909326
geolife_adaptive_privic_10_thin_0.25,geolife,privic,10.0,adaptive,8.0,47,53,0.04211008791176601,0.018630997236837903,0.07077770895500238,3.012329958250595,2.7738661741206077,3.2876375174024464,12669.983488532267,11662.902265395958,13828.207491295798,0.06653580743436517,0.05173640864629733,0.08471770919567331,3.838595365166188,3.6598059603621778,4.028821737920403,0.8894060283687946,0.8288896276595745,0.9419437056737588,42.04809397163121,38.20304188829788,45.77676750886525,5.192400201742466,4.989949014095992,5.3790675197259015,0.015625,0.015625,0.015625,0.027185783733719715,0.019853967330956783,0.035248608475005314,0.47159090909090917,0.355531914893617,0.5969304478897502,0.9751773049645389,0.7127659574468085,1.269503546099291,1.0,1.0,1.0,4.43377659574468,4.40567885638298,4.464004521276595,5.962281560283686,5.440826369680851,7.1803389095744645,0.06820515895630758,0.05393806132996239,0.08502780953481301,0.26732673267326734,0.20540184921763868,0.33336501901140686
geolife_adaptive_privic_10_thin_0.5,geolife,privic,10.0,adaptive,8.0,47,53,0.14370572265650317,0.08865142757411837,0.20381005286207254,2.408595223691705,2.1543788291537447,2.665027041901174,10158.356933279767,9092.243220052509,11240.872939556628,0.1782149747912497,0.1484447699301818,0.21206648937348865,3.272817377984685,2.9801558271049635,3.5361442063919104,0.885859929078014,0.828230274822695,0.9399379432624112,26.897089243498826,24.269778738179667,29.549859633569746,4.2022220977864295,3.9872828386491235,4.405392407011269,0.015625,0.015625,0.015625,0.05677827154960884,0.046403123572796814,0.06766891012466457,0.7594696969696971,0.6592550505050506,0.8503886980267795,2.0106382978723403,1.648936170212766,2.393617021276596,1.0,1.0,1.0,4.459315602836881,4.420563652482272,4.5040037234042565,5.594488829787234,5.45925227393617,5.754474055851063,0.14806370411670375,0.12328873587736974,0.17719970103800153,0.5445544554455446,0.47120186154741134,0.6146875134599646
geolife_adaptive_privic_10_thin_0.75,geolife,privic,10.0,adaptive,8.0,47,53,0.19076271339258802,0.14010731811695915,0.2465386571152659,1.9524670140548985,1.7149265186929037,2.2001198035308125,8249.164191826705,7245.998823305897,9288.320071336158,0.2535367138541156,0.22330611881220844,0.2843459905086558,2.8408118169731424,2.6198273722302052,3.070606457598379,0.9171099290780143,0.8730053191489362,0.9534685283687943,21.528442671394792,19.38201647458629,23.62968195921986,3.690803286540571,3.501611146582742,3.8750088967205794,0.015625,0.015625,0.015625,0.07342591840495133,0.06243406238668315,0.08511775761695134,0.8465909090909091,0.7732299741602068,0.9185185185185184,2.6099290780141846,2.223404255319149,3.00718085106383,1.0,1.0,1.0,4.445017730496453,4.416145789007091,4.473275177304964,5.663105141843974,5.5281480452127685,5.802320757978723,0.19123468905715693,0.169202628438434,0.21524731634590194,0.7079207920792079,0.6467654931862428,0.7656419836956523
static_adaptive_none_1,static,none,1.0,adaptive,8.0,20,80,0.4972204601503479,0.4558897258507447,0.5407952444018392,1.2791671276989414,1.131564665001394,1.4313981798471387,1279.1671276989414,1131.5646650013941,1431.3981798471389,0.5185450387458215,0.4838397062504061,0.5550588081488399,1.596873627570553,1.4540157478586515,1.7513958019960305,0.9846354166666667,0.9755208333333334,0.9924479166666667,14.38203125,12.731022135416666,16.16938802083333,2.2765760855749386,2.0730553335030564,2.4694441216569634,0.015625,0.015625,0.015625,0.09682689906961582,0.08472475307532071,0.10962736636550895,1.0,1.0,1.0,3.4625,3.025,3.95,1.0,1.0,1.0,5.167999999999999,5.152366249999999,5.1846509375,6.21056125,6.116744515625,6.315554359374999,0.09403458081178953,0.08040297828076884,0.10718888553209201,1.0,1.0,1.0
static_adaptive_random_0.15,static,random,0.15,adaptive,8.0,20,80,0.05618220552884494,0.03427069502961298,0.08092220252767092,3.067277527752416,2.831589030943434,3.3177559174322826,3067.277527752415,2831.589030943434,3317.7559174322814,0.05786137656200787,0.03920771966431857,0.08180435536816448,3.661569667644624,3.5060003483566398,3.8092071732674078,0.9760416666666666,0.9544205729166666,0.990625,46.67942708333334,43.113203125,50.075247395833344,5.306293209802744,5.071523711505961,5.513055599867186,0.015625,0.015625,0.015625,0.015454417217102504,0.010533522951244828,0.020460005830212916,0.4291666666666667,0.31239583333333326,0.5376041666666665,0.55,0.375,0.725,1.0,1.0,1.0,5.340931249999999,5.31281734375,5.37404109375,6.735226249999999,6.457740796875001,7.12472109375,0.059040759248695084,0.04722804927136039,0.07225104185833502,0.1588447653429603,0.11454444935869086,0.20486548261390886
static_adaptive_random_0.3,static,random,0.3,adaptive,8.0,20,80,0.11307646352178022,0.07461827464651023,0.15854911270442199,2.545735266455604,2.29776402594605,2.8136754437437594,2545.735266455604,2297.7640259460504,2813.675443743759,0.13251406461817763,0.10268304887179139,0.1641081034578591,3.1723759969705245,2.9791882030147856,3.3578409140283445,0.9747395833333332,0.9562369791666665,0.9901041666666666,35.896875,32.215722656250016,39.95360677083334,4.581912499958493,4.315285200425783,4.844368750131158,0.015625,0.015625,0.015625,0.030469392029107017,0.024760572652404483,0.036826205031571774,0.7374999999999999,0.6457291666666666,0.8209375,1.0875,0.875,1.3125,1.0,1.0,1.0,5.277512500000001,5.24931109375,5.31092140625,6.748319375000001,6.493884859374999,7.024915406249999,0.09241674472530667,0.07361442408317907,0.10995038785337956,0.31407942238267145,0.2551584171014124,0.38407190635451505
static_adaptive_random_0.5,static,random,0.5,adaptive,8.0,20,80,0.21519839217163717,0.1474496730670513,0.28356404511418265,2.1309854776865693,1.9060457911001711,2.379838418877464,2130.9854776865695,1906.0457911001706,2379.8384188774635,0.22506681886356877,0.17110269812399054,0.27883619085753625,2.7184687966545003,2.5003992959620103,2.9427925467048386,0.9809895833333335,0.9630208333333334,0.9942708333333332,29.02135416666667,26.329114583333332,31.964967447916663,3.9444744167256793,3.6489117332203596,4.255863272621084,0.015625,0.015625,0.015625,0.04772057972472422,0.03978349159442,0.055720263522318916,0.8791666666666668,0.8083333333333332,0.9458333333333332,1.7,1.425,1.975,1.0,1.0,1.0,5.345325000000001,5.327358437500001,5.366094531250001,6.854923124999999,6.596342078124999,7.16764021875,0.10659965166774177,0.09272195911267549,0.12080427095286532,0.49097472924187724,0.42306451612903223,0.567481336425973
static_adaptive_random_0.7,static,random,0.7,adaptive,8.0,20,80,0.3253620117464239,0.26101249472149524,0.38769847390585005,1.7717076794438094,1.577085450447048,1.9944011154941843,1771.707679443809,1577.0854504470476,1994.401115494184,0.3348496484299966,0.2765789290540776,0.39194612292041764,2.262339845938606,2.055631998101663,2.4824160154951596,0.9815104166666666,0.9645833333333333,0.9942708333333334,22.09609375,19.961848958333338,24.80481770833333,3.2554980413402843,2.9702973709992175,3.5702388640112197,0.015625,0.015625,0.015625,0.06302048113932227,0.05399078459304019,0.07162446861422395,0.9583333333333334,0.9083333333333334,1.0,2.25,1.925,2.55,1.0,1.0,1.0,5.273418749999999,5.25597703125,5.29228515625,7.03198625,6.333373140625,8.292552968749996,0.11550697070212901,0.09798577923032728,0.13413047160558333,0.6498194945848376,0.5816476031358436,0.7246776326665564
static_adaptive_bsp_0.05,static,bsp,0.05,adaptive,8.0,20,80,0.045140665228765135,0.033698116191611595,0.05737307159019108,3.109156801657769,2.8596619570466446,3.4114890652766414,3109.1568016577703,2859.661957046645,3411.489065276642,0.04495806633572751,0.044397714147033224,0.045634238621471916,3.4272596449557673,3.3317253397605606,3.550876246140076,0.9388020833333333,0.8999869791666667,0.9726627604166667,34.45338541666666,32.510859374999995,36.60263671875,4.945421085906372,4.884816015296055,5.010183887198547,0.015625,0.015625,0.015625,0.027467898103586415,0.021113087916523828,0.03381737523277426,0.6083333333333332,0.5041666666666667,0.7001041666666666,1.0,0.775,1.2375,1.0,1.0,1.0,31.42385625,31.070156093750004,32.074679375,40.118680624999996,38.45109725,42.035835453125,0.0403001054273204,0.030765543579751847,0.05101976305778629,0.2888086642599278,0.23212359943977592,0.34568110483364717
static_adaptive_bsp_0.1,static,bsp,0.1,adaptive,8.0,20,80,0.07395767313198956,0.059914384415678375,0.08784875996760763,2.328332049998757,2.139919496407214,2.541044079292751,2328.3320499987567,2139.9194964072135,2541.04407929275,0.0800136069443007,0.07806956085211143,0.08163117567074119,2.962905379201545,2.8463483544402277,3.102966909813902,0.9690104166666667,0.934375,0.9942708333333332,24.63046875,22.81876953125,26.51554036458333,4.292511120882469,4.207285034348813,4.379921369306412,0.015625,0.015625,0.015625,0.046824519883840246,0.03963567089363105,0.05450304182878843,0.8333333333333334,0.7708333333333333,0.8958333333333333,1.6875,1.425,1.975,1.0,1.0,1.0,31.235593750000003,31.1702825,31.301870624999996,39.656151875000006,38.78632051562501,40.61513450000001,0.04692714414639513,0.04080339236545011,0.05337921233183041,0.48736462093862815,0.43746675531914897,0.5390388494867859
static_adaptive_bsp_0.2,static,bsp,0.2,adaptive,8.0,20,80,0.15446540679011384,0.13273083132642463,0.17643919294861682,1.8159909482935668,1.63708429575377,2.0151737088310773,1815.9909482935668,1637.0842957537702,2015.1737088310767,0.14359255122352169,0.1392912388235587,0.14773188355211078,2.487517418983131,2.3575304182095347,2.6446167790880466,0.9729166666666667,0.94296875,0.9947916666666666,19.16041666666667,17.615162760416673,20.884394531250003,3.662759180405898,3.5526610804252416,3.783692423576192,0.015625,0.015625,0.015625,0.055782431927957885,0.0483215038658059,0.0635145271508232,0.9166666666666667,0.8583333333333334,0.975,2.0,1.725,2.2878125,1.0,1.0,1.0,31.0311375,30.9503775,31.11353875,40.34609249999999,39.256776515625,41.53609992187499,0.08361830417712948,0.06825073298372739,0.10201535423028661,0.5776173285198556,0.5326349816529792,0.6270491803278689
static_adaptive_bsp_0.4,static,bsp,0.4,adaptive,8.0,20,80,0.20873854438519368,0.1729560371671277,0.24231681539132016,1.6003556880235201,1.4673658979620159,1.7588110331624442,1600.3556880235199,1467.3658979620157,1758.8110331624446,0.240945946725082,0.2298790111508384,0.2516126877448637,2.1875855039641268,2.0390533976551666,2.3614329273247963,0.97578125,0.9552083333333334,0.9906315104166666,15.504687499999998,13.841464843750002,17.37641276041667,3.0495739726785347,2.9056245897453286,3.2080200473664076,0.015625,0.015625,0.015625,0.07589185069907735,0.06665216352859131,0.08496632083206068,0.9875,0.9625,1.0,2.725,2.3875,3.075,1.0,1.0,1.0,31.087393750000007,30.983089531249995,31.188395781250005,40.213163124999994,39.146285390625,41.359147703125,0.13329842329046343,0.11204937280704445,0.15698682202909522,0.7870036101083033,0.7464609692050609,0.8298879646282973
walk_adaptive_none_1,walk,none,1.0,adaptive,8.0,20,80,0.16362411259319418,0.13466604846757282,0.19652526951331067,2.0623752437017266,1.8845997316834788,2.250508351237915,2062.3752437017274,1884.5997316834785,2250.5083512379147,0.16088554230688437,0.14714440742800403,0.17505571927817792,2.950534546396183,2.8159421392639827,3.082423687698193,0.9526041666666666,0.9377604166666668,0.9674479166666666,26.1171875,24.476555989583332,27.781106770833336,4.222440432943262,4.1061126058796695,4.33854409214626,0.015625,0.015625,0.015625,0.09784464707237733,0.08421974503166088,0.11090004922938396,1.0,1.0,1.0,3.5,3.0125,3.9628124999999996,1.0,1.0,1.0,5.0866999999999996,5.069599687499999,5.105210468750001,6.376856874999997,6.265038234374999,6.499342906249999,0.12868370365602544,0.11622797394771986,0.14213010672446377,1.0,1.0,1.0
walk_adaptive_random_0.15,walk,random,0.15,adaptive,8.0,20,80,0.0370545249245394,0.01849439863635986,0.05598368528814979,3.527219084172908,3.201321465799131,3.8629929427107594,3527.2190841729084,3201.3214657991316,3862.992942710759,0.03807379915613459,0.031937210107009235,0.04514622739567554,3.832279133197762,3.7429603455536715,3.9169658597092747,0.9677083333333334,0.95703125,0.9786458333333332,50.26770833333333,48.26884114583334,52.38666015625001,5.592373701256138,5.502888633903024,5.6817454546538,0.015625,0.015625,0.015625,0.01815626477239839,0.012033665133398656,0.024638683015552113,0.24951388888888887,0.1747829861111111,0.3183385416666666,0.65,0.4375,0.875,1.0,1.0,1.0,5.2140562500000005,5.1968946874999995,5.2322340625,6.4527874999999995,6.3332707812499995,6.584423109375,0.04557681983808269,0.033940619284650066,0.05717645503262741,0.18571428571428572,0.13702020202020201,0.23052752166951912
walk_adaptive_random_0.3,walk,random,0.3,adaptive,8.0,20,80,0.049751688259650394,0.031111764120109627,0.06993438787943303,3.256550054765306,2.9924223139500965,3.51523206801278,3256.550054765306,2992.4223139500964,3515.23206801278,0.05483056838689489,0.04641743972154461,0.06456181437899078,3.706946178039197,3.5993118172708667,3.805534455412501,0.9515625,0.9320312500000002,0.9692708333333332,44.51093749999999,42.22968098958333,46.94289713541667,5.342990476870944,5.226660366740261,5.457513820672964,0.015625,0.015625,0.015625,0.032211312775478236,0.025817708792785207,0.038728248316978374,0.4132638888888889,0.338734375,0.4898020833333332,1.1625,0.925,1.4,1.0,1.0,1.0,5.1514187499999995,5.1284609375,5.173532656250001,6.61485375,6.387202812499999,6.909807984374998,0.0622690192358434,0.05057164095012182,0.07579700550796618,0.3321428571428572,0.2762211668928087,0.3878001803130891
walk_adaptive_random_0.5,walk,random,0.5,adaptive,8.0,20,80,0.07869040483381196,0.05729555937553612,0.10016746989996544,2.803417426210183,2.6068813589803272,3.002619709766262,2803.417426210183,2606.881358980328,3002.619709766261,0.07887688693449935,0.07077689629773305,0.0878652353416551,3.512102432004471,3.3954762561993013,3.6231353825605033,0.9432291666666665,0.9213411458333333,0.9617252604166666,38.53125000000001,36.69007161458332,40.35983072916666,5.033808631617197,4.940231312152779,5.127914630410107,0.015625,0.015625,0.015625,0.04743666272026317,0.03972991942563352,0.05484858085615077,0.5880555555555556,0.5155555555555555,0.667519097222222,1.7,1.425,1.9628124999999996,1.0,1.0,1.0,5.194906250000001,5.1774359375,5.212236093750001,6.36894,6.278432531249999,6.47205734375,0.07598852347948402,0.06551444739248408,0.08588256525327051,0.4857142857142857,0.43233397319323763,0.5454713183495471
walk_adaptive_random_0.7,walk,random,0.7,adaptive,8.0,20,80,0.0883788096003417,0.06208475625726896,0.11649614129211269,2.5895482617185666,2.391896942834735,2.797576241617927,2589.5482617185676,2391.896942834736,2797.5762416179286,0.10153106729193515,0.09082528271155306,0.11294049505724371,3.3585803824826073,3.2407708472974597,3.4786364392766878,0.9520833333333336,0.9330729166666668,0.9708333333333332,34.01510416666667,31.912207031250006,36.07988932291667,4.780795548692193,4.666227114514676,4.894734998855157,0.015625,0.015625,0.015625,0.06470927630413091,0.054626705406574216,0.07432289394686437,0.762013888888889,0.6942083333333334,0.8348020833333333,2.3125,1.95,2.65,1.0,1.0,1.0,5.10311875,5.08813140625,5.117228281249999,6.414681249999999,6.245817546874999,6.67282059375,0.09266457926865349,0.07893950925437615,0.10802228629812839,0.6607142857142857,0.6108945346205819,0.7192464539007092
walk_adaptive_bsp_0.05,walk,bsp,0.05,adaptive,8.0,20,80,0.03795670314566799,0.02684259330305473,0.052131222679501474,3.318706619313611,3.0939093958404356,3.54421980949904,3318.706619313611,3093.9093958404355,3544.21980949904,0.04023890810667743,0.03975028503278109,0.04074170190883067,3.677324486127702,3.598336574925125,3.7604180948611847,0.9533854166666664,0.9288997395833335,0.9760416666666668,40.23046875,39.440279947916665,41.033365885416664,5.3145232621589775,5.289325326392869,5.339064393445916,0.015625,0.015625,0.015625,0.02920458780080243,0.022796246893693264,0.036492745997767,0.39388888888888884,0.3133958333333334,0.4802482638888888,1.0625,0.825,1.325,1.0,1.0,1.0,31.007112500000005,30.844917031249995,31.235535156250005,39.980371875,38.603550375,41.65770267187499,0.03931909115691062,0.03136763171106414,0.04886258583282044,0.30357142857142855,0.24731085043988274,0.36288837744533947
walk_adaptive_bsp_0.1,walk,bsp,0.1,adaptive,8.0,20,80,0.059034095816747664,0.03752503319795801,0.08266113474515574,2.85040950806546,2.6438285808374755,3.050931865099791,2850.4095080654597,2643.828580837476,3050.931865099792,0.06779980789755186,0.06624999368160935,0.06944575711964845,3.4270975096959093,3.3419919019193616,3.5074544252912676,0.94921875,0.9309895833333334,0.9666666666666666,33.65833333333334,32.44578776041667,34.84673177083334,4.920139461450872,4.872030073877302,4.967506861333997,0.015625,0.015625,0.015625,0.04704845522929654,0.04002479921734188,0.05544630882095754,0.6326388888888888,0.5406822916666667,0.7312690972222221,1.7125,1.4621875,2.025,1.0,1.0,1.0,31.17510625,31.058874531249998,31.325286093750005,40.958103124999994,40.042631281249996,41.76497679687499,0.06596445541103871,0.05323461342693747,0.08196120455953146,0.48928571428571427,0.4222222222222222,0.5584959132228249
walk_adaptive_bsp_0.2,walk,bsp,0.2,adaptive,8.0,20,80,0.10689619899135083,0.07870783448810596,0.1387609942645304,2.3174774045812674,2.1135107840128287,2.5330684160922625,2317.4774045812674,2113.5107840128285,2533.0684160922624,0.10127195770895318,0.09794508963856738,0.10502344154307999,3.1918867252373575,3.0719085003100335,3.313902271288211,0.9481770833333332,0.9302083333333334,0.965625,29.831250000000004,28.618632812499996,31.03813151041666,4.601856374140779,4.537800022564459,4.660760936400888,0.015625,0.015625,0.015625,0.06902534421495847,0.05853556968955978,0.08032336136257862,0.7924305555555556,0.708734375,0.866875,2.4875,2.1,2.8875,1.0,1.0,1.0,30.772693749999995,30.707731093750006,30.840074218749997,39.414736875,38.547938953125,40.282915843750004,0.10180570228348307,0.08295809562125432,0.12368812973021144,0.7107142857142856,0.6428510063819343,0.7672769556025371
walk_adaptive_bsp_0.4,walk,bsp,0.4,adaptive,8.0,20,80,0.13188621252226182,0.11061370561788798,0.15577570052099837,2.19716500273153,2.0527544022412236,2.3451873106134626,2197.1650027315304,2052.7544022412235,2345.1873106134626,0.12639990883464786,0.11824738471870469,0.13406018186190125,3.080003437020526,2.9770351467017044,3.185421939124563,0.95625,0.9450520833333333,0.9666666666666666,27.86484375,26.394121093750005,29.384147135416665,4.422855089574481,4.336817494864751,4.515720177745188,0.015625,0.015625,0.015625,0.08554021426286836,0.07231580045673465,0.09877923374526111,0.901597222222222,0.852982638888889,0.9454270833333333,3.075,2.6,3.55,1.0,1.0,1.0,30.968574999999998,30.88875890625,31.046761718750005,39.485974375,38.666824703124995,40.31475590624999,0.11642409812322259,0.10324322844973517,0.13019938349521493,0.8785714285714287,0.8312164192696475,0.9213144028103045
commute_adaptive_none_1,commute,none,1.0,adaptive,8.0,20,80,0.07810824419069856,0.06837981801890504,0.08806250823117043,2.7127016091999696,2.5989606084368453,2.8336541382399654,2712.7016091999694,2598.9606084368456,2833.6541382399664,0.1341727331244847,0.12544755079677924,0.14301751993815295,4.153571049133048,4.056793817981578,4.2442051808635455,0.7835937499999999,0.7692708333333333,0.7986979166666666,28.37682291666666,27.132330729166668,29.759667968749998,4.440459102904862,4.3598542253016035,4.5259303379211735,0.015625,0.015625,0.015625,0.08919354094645833,0.07719021450878463,0.10296304211433834,1.0,1.0,1.0,3.2375,2.8125,3.7378124999999995,1.0,1.0,1.0,4.892112499999999,4.870140468749999,4.913514531249998,6.139146875,6.040797906249998,6.248703765624999,0.08110799866631438,0.07538577652376008,0.08726706515693819,1.0,1.0,1.0
commute_adaptive_random_0.15,commute,random,0.15,adaptive,8.0,20,80,0.020122425903765652,0.014767580508254694,0.025136459654274808,3.947058303052857,3.724707528212158,4.176861945362262,3947.058303052857,3724.7075282121577,4176.861945362262,0.03394958012266149,0.030754397418226886,0.03721703372096347,4.239386636279326,4.160879113799049,4.320579160895398,0.8997395833333334,0.878125,0.9213606770833335,52.26979166666668,51.017871093749996,53.461634114583326,5.673054496901944,5.625678386319834,5.7220846436574595,0.015625,0.015625,0.015625,0.015184274123333253,0.01102894163602003,0.019774304501453403,0.2181944444444444,0.1577690972222222,0.27743402777777776,0.55,0.4,0.7125,1.0,1.0,1.0,5.061349999999999,5.04364453125,5.081316093749999,6.4812625,6.2641537031249985,6.762503484374999,0.02677057214495728,0.023446253048016213,0.02990310262099737,0.1698841698841699,0.12851132155079464,0.20785067873303165
commute_adaptive_random_0.3,commute,random,0.3,adaptive,8.0,20,80,0.03673994693399081,0.0290259626415857,0.04521269861794007,3.484742092015651,3.314830437321909,3.6787955161639325,3484.74209201565,3314.8304373219094,3678.795516163934,0.050621631291367354,0.04417430197414484,0.058255690677185654,4.2373914184485715,4.110705303472368,4.36699347964476,0.8708333333333333,0.8447916666666666,0.8953125,45.78255208333333,43.41333984375,48.0328515625,5.409078985571112,5.302803833601386,5.508882164653696,0.015625,0.015625,0.015625,0.03062248226854595,0.023599105743711227,0.037446133183189956,0.40694444444444444,0.312875,0.4911197916666667,1.1125,0.8625,1.3625,1.0,1.0,1.0,4.9630374999999995,4.94827703125,4.979100000000001,6.1933,6.048835578124998,6.360408843750001,0.03914253481483327,0.03326406601795263,0.045215616246883965,0.34362934362934366,0.26951356423078177,0.41954528206425495
commute_adaptive_random_0.5,commute,random,0.5,adaptive,8.0,20,80,0.0476096437707023,0.03829996972043744,0.05793263236992287,3.3120241789193763,3.0849355922824095,3.557895164515444,3312.024178919376,3084.9355922824097,3557.895164515445,0.077030017332876,0.07016224304612977,0.08447646081732346,4.32386943130266,4.1936281320845445,4.4493526388947915,0.8184895833333334,0.7973958333333333,0.8411458333333333,38.401822916666674,36.39322265625,40.20783854166667,5.039446782715682,4.936964069554035,5.130923136378334,0.015625,0.015625,0.015625,0.04515259790839861,0.03690906739629095,0.05348009338213507,0.5659722222222221,0.4781753472222222,0.6452777777777776,1.6375,1.325,1.9378124999999997,1.0,1.0,1.0,5.0894625,5.06108203125,5.122160000000001,6.343419999999999,6.157865921874999,6.660324578124999,0.05397922076538181,0.048477768040311585,0.05979842070910951,0.5057915057915058,0.4325186635740269,0.5696881403688525
commute_adaptive_random_0.7,commute,random,0.7,adaptive,8.0,20,80,0.05514893083635656,0.04658087562833912,0.06375138506783445,3.1166085642247103,2.9585602346044984,3.2849625642516718,3116.608564224711,2958.560234604499,3284.962564251673,0.09961360848320176,0.0928181364376489,0.10691885490422243,4.256757967388623,4.142444462078725,4.3662595872919185,0.79609375,0.7783854166666667,0.8132942708333333,33.47708333333334,31.888750000000005,34.998059895833336,4.780581497830639,4.695692934951683,4.860794925464492,0.015625,0.015625,0.015625,0.060894097450620174,0.052315543689721675,0.06974680509904728,0.7268055555555555,0.634220486111111,0.8063315972222221,2.2125,1.8875,2.5375,1.0,1.0,1.0,4.96825,4.944318124999999,4.990509218749998,6.201467499999999,6.092534859374999,6.32197140625,0.06241630591115536,0.05694849504133121,0.06831872523489319,0.6833976833976834,0.6204199650457489,0.7488835424329453
commute_adaptive_bsp_0.05,commute,bsp,0.05,adaptive,8.0,20,80,0.028172445953207677,0.020079524933345735,0.0364986414026331,3.774769498891787,3.5927134127929103,3.9831536074835006,3774.7694988917874,3592.7134127929094,3983.1536074834985,0.039605968545929106,0.03894445012579074,0.040261323823015074,4.183551457411741,4.048889673286967,4.337934060168769,0.8632812500000002,0.83203125,0.8901041666666666,41.23125000000001,40.14034505208333,42.403378906250005,5.351527544919469,5.315729123890737,5.3899356326367185,0.015625,0.015625,0.015625,0.027969863969675008,0.02207681370124163,0.03461547607020251,0.3770833333333333,0.29854166666666665,0.45479513888888884,1.025,0.8125,1.2625,1.0,1.0,1.0,30.506275000000006,30.45180375,30.55424796875,37.834267499999996,37.072524703125,38.607539890625,0.03242896733228115,0.029406427691860994,0.035396767047014235,0.3166023166023166,0.2633537565287264,0.3701932251908397
commute_adaptive_bsp_0.1,commute,bsp,0.1,adaptive,8.0,20,80,0.038753608677925086,0.03083002710090112,0.048018145525896984,3.334506332897491,3.158208037627118,3.479798657437967,3334.506332897491,3158.2080376271183,3479.7986574379665,0.0666695827330301,0.06373067536661194,0.06944141137272793,4.136482664484188,4.013556321237636,4.253516366802125,0.8247395833333334,0.7994791666666665,0.8489648437499999,35.055729166666666,33.58125,36.62555338541666,4.988551662115762,4.923005288564119,5.05350682640965,0.015625,0.015625,0.015625,0.04862862166246661,0.040222123782108904,0.058022394300779594,0.6124305555555556,0.5323350694444444,0.6916701388888888,1.7625,1.4621875,2.1,1.0,1.0,1.0,30.83464375000001,30.781532187499998,30.902585312499998,39.43236999999999,38.632810296875,40.17302728124999,0.04530691189186874,0.040725589370098306,0.04954607280710181,0.5444015444015444,0.4828763140237083,0.6050554086176303
commute_adaptive_bsp_0.2,commute,bsp,0.2,adaptive,8.0,20,80,0.053890327427925086,0.04699898533089451,0.06070569337933839,3.0116281255219652,2.911936553110434,3.1060873722345863,3011.628125521965,2911.9365531104345,3106.0873722345864,0.0959529459731063,0.08952936004734387,0.10179916501999309,4.071501936684476,3.9746609028997977,4.166326650533863,0.8283854166666667,0.8057291666666668,0.8507877604166667,32.08177083333333,30.203593750000003,34.13877604166667,4.727933520054368,4.63126146751824,4.835148137942344,0.015625,0.015625,0.015625,0.060328327400431946,0.0514889410645012,0.06969024992610058,0.7197222222222223,0.6309600694444446,0.8076701388888887,2.1875,1.8621875,2.5375,1.0,1.0,1.0,30.5267875,30.484415468749997,30.5697253125,39.000598124999996,38.22985090624999,39.707583546875,0.05495278327551982,0.0486931875754081,0.06027833128980783,0.6756756756756757,0.6283461574997624,0.7279418807752986
commute_adaptive_bsp_0.4,commute,bsp,0.4,adaptive,8.0,20,80,0.06851700270033068,0.05913892661297134,0.07800101939127319,2.9024807212425414,2.7770350715154777,3.0491524049166117,2902.480721242541,2777.0350715154777,3049.1524049166105,0.1226649442135915,0.11258491784681912,0.13208951155286328,4.314211388047001,4.1933136645652045,4.434185116069631,0.76484375,0.7437500000000001,0.7867187500000001,29.363541666666656,27.747552083333332,31.210690104166662,4.516307041823088,4.409689964994713,4.636395796899052,0.015625,0.015625,0.015625,0.07747586533484484,0.06767215947666315,0.08961962371049194,0.8939583333333333,0.8387187499999998,0.9439583333333333,2.8125,2.45,3.2503124999999997,1.0,1.0,1.0,30.72589375,30.667708906250006,30.787537031249997,38.247415000000004,37.447430609375004,39.089863359374995,0.0779806156802498,0.06921080914018223,0.08649828432126883,0.8687258687258688,0.8319565632528352,0.9021408397665223
geolife_adaptive_none_1,geolife,none,1.0,adaptive,8.0,47,53,0.30897800011632776,0.24602621326455157,0.3775696820079836,1.5445475261472152,1.3197347986666779,1.7777752836735916,6522.763384477504,5570.616703970026,7514.324901453912,0.34018624442501627,0.3009281068593043,0.3866490207439079,2.4232955240993133,2.1542918010629584,2.6963905619766777,0.9184397163120566,0.8794270833333335,0.951706560283688,17.514923167848696,15.516664819739953,19.5086990248227,3.1939580527885063,2.9558321939391385,3.4159046928673,0.015625,0.015625,0.015625,0.1035434471581002,0.09052195148924762,0.11650786499718478,1.0,1.0,1.0,3.673758865248227,3.223404255319149,4.152570921985816,1.0,1.0,1.0,5.105673758865249,5.084051595744681,5.127752260638299,6.409239361702125,6.268637353723403,6.584498377659576,0.1879999480020602,0.16925985242408953,0.21051401407757137,1.0,1.0,1.0
geolife_adaptive_random_0.15,geolife,random,0.15,adaptive,8.0,47,53,0.02696836073847295,0.009685353023012449,0.04945499775330273,3.1321600937454663,2.8708907058154054,3.401892666202453,13208.450059903496,12110.090403707949,14352.246245266157,0.03540538121178089,0.027274151857105904,0.04482085281694019,3.9697423035620987,3.8620465970815276,4.067067956378411,0.9521276595744682,0.9164394946808512,0.982491134751773,52.585992907801405,49.46336436170212,55.33933399822697,5.6737736486643415,5.529065411133631,5.793263957595558,0.015625,0.015625,0.015625,0.017502308406160634,0.011236504363513332,0.02442473454387554,0.32386363636363635,0.21892418789221113,0.4456682769726248,0.624113475177305,0.400531914893617,0.8688829787234043,1.0,1.0,1.0,5.029982269503546,5.009182092198583,5.050544813829788,6.32284184397163,6.193349791666667,6.472822810283691,0.048857001948548695,0.03247047542803673,0.06863590865253304,0.17326732673267325,0.11916045984455959,0.2356082682999111
geolife_adaptive_random_0.3,geolife,random,0.3,adaptive,8.0,47,53,0.07209094026447908,0.04434125842611765,0.10153736251122125,2.6764742794019134,2.423065936105125,2.9368863980204343,11303.715845459976,10236.187902316722,12393.432881098746,0.06918481293766908,0.05415158618284812,0.08582256110573037,3.7648149165537523,3.599681558024472,3.9343318109030836,0.9058067375886526,0.845739140070922,0.9556792996453901,41.88859338061466,38.223040410756504,45.400450650118216,5.184141063549149,4.985092476871003,5.358773644282261,0.015625,0.015625,0.015625,0.03126544573484262,0.02368820180915936,0.039663227702456574,0.5549242424242425,0.44125374383368576,0.6721044685990338,1.1170212765957446,0.8404255319148937,1.4361702127659575,1.0,1.0,1.0,5.095528368794327,5.070294680851063,5.119028102836879,6.30856755319149,6.217406117021275,6.415749680851063,0.08155930797336677,0.06473142356170458,0.10199770308099612,0.30693069306930687,0.23527911164465787,0.37968901079385126
geolife_adaptive_random_0.5,geolife,random,0.5,adaptive,8.0,47,53,0.1522444909403567,0.10638084667355113,0.20654328649150333,2.1832219798890065,1.9628736264874878,2.4214608190015285,9214.105509375479,8284.255511742214,10233.164907727585,0.142608800338722,0.11318610502938532,0.17568767597566304,3.264118817090409,3.055421001916847,3.466921222787148,0.9198433806146574,0.8811890514184396,0.9567929964539007,31.521424349881794,28.281292479314423,34.49027039007091,4.499040144421385,4.265682011668614,4.718089573695708,0.015625,0.015625,0.015625,0.05853534777477018,0.047174328929787825,0.06941258747475049,0.7594696969696971,0.6592550505050506,0.8503886980267795,2.074468085106383,1.6805851063829789,2.4680851063829787,1.0,1.0,1.0,5.071069148936169,5.053430186170213,5.089905984042554,6.239983333333332,6.158818585992905,6.323411103723403,0.13857765921806953,0.11130288161958678,0.17032870931740887,0.5594059405940593,0.4917869577832584,0.6306901737967915
geolife_adaptive_random_0.7,geolife,random,0.7,adaptive,8.0,47,53,0.17944977340660995,0.12989604591216783,0.231121491273459,1.921032301397345,1.70689931247027,2.158481447367799,8114.460867966843,7208.104745998542,9119.360870662349,0.2137677041746274,0.18485833884097277,0.24829379937817006,2.985417643554589,2.751187464999241,3.2250663437289626,0.9095744680851062,0.8648049645390071,0.9514683067375886,23.95175827423168,21.50675790484633,26.301863549054378,3.9359945445924875,3.7119698485284474,4.129759004657647,0.015625,0.015625,0.015625,0.07112062552695926,0.05963872268083924,0.08368798688254357,0.8219696969696971,0.7370219638242893,0.9047754329004329,2.528368794326241,2.1169326241134754,2.9646276595744676,1.0,1.0,1.0,5.080673758865247,5.0574349290780125,5.102445744680851,6.323850531914894,6.202448191489364,6.4597382313829765,0.16817668092304044,0.14891302673610685,0.18852284246137305,0.6831683168316831,0.6220263660224291,0.7525800908990135
geolife_adaptive_bsp_0.05,geolife,bsp,0.05,adaptive,8.0,47,53,0.010328541877744004,0.0059701106243140005,0.015937669851296014,3.6317932647571953,3.3836773354989336,3.923581424544565,15297.775677042588,14244.174359820005,16544.472348639312,0.04387848406265487,0.042942755178748584,0.04481262429597822,3.764536217054473,3.625594174081443,3.9089156578814164,0.9193262411347519,0.8734375,0.9592309397163122,36.65425531914893,34.19417664007092,39.09732380319149,5.1397555715997685,5.062938980573649,5.216111399721383,0.015625,0.015625,0.015625,0.02681515782408342,0.020791190170236996,0.0338020792083157,0.5037878787878788,0.3983468046889772,0.6204134366925064,0.9574468085106383,0.7446808510638298,1.1914893617021276,1.0,1.0,1.0,30.862382978723403,30.781727526595738,30.947310505319145,39.52024078014184,38.51813093085106,40.57535539450353,0.037881694397869335,0.034871288361907685,0.04065039359205077,0.26732673267326734,0.2118180988870644,0.3214484126984127
geolife_adaptive_bsp_0.1,geolife,bsp,0.1,adaptive,8.0,47,53,0.023653426920547924,0.0059588943423197925,0.049006846756213016,2.746684459434308,2.5582814641553155,2.9297558735937477,11582.07784545618,10784.580176772672,12348.387559871073,0.07869791858382667,0.07652316103544674,0.08073300315972666,3.296328652217137,3.111513266940685,3.488196259634476,0.9184397163120568,0.8652426861702127,0.9612200797872339,25.985815602836883,24.099124556737586,27.89188829787234,4.521524320801313,4.431373807830261,4.617385323310125,0.015625,0.015625,0.015625,0.05184653484301091,0.04227996846882337,0.06099251258753126,0.7632575757575757,0.6666666666666666,0.8518970189701895,1.868794326241135,1.5317375886524822,2.2093085106382975,1.0,1.0,1.0,30.83022340425532,30.75283377659575,30.916207446808514,41.17285904255319,39.201012247340415,43.69432305851063,0.08386131410840028,0.074807841716379,0.09893190298304372,0.5247524752475247,0.4456985962014864,0.5904082348812726
geolife_adaptive_bsp_0.2,geolife,bsp,0.2,adaptive,8.0,47,53,0.09888539212093075,0.05578489413232183,0.1488897184718017,2.1636799977788566,1.9229123956246983,2.4183651409425324,9140.429898892897,8121.249301346502,10214.215248075254,0.1363567691621055,0.1300066163767049,0.1419394938065934,3.028495112959956,2.766807724991794,3.322863403432152,0.9257535460992907,0.8807624113475178,0.965442154255319,22.87204491725768,21.07156841016548,24.832832816193847,4.0923309185468995,3.9953270350038057,4.195454109737351,0.015625,0.015625,0.015625,0.06176318142427796,0.05109643395318183,0.07170877703827126,0.7973484848484849,0.7054263565891473,0.8809523809523809,2.198581560283688,1.8262411347517733,2.5569148936170207,1.0,1.0,1.0,30.980099290780135,30.830666223404254,31.201228634751768,40.24948138297872,38.96603261968084,41.899144654255316,0.14857820220271936,0.12251641598663719,0.17691514873442699,0.6089108910891089,0.5329580745341614,0.6730978260869565
geolife_adaptive_bsp_0.4,geolife,bsp,0.4,adaptive,8.0,47,53,0.2016239954209019,0.14413860137501636,0.2587213439931588,1.6439916171727553,1.4533849814160757,1.8473320133196838,6942.114299118886,6137.339432226267,7801.758206370946,0.22386623243222792,0.2102426333755955,0.2363804511193977,2.6269784549704798,2.3945720167962015,2.849083261645468,0.9259751773049646,0.8909519060283688,0.956787455673759,19.312352245862886,17.153163785460993,21.407140218676123,3.586540712047528,3.41919847581952,3.7480359538715144,0.015625,0.015625,0.015625,0.07826685979200595,0.06712559693079545,0.08885416931427227,0.8863636363636364,0.8143829281183933,0.9418604651162791,2.812056737588653,2.393439716312057,3.1986702127659576,1.0,1.0,1.0,30.612388297872346,30.53727061170213,30.693532845744684,39.753035992907805,38.59318749556738,40.92068090425531,0.2160190358462771,0.18986181034658992,0.2421448020830723,0.7673267326732673,0.6961261889844507,0.830526353429164
