condition,scenario,method,param,attack,side,n_clusters,n_trajectories,cap_violations,hit,hit_low,hit_high,error_cells,error_cells_low,error_cells_high,error_m,error_m_low,error_m_high,peak,peak_low,peak_high,logloss,logloss_low,logloss_high,covered95,covered95_low,covered95_high,credible95,credible95_low,credible95_high,entropy,entropy_low,entropy_high,prior_hit,prior_hit_low,prior_hit_high,raw_completion,raw_completion_low,raw_completion_high,coverage,coverage_low,coverage_high,reward,reward_low,reward_high,latency_slots,latency_slots_low,latency_slots_high,gate_us_p50,gate_us_p50_low,gate_us_p50_high,gate_us_p95,gate_us_p95_low,gate_us_p95_high,ece,ece_low,ece_high,utility,utility_low,utility_high
static_fixed_none_1,static,none,1.0,fixed,8.0,20,80,0.0,0.3276904854034197,0.26386897009234195,0.3965043927951445,1.8563044407050175,1.638263884465899,2.0976934250232606,1856.304440705017,1638.2638844658993,2097.6934250232603,0.3164374544630518,0.26159684045309584,0.3721498986609585,2.181481928447842,1.948745532084156,2.4090398352504216,0.98125,0.9669205729166668,0.9927083333333332,19.96640625,17.736497395833332,22.64635416666666,3.1614670307765325,2.8629188934249554,3.4957232740724216,0.015625,0.015625,0.015625,0.09682689906961581,0.08472475307532071,0.10962736636550895,1.0,1.0,1.0,3.4625,3.025,3.95,1.0,1.0,1.0,2.2038749999999996,2.17804359375,2.22859703125,2.622540625,2.559432109375,2.6920584843749995,0.10113144875168072,0.08262964055269939,0.12160748121691395,1.0,1.0,1.0
static_fixed_random_0.15,static,random,0.15,fixed,8.0,20,80,0.0,0.048692740572842244,0.019490208196601473,0.08457443791764342,3.6317054796137294,3.380876796072915,3.928068470495527,3631.7054796137286,3380.876796072916,3928.068470495525,0.04772666508203134,0.03068452175613076,0.07108435138346227,3.790654324554206,3.6224156626132347,3.9451932690104656,0.9658854166666666,0.9413997395833331,0.9875065104166667,50.49973958333333,46.9031640625,53.7401953125,5.475119805440204,5.238812961333618,5.684945035424249,0.015625,0.015625,0.015625,0.015454417217102504,0.01053352295124483,0.020460005830212912,0.4291666666666666,0.31239583333333326,0.5376041666666665,0.55,0.375,0.725,1.0,1.0,1.0,2.1572625,2.142150625,2.1744614062499994,2.538819375,2.5143555468749996,2.5677632343749996,0.038793592048990355,0.027606260055886563,0.053820942980974465,0.1588447653429603,0.11454444935869085,0.20486548261390886
static_fixed_random_0.3,static,random,0.3,fixed,8.0,20,80,0.0,0.10921617986295185,0.07211070115346421,0.15160420323735904,3.1412146180592155,2.8999183569014786,3.398755934038855,3141.214618059216,2899.9183569014785,3398.7559340388552,0.10074659823072811,0.07329193730260412,0.1295183612873289,3.365357245856316,3.1940757487413016,3.5422418890847416,0.96015625,0.9348763020833334,0.9817773437499999,41.209375,38.274602864583336,44.23171875,4.873994647354241,4.63792222647979,5.1213241033496955,0.015625,0.015625,0.015625,0.030469392029107017,0.02476057265240448,0.03682620503157177,0.7375,0.6457291666666666,0.8209374999999998,1.0875,0.875,1.3125,1.0,1.0,1.0,2.1853749999999996,2.16273671875,2.2090626562500004,2.60486375,2.5446053281250003,2.67105240625,0.06768504609215703,0.0512160344944102,0.08812444756999059,0.3140794223826715,0.2551584171014124,0.38407190635451505
static_fixed_random_0.5,static,random,0.5,fixed,8.0,20,80,0.0,0.1690893236432438,0.11991124883353636,0.21808368107443535,2.7259793752102404,2.5038481255413108,2.9659139107011745,2725.9793752102405,2503.8481255413108,2965.913910701174,0.1569942071739999,0.1180635133707374,0.19130340784851688,3.01366208116752,2.8213442583281383,3.22546511049495,0.95859375,0.92837890625,0.9851627604166666,34.21119791666666,31.255253906249994,37.39689453124999,4.373422165499516,4.1078708200879674,4.681956792192731,0.015625,0.015625,0.015625,0.047720579724724224,0.03978349159442,0.05572026352231893,0.8791666666666667,0.8083333333333332,0.9458333333333332,1.7,1.425,1.975,1.0,1.0,1.0,2.1851875,2.1601350000000004,2.2106990625,2.6094406249999995,2.558597359375,2.6641123906249997,0.09378997478916949,0.07833768581012394,0.11058271804578465,0.49097472924187724,0.42306451612903223,0.5674813364259731
static_fixed_random_0.7,static,random,0.7,fixed,8.0,20,80,0.0,0.200327167581173,0.14046218592113557,0.25788654961210616,2.4202902694945356,2.1734473390630766,2.6718072881157227,2420.290269494535,2173.447339063076,2671.8072881157223,0.20208750952285012,0.15443060897828303,0.25077499571243095,2.7549069197596596,2.5159646329664986,2.9888745996353694,0.9770833333333332,0.9523372395833332,0.9947981770833334,28.644270833333337,25.546347656249996,31.753489583333334,3.983082427205018,3.6599064111105686,4.311774131036256,0.015625,0.015625,0.015625,0.06302048113932227,0.05399078459304019,0.07162446861422395,0.9583333333333333,0.9083333333333334,1.0,2.25,1.925,2.55,1.0,1.0,1.0,2.22585625,2.2063309375,2.24590015625,2.6405624999999997,2.597768624999999,2.6953826093749993,0.10232755460148572,0.08750081425340261,0.11774503070740333,0.6498194945848376,0.5816476031358437,0.7246776326665564
static_fixed_rate_2,static,rate,2.0,fixed,8.0,20,80,0.0,0.1970414710731863,0.13616882301867073,0.2663531958529146,2.4989782853672344,2.2478515858909818,2.765070118098682,2498.9782853672345,2247.8515858909823,2765.0701180986825,0.19286682805862165,0.1399390575770595,0.25501081441436957,2.8437892773920437,2.571998225553736,3.1018431223514202,0.9588541666666668,0.9328125,0.9817838541666667,29.147395833333338,25.97755208333333,32.3962890625,4.022395969924701,3.673492279505996,4.356966097147548,0.015625,0.015625,0.015625,0.055656398516397,0.046250324063126985,0.06559845913544891,0.8833333333333332,0.8125,0.95,1.975,1.6496875,2.3378124999999996,1.0,1.0,1.0,2.281275,2.2557689062499997,2.30626203125,2.795495625,2.678983328125,2.9579640156249996,0.057208487183409575,0.044815018385030006,0.07092736839823566,0.5703971119133574,0.505529187800712,0.6328759043724442
static_fixed_rate_4,static,rate,4.0,fixed,8.0,20,80,0.0,0.13082556803228446,0.08192106502404684,0.19383154026809965,2.9022106781642,2.652750717599222,3.1710792569467925,2902.2106781642005,2652.7507175992214,3171.079256946792,0.1257441303747605,0.08211505640375774,0.18307807372526225,3.2132009140980147,2.9353804007526305,3.4689295721158437,0.9812500000000002,0.9635416666666667,0.9947916666666666,38.39791666666666,34.66393229166667,42.18067708333333,4.674229169558659,4.294585095354275,5.00464991616387,0.015625,0.015625,0.015625,0.029022534254076672,0.02307127491526675,0.03539566341420737,0.65,0.5708333333333333,0.725,1.025,0.8125,1.2625,1.0,1.0,1.0,2.30885625,2.2901237500000002,2.3263123437500006,2.7059112499999998,2.6707630625000003,2.7428614531249997,0.024024456609167587,0.018149573785177377,0.030750987731963244,0.296028880866426,0.2465277777777778,0.34539774217520547
static_fixed_rate_8,static,rate,8.0,fixed,8.0,20,80,0.0,0.09700981313656885,0.05453790732551116,0.1486400235304871,3.2665041936702446,3.0070857865691183,3.524438190025918,3266.504193670244,3007.0857865691178,3524.4381900259177,0.09216478883734294,0.050665118181669105,0.14208762045800719,3.502555926068331,3.2725354609404436,3.713281097871221,0.9854166666666668,0.9666666666666668,1.0,45.67916666666666,41.73192708333333,49.454531249999995,5.131761342254181,4.803401876348562,5.434940299398257,0.015625,0.015625,0.015625,0.013915684920814663,0.009223695921942889,0.01928606315239763,0.4125,0.3082291666666666,0.5208333333333333,0.5,0.3375,0.7,1.0,1.0,1.0,2.25264375,2.2316176562499996,2.27263390625,2.6748012500000002,2.642648890625,2.71236828125,0.011280978591697416,0.006774712684234961,0.016770182887241355,0.1444043321299639,0.10107611796902294,0.1894813676527084
static_fixed_coarse_2,static,coarse,2.0,fixed,8.0,20,80,0.0,0.08949329605579606,0.07741645762684582,0.10325765153267594,2.6293105894889233,2.4048824092680943,2.855955892618569,2629.310589488922,2404.8824092680925,2855.9558926185678,0.08655592789248528,0.07583022339545345,0.0988230457484399,3.0849099282477175,2.9074414206304597,3.2572068859195342,0.9666666666666668,0.9385351562500002,0.9869791666666667,32.208072916666666,29.230371093750005,34.95482421875,4.491569607979886,4.276272386669737,4.682991744982948,0.015625,0.015625,0.015625,0.054363756589425084,0.045232752170798286,0.06342806821382842,0.8791666666666667,0.8041666666666666,0.9541666666666666,1.925,1.6125,2.2378124999999995,1.0,1.0,1.0,2.25285625,2.2289060937500005,2.2823057812500003,2.7332925,2.6535789375,2.8368930156249994,0.022468420103993077,0.018226702477505064,0.02734699780429745,0.555956678700361,0.4740393370970679,0.6448300849575211
static_fixed_coarse_4,static,coarse,4.0,fixed,8.0,20,80,0.0,0.02794731987847222,0.024422675238715275,0.03137301974826388,3.375792839287224,3.1908051817564975,3.5612465803176554,3375.7928392872245,3190.8051817564983,3561.246580317657,0.02747180661266522,0.02524230971803266,0.029700632888922187,3.8262047508227353,3.7266673993392576,3.9381578573443305,0.9372395833333333,0.88748046875,0.9770898437499999,49.47447916666667,47.11348958333333,51.938665364583336,5.535820818960562,5.440541104531812,5.635822672010193,0.015625,0.015625,0.015625,0.01900215295541937,0.014520497775414434,0.024166988881955707,0.525,0.4125,0.6334374999999999,0.675,0.5125,0.8625,1.0,1.0,1.0,2.1250375,2.10939296875,2.143275156249999,2.5574850000000002,2.52415790625,2.5921140781249994,0.005864439682034533,0.004623741556187592,0.007225418284153769,0.19494584837545126,0.15189504014185096,0.24427696148768868
static_fixed_bsp_0.05,static,bsp,0.05,fixed,8.0,20,80,0.0,0.02955258637743292,0.02532134977471892,0.03445302932750792,3.5116789496713543,3.31934746681376,3.7170357433345087,3511.678949671355,3319.3474668137615,3717.0357433345102,0.03524646523260197,0.033523915789697684,0.036846424439550836,3.753344036251555,3.6784610042135917,3.8279597139287374,0.9239583333333334,0.8715950520833334,0.9651171875000001,44.682031249999994,43.09287109375,46.06692708333333,5.373498288299975,5.3114065881735195,5.430887252004067,0.015625,0.015625,0.015625,0.040649682345398605,0.033942470908652635,0.0475791290630321,0.7375,0.6666666666666666,0.8083333333333332,1.4625,1.2125,1.7125,1.0,1.0,1.0,16.979925,16.938517968750002,17.027563281249996,18.1557125,17.989258328124997,18.335261843749997,0.02161329404525577,0.017576452783864764,0.025896870836026185,0.4223826714801444,0.3788304062381494,0.4701659504036239
static_fixed_bsp_0.1,static,bsp,0.1,fixed,8.0,20,80,0.0,0.05179021508652472,0.04120503940929453,0.06353140846983107,3.007631594637547,2.7930511405751246,3.210889457592575,3007.631594637548,2793.0511405751245,3210.889457592576,0.05647055051399508,0.053899690399438045,0.05935402016371344,3.40347470257852,3.294761635186641,3.5069711114417053,0.9552083333333334,0.9255208333333333,0.9799544270833335,34.316145833333344,32.47753255208334,35.92272135416667,4.860570619721164,4.7732749637112555,4.940790930603909,0.015625,0.015625,0.015625,0.05841962417710955,0.049471479990922725,0.06998835331665101,0.9208333333333332,0.8666666666666668,0.975,2.1,1.775,2.5128125,1.0,1.0,1.0,17.665874999999996,17.5913684375,17.757782187500002,19.087314999999997,18.744418609375,19.519370234375,0.03445347506659668,0.02906478369088311,0.04104967018995534,0.6064981949458483,0.5353133671919995,0.6733891540487162
static_fixed_bsp_0.2,static,bsp,0.2,fixed,8.0,20,80,0.0,0.0791877028206071,0.06460652188979359,0.09416907912309155,2.634215037155701,2.4630133969490395,2.80569730313109,2634.215037155701,2463.013396949039,2805.6973031310895,0.08034299009746912,0.07590556593745525,0.08471622013779818,3.1487471363754387,3.0189006924574846,3.2777349394380138,0.9455729166666667,0.9143229166666667,0.9739713541666667,29.913281250000004,28.067467447916666,31.785429687500006,4.520758448066169,4.409592612588934,4.631066414405117,0.015625,0.015625,0.015625,0.07339147883845973,0.06380485633212052,0.08402429834156343,0.9583333333333333,0.9125,1.0,2.6375,2.2875,3.025,1.0,1.0,1.0,17.69146875,17.476563437499998,17.89120078125,19.488690625,18.814892890625,20.3530395,0.051654849982450034,0.044848328208268055,0.058719312265099396,0.7617328519855595,0.7090893888719976,0.8093224460858669
static_fixed_bsp_0.4,static,bsp,0.4,fixed,8.0,20,80,0.0,0.14680847074026887,0.12378942215479033,0.17198008073764262,2.2568836162609727,2.070311658642391,2.4512074039644784,2256.8836162609723,2070.3116586423926,2451.2074039644785,0.1452133532825522,0.13131268143567373,0.158508097748968,2.665544451746821,2.509400854333692,2.836775589847809,0.9875,0.97265625,0.9973958333333334,23.34505208333333,21.196080729166667,25.797513020833332,3.8498335383866475,3.6665222686447687,4.059697110581662,0.015625,0.015625,0.015625,0.08226321304639751,0.07148972934497541,0.09411764509620933,1.0,1.0,1.0,2.95,2.5625,3.375,1.0,1.0,1.0,16.738037499999997,16.639507031249998,16.86470359375,18.663103749999998,17.789876765625003,20.172507515624996,0.06766516027848439,0.05710000829402928,0.07974859770882194,0.851985559566787,0.8087174393787446,0.8928604375329467
static_fixed_positive_only_0.1,static,positive_only,0.1,fixed,8.0,20,80,0.0,0.05240653453096916,0.04231738050774724,0.06381335027206096,3.0009147870248647,2.787482267655299,3.210648852196685,3000.9147870248653,2787.4822676552994,3210.6488521966853,0.057505236902070433,0.05471674053888226,0.06062808104349555,3.390385985016234,3.291008776217508,3.4891789522485754,0.95234375,0.9221223958333333,0.9773437499999998,34.08958333333334,32.25445963541667,35.68203776041668,4.840578060937502,4.750619762767005,4.920560358760518,0.015625,0.015625,0.015625,0.0591904970423847,0.0500319784533039,0.07088743804815203,0.9333333333333332,0.8833333333333332,0.9833333333333332,2.125,1.7996875,2.5375,1.0,1.0,1.0,8.56400625,8.535832499999996,8.59396875,9.238206250000001,9.128990156250001,9.384381046875001,0.034523366951691704,0.029309406225369445,0.04113486177624502,0.6137184115523465,0.5428571428571428,0.6794601224636195
static_adaptive_none_1,static,none,1.0,adaptive,8.0,20,80,0.0,0.4972204601503479,0.4558897258507447,0.5407952444018392,1.2791671276989414,1.1315646650013937,1.4313981798471387,1279.1671276989414,1131.564665001394,1431.3981798471389,0.5185450387458215,0.48383970625040623,0.5550588081488399,1.596873627570553,1.4540157478586513,1.7513958019960305,0.9846354166666668,0.9755208333333334,0.9924479166666667,14.38203125,12.731022135416664,16.16938802083333,2.2765760855749386,2.0730553335030564,2.469444121656964,0.015625,0.015625,0.015625,0.09682689906961581,0.08472475307532071,0.10962736636550895,1.0,1.0,1.0,3.4625,3.025,3.95,1.0,1.0,1.0,2.16586875,2.1544421875000004,2.17839890625,2.4561999999999995,2.424737875,2.4899794218749998,0.09403458081178953,0.08040297828076884,0.10718888553209198,1.0,1.0,1.0
static_adaptive_random_0.15,static,random,0.15,adaptive,8.0,20,80,0.0,0.05618220552884494,0.03427069502961298,0.08092220252767092,3.067277527752416,2.831589030943434,3.3177559174322826,3067.277527752415,2831.589030943433,3317.755917432281,0.05786137656200787,0.03920771966431856,0.08180435536816448,3.661569667644625,3.5060003483566398,3.8092071732674078,0.9760416666666666,0.9544205729166667,0.9906249999999999,46.67942708333334,43.113203125000005,50.075247395833344,5.306293209802744,5.071523711505963,5.513055599867186,0.015625,0.015625,0.015625,0.015454417217102504,0.01053352295124483,0.020460005830212912,0.4291666666666666,0.31239583333333326,0.5376041666666665,0.55,0.375,0.725,1.0,1.0,1.0,2.14898125,2.1403687500000004,2.15836375,2.47403125,2.4381519531249993,2.51462290625,0.059040759248695084,0.04722804927136039,0.072251041858335,0.1588447653429603,0.11454444935869085,0.20486548261390886
static_adaptive_random_0.3,static,random,0.3,adaptive,8.0,20,80,0.0,0.11307646352178022,0.07461827464651022,0.15854911270442199,2.545735266455604,2.2977640259460497,2.8136754437437594,2545.735266455604,2297.76402594605,2813.6754437437585,0.1325140646181776,0.10268304887179139,0.16410810345785912,3.1723759969705245,2.979188203014786,3.3578409140283454,0.9747395833333332,0.9562369791666665,0.9901041666666666,35.896874999999994,32.21572265625001,39.95360677083333,4.581912499958493,4.315285200425783,4.844368750131158,0.015625,0.015625,0.015625,0.030469392029107017,0.02476057265240448,0.03682620503157177,0.7375,0.6457291666666666,0.8209374999999998,1.0875,0.875,1.3125,1.0,1.0,1.0,2.16144375,2.13648671875,2.1903699999999997,2.506825,2.444589234375,2.589809796875,0.09241674472530668,0.07361442408317906,0.10995038785337956,0.3140794223826715,0.2551584171014124,0.38407190635451505
static_adaptive_random_0.5,static,random,0.5,adaptive,8.0,20,80,0.0,0.21519839217163722,0.14744967306705128,0.2835640451141826,2.130985477686569,1.9060457911001711,2.3798384188774637,2130.9854776865695,1906.0457911001704,2379.8384188774635,0.22506681886356872,0.17110269812399054,0.2788361908575362,2.7184687966545007,2.5003992959620103,2.942792546704839,0.9809895833333335,0.9630208333333334,0.9942708333333332,29.02135416666667,26.32911458333334,31.964967447916663,3.9444744167256793,3.6489117332203596,4.255863272621084,0.015625,0.015625,0.015625,0.047720579724724224,0.03978349159442,0.05572026352231893,0.8791666666666667,0.8083333333333332,0.9458333333333332,1.7,1.425,1.975,1.0,1.0,1.0,2.1664125,2.1557368749999997,2.1805251562500003,2.47007875,2.43254625,2.512778875,0.10659965166774174,0.09272195911267547,0.1208042709528653,0.49097472924187724,0.42306451612903223,0.5674813364259731
static_adaptive_random_0.7,static,random,0.7,adaptive,8.0,20,80,0.0,0.32536201174642393,0.26101249472149524,0.3876984739058501,1.771707679443809,1.577085450447048,1.9944011154941843,1771.7076794438094,1577.085450447048,1994.401115494184,0.3348496484299966,0.2765789290540776,0.39194612292041764,2.262339845938606,2.055631998101663,2.4824160154951596,0.9815104166666666,0.9645833333333333,0.9942708333333334,22.09609375,19.961848958333338,24.80481770833333,3.2554980413402843,2.9702973709992175,3.5702388640112197,0.015625,0.015625,0.015625,0.06302048113932227,0.05399078459304019,0.07162446861422395,0.9583333333333333,0.9083333333333334,1.0,2.25,1.925,2.55,1.0,1.0,1.0,2.1294125,2.12080609375,2.13905640625,2.4114250000000004,2.3744632187500003,2.4629135468750003,0.11550697070212901,0.09798577923032727,0.13413047160558328,0.6498194945848376,0.5816476031358437,0.7246776326665564
static_adaptive_rate_2,static,rate,2.0,adaptive,8.0,20,80,0.0,0.29097983997078936,0.22937712430556942,0.35071406336927685,2.0015928713921274,1.7755846605047911,2.242625558552764,2001.5928713921269,1775.584660504791,2242.6255585527633,0.30216425584351597,0.2504085443138747,0.3542982773487786,2.4192180380317985,2.192032899085281,2.658231032223394,0.9671875,0.9489583333333332,0.9828255208333333,23.285416666666666,21.081171875,25.589921875,3.407223418951601,3.1153348429579455,3.693084957326315,0.015625,0.015625,0.015625,0.055656398516397,0.046250324063126985,0.06559845913544891,0.8833333333333332,0.8125,0.95,1.975,1.6496875,2.3378124999999996,1.0,1.0,1.0,2.22029375,2.2090509375,2.23250171875,2.5364725,2.5077527343749995,2.567008453125,0.08103520891622264,0.07072464692063883,0.09179300499993341,0.5703971119133574,0.505529187800712,0.6328759043724442
static_adaptive_rate_4,static,rate,4.0,adaptive,8.0,20,80,0.0,0.16774588664184434,0.1189268665743823,0.2228608160879715,2.559342370856453,2.3099054398939063,2.814404382435376,2559.3423708564524,2309.905439893906,2814.4043824353753,0.15461983499770066,0.11172812319795271,0.2029337221032804,3.030255644905489,2.7990842260032736,3.2644072066410836,0.9458333333333334,0.9176822916666666,0.9719010416666668,33.592708333333334,30.241354166666675,37.22109375,4.378236562438651,4.073350094055536,4.699194523918827,0.015625,0.015625,0.015625,0.029022534254076672,0.02307127491526675,0.03539566341420737,0.65,0.5708333333333333,0.725,1.025,0.8125,1.2625,1.0,1.0,1.0,2.2127062499999997,2.2048889062499994,2.2194867187500003,2.521149375,2.50180075,2.5395356875,0.05545067866011446,0.04467605117102333,0.06669972674688306,0.296028880866426,0.2465277777777778,0.34539774217520547
static_adaptive_rate_8,static,rate,8.0,adaptive,8.0,20,80,0.0,0.09094057355635925,0.05132910373761568,0.13926401931479276,3.0747817794564702,2.8159101087300744,3.3447451789308587,3074.78177945647,2815.9101087300746,3344.745178930858,0.0903442762260149,0.05369866318068033,0.13349791273541936,3.463932729377011,3.2403558145983067,3.671780728035701,0.9854166666666666,0.9708333333333332,0.9958333333333333,43.03333333333334,39.49348958333334,46.62932291666667,5.018846077686063,4.726675425120152,5.299447955667634,0.015625,0.015625,0.015625,0.013915684920814663,0.009223695921942889,0.01928606315239763,0.4125,0.3082291666666666,0.5208333333333333,0.5,0.3375,0.7,1.0,1.0,1.0,2.2414062500000003,2.2119921875000004,2.279699375,2.687829375,2.5189868281250005,2.9181732656249992,0.019410567288453216,0.015194777133205781,0.024376337174518523,0.1444043321299639,0.10107611796902294,0.1894813676527084
static_adaptive_coarse_2,static,coarse,2.0,adaptive,8.0,20,80,0.0,0.15695126677792692,0.14150969994677276,0.1699274853315991,1.7449397318912017,1.5991492431847778,1.8933636264530234,1744.9397318911997,1599.1492431847762,1893.3636264530212,0.15576725957934462,0.1436575636020712,0.16680464842765408,2.378469175765196,2.228040686682578,2.546074025062556,0.9723958333333333,0.9411393229166666,0.9895833333333334,19.821875,17.41274088541667,22.425807291666665,3.4525391377764714,3.2668737128499816,3.6556898699589913,0.015625,0.015625,0.015625,0.054363756589425084,0.045232752170798286,0.06342806821382842,0.8791666666666667,0.8041666666666666,0.9541666666666666,1.925,1.6125,2.2378124999999995,1.0,1.0,1.0,2.21144375,2.19245625,2.23568171875,2.5535206249999995,2.5168238750000005,2.5907381249999997,0.025096163558188535,0.021310985899552534,0.02931908713348082,0.555956678700361,0.4740393370970679,0.6448300849575211
static_adaptive_coarse_4,static,coarse,4.0,adaptive,8.0,20,80,0.0,0.05244683159722222,0.05085272894965277,0.053968878851996534,2.417937775368049,2.309007274922437,2.5455254867768167,2417.93777536805,2309.0072749224382,2545.5254867768176,0.05160985253264595,0.050086123883313995,0.053141944599441,3.1108767470470022,3.059300199249688,3.1628469360922886,0.9744791666666666,0.9533854166666667,0.9911458333333332,27.25989583333333,25.504108072916665,29.027760416666666,4.515048679627686,4.439476397761764,4.592890113885129,0.015625,0.015625,0.015625,0.01900215295541937,0.014520497775414434,0.024166988881955707,0.525,0.4125,0.6334374999999999,0.675,0.5125,0.8625,1.0,1.0,1.0,2.30366875,2.2843571874999995,2.3235249999999996,2.7948831250000006,2.7039231562499997,2.8892594062500003,0.0038553898379231665,0.002849994519056309,0.004856060837088173,0.19494584837545126,0.15189504014185096,0.24427696148768868
static_adaptive_bsp_0.05,static,bsp,0.05,adaptive,8.0,20,80,0.0,0.04514066522876513,0.033698116191611595,0.05737307159019109,3.109156801657769,2.859661957046644,3.4114890652766423,3109.1568016577703,2859.6619570466455,3411.489065276642,0.04495806633572751,0.044397714147033224,0.04563423862147191,3.4272596449557673,3.3317253397605606,3.550876246140076,0.9388020833333333,0.8999869791666667,0.9726627604166669,34.45338541666666,32.510859374999995,36.60263671874999,4.945421085906373,4.884816015296054,5.010183887198548,0.015625,0.015625,0.015625,0.027467898103586415,0.021113087916523828,0.03381737523277427,0.6083333333333333,0.5041666666666667,0.7001041666666665,1.0,0.775,1.2375,1.0,1.0,1.0,16.97575625,16.79581015625,17.1802259375,18.385036874999997,18.018907578125,18.8656044375,0.040300105427320404,0.030765543579751847,0.05101976305778629,0.2888086642599278,0.23212359943977592,0.34568110483364717
static_adaptive_bsp_0.1,static,bsp,0.1,adaptive,8.0,20,80,0.0,0.07395767313198955,0.059914384415678375,0.08784875996760763,2.3283320499987576,2.1399194964072135,2.5410440792927513,2328.3320499987567,2139.919496407214,2541.04407929275,0.0800136069443007,0.07806956085211143,0.08163117567074117,2.962905379201545,2.846348354440228,3.102966909813902,0.9690104166666668,0.9343750000000002,0.9942708333333332,24.63046875,22.81876953125,26.51554036458333,4.292511120882468,4.207285034348813,4.379921369306412,0.015625,0.015625,0.015625,0.046824519883840246,0.03963567089363105,0.05450304182878844,0.8333333333333333,0.7708333333333333,0.8958333333333333,1.6875,1.425,1.975,1.0,1.0,1.0,16.77234375,16.711675,16.8350753125,18.512859374999998,17.814833671875,19.791320453125,0.04692714414639513,0.04080339236545011,0.05337921233183041,0.48736462093862815,0.4374667553191489,0.5390388494867858
static_adaptive_bsp_0.2,static,bsp,0.2,adaptive,8.0,20,80,0.0,0.15446540679011386,0.13273083132642463,0.17643919294861682,1.8159909482935668,1.6370842957537703,2.0151737088310773,1815.9909482935668,1637.08429575377,2015.173708831077,0.14359255122352169,0.13929123882355868,0.14773188355211078,2.487517418983131,2.3575304182095342,2.644616779088046,0.9729166666666667,0.94296875,0.9947916666666667,19.16041666666667,17.61516276041667,20.884394531250003,3.662759180405898,3.5526610804252416,3.783692423576192,0.015625,0.015625,0.015625,0.055782431927957885,0.0483215038658059,0.0635145271508232,0.9166666666666666,0.8583333333333334,0.975,2.0,1.725,2.2878125,1.0,1.0,1.0,16.47374375,16.449762031249996,16.498506250000002,17.395559374999998,17.280934421875006,17.535516937500002,0.08361830417712948,0.06825073298372737,0.10201535423028661,0.5776173285198556,0.5326349816529792,0.6270491803278688
static_adaptive_bsp_0.4,static,bsp,0.4,adaptive,8.0,20,80,0.0,0.20873854438519368,0.1729560371671277,0.2423168153913201,1.60035568802352,1.4673658979620159,1.7588110331624442,1600.3556880235199,1467.3658979620159,1758.8110331624446,0.240945946725082,0.2298790111508384,0.2516126877448637,2.1875855039641263,2.0390533976551666,2.3614329273247963,0.9757812500000002,0.9552083333333334,0.9906315104166666,15.504687499999998,13.841464843750002,17.37641276041667,3.0495739726785347,2.905624589745328,3.2080200473664076,0.015625,0.015625,0.015625,0.07589185069907732,0.06665216352859131,0.08496632083206067,0.9875,0.9625,1.0,2.725,2.3875,3.075,1.0,1.0,1.0,16.63725,16.5951109375,16.684399375,17.698595625,17.501153375,17.925587078124998,0.13329842329046343,0.11204937280704441,0.1569868220290952,0.7870036101083032,0.7464609692050609,0.8298879646282974
static_adaptive_positive_only_0.1,static,positive_only,0.1,adaptive,8.0,20,80,0.0,0.10071553730196307,0.08806757082074465,0.11182691383820537,2.0803426270273753,1.9292983069604106,2.254421811840091,2080.3426270273753,1929.2983069604109,2254.4218118400904,0.10195767007040069,0.09361713418673445,0.11120469082604378,2.719763322935169,2.6099618914722402,2.856480858698185,0.9690104166666668,0.9364518229166667,0.9932291666666666,21.013541666666665,19.459563802083334,22.686139322916667,3.930965078866405,3.8278263592175503,4.038239840593677,0.015625,0.015625,0.015625,0.04976596518248605,0.04217757887923018,0.05737226632163682,0.8708333333333332,0.8166666666666667,0.925,1.7875,1.5125,2.0625,1.0,1.0,1.0,8.38669375,8.355701875,8.419176718749998,8.947481875,8.878996640625003,9.030860249999998,0.02732470504933913,0.022233113721951317,0.032769711848076,0.516245487364621,0.4580387205387205,0.5679501900538486
walk_fixed_none_1,walk,none,1.0,fixed,8.0,20,80,0.0,0.1227886591426616,0.08593725440524004,0.1623791807942934,2.5383565829956645,2.2872212138835013,2.829327491099293,2538.3565829956647,2287.221213883501,2829.3274910992936,0.10718884030294104,0.09580928232946402,0.11830348574434062,3.271403422544078,3.1164643950957664,3.4248538245704645,0.9494791666666668,0.9369726562499999,0.9617252604166666,33.23411458333334,31.095559895833336,35.58647135416666,4.72329786572317,4.594464339972357,4.855974059148886,0.015625,0.015625,0.015625,0.09784464707237733,0.08421974503166088,0.11090004922938398,1.0,1.0,1.0,3.5,3.0125,3.9628124999999996,1.0,1.0,1.0,2.2182874999999997,2.2046701562499997,2.2339184375,2.661535,2.6238246874999995,2.7053232343749998,0.1192547343463652,0.0961986831145284,0.14443827997852782,1.0,1.0,1.0
walk_fixed_random_0.15,walk,random,0.15,fixed,8.0,20,80,0.0,0.027140670642968545,0.014198833602656743,0.04282412882392475,4.211966473405858,3.923272355597021,4.520721205255351,4211.966473405857,3923.2723555970215,4520.721205255351,0.032329101995445704,0.026363558322386994,0.039488008529328995,3.962998310935627,3.8826130586627836,4.039616681817939,0.9528645833333333,0.9320247395833333,0.9718815104166668,54.01276041666667,51.527246093749994,56.186074218749994,5.726111751468229,5.624589461004296,5.818590742217285,0.015625,0.015625,0.015625,0.01815626477239839,0.012033665133398654,0.024638683015552113,0.2495138888888889,0.1747829861111111,0.3183385416666667,0.65,0.4375,0.875,1.0,1.0,1.0,2.2104375000000003,2.1895990625,2.2323190625,2.67883625,2.608525109375,2.748378859375,0.03720240271358159,0.02829228992680525,0.04767240135113838,0.18571428571428572,0.13702020202020201,0.23052752166951912
walk_fixed_random_0.3,walk,random,0.3,fixed,8.0,20,80,0.0,0.037534263004596856,0.02366594206983946,0.05379345092658106,3.846517589916889,3.581551879956738,4.118429357038365,3846.5175899168885,3581.5518799567376,4118.429357038365,0.04552047638005291,0.03834658080852769,0.053870999184075015,3.8206958078179127,3.7227484761768523,3.9177471814872527,0.95234375,0.9361979166666667,0.9677213541666667,48.649479166666666,46.321015625,51.090807291666664,5.50995560340683,5.3950628315577935,5.621520446117355,0.015625,0.015625,0.015625,0.03221131277547823,0.025817708792785214,0.03872824831697837,0.4132638888888889,0.338734375,0.4898020833333332,1.1625,0.925,1.4,1.0,1.0,1.0,2.1801312500000005,2.16913890625,2.192936875,2.5952768749999997,2.5609353749999997,2.6285190625,0.048758001165579865,0.04081204547000765,0.05797682312910329,0.33214285714285713,0.2762211668928087,0.38780018031308905
walk_fixed_random_0.5,walk,random,0.5,fixed,8.0,20,80,0.0,0.05293832617233189,0.03388538575919762,0.07545059338733422,3.4345246612898235,3.175630758024863,3.6832377191891843,3434.5246612898236,3175.630758024862,3683.2377191891837,0.05815634584051098,0.051312955682992975,0.06564771273020906,3.671571659949668,3.576024401702351,3.768500719794482,0.959375,0.9453059895833333,0.9721354166666665,43.90364583333333,42.379140625,45.41767578125,5.310955724275642,5.22599209559419,5.390958658750517,0.015625,0.015625,0.015625,0.04743666272026317,0.03972991942563352,0.05484858085615077,0.5880555555555556,0.5155555555555555,0.667519097222222,1.7,1.425,1.9628124999999996,1.0,1.0,1.0,2.18618125,2.1700812500000004,2.20544984375,2.5907400000000003,2.563413890625,2.6191188750000003,0.06533202699680833,0.05397552276074612,0.07887098088312883,0.4857142857142857,0.4323339731932377,0.5454713183495471
walk_fixed_random_0.7,walk,random,0.7,fixed,8.0,20,80,0.0,0.06793057567630015,0.04360833693328309,0.09562599856657822,3.0602968180508556,2.814032622794624,3.2915097987625974,3060.2968180508556,2814.0326227946243,3291.5097987625977,0.07523415095053908,0.06561297751107177,0.08506579776568651,3.5306917133893614,3.411487272547984,3.6431385895088346,0.9601562499999998,0.9450455729166666,0.9739648437500003,39.534375,37.36642578125001,41.70677734375001,5.091712362773955,4.966209948293365,5.205306614092355,0.015625,0.015625,0.015625,0.06470927630413091,0.0546267054065742,0.07432289394686437,0.7620138888888889,0.6942083333333333,0.8348020833333333,2.3125,1.95,2.65,1.0,1.0,1.0,2.3262812499999996,2.2846010937500005,2.3682171875,2.83930375,2.7301591562499996,2.9696151874999996,0.08137341025201698,0.0662977446312276,0.09824167350326919,0.6607142857142857,0.610894534620582,0.7192464539007092
walk_fixed_rate_2,walk,rate,2.0,fixed,8.0,20,80,0.0,0.07851901620963928,0.05442393784144457,0.10636272921061177,3.1806662895511213,2.9065801025485665,3.4849634266576954,3180.666289551121,2906.580102548566,3484.963426657695,0.07119407508076556,0.061009859693773254,0.08069922604162545,3.618028521860471,3.5001594766185167,3.7314400757489157,0.9458333333333332,0.92837890625,0.9630273437500001,41.09244791666667,38.832265625,43.48050130208334,5.159794291450052,5.038673780196561,5.283667805169949,0.015625,0.015625,0.015625,0.0552867510548373,0.045269872974455,0.065186498361638,0.6572222222222222,0.5789427083333333,0.7404253472222222,1.975,1.6125,2.3375,1.0,1.0,1.0,2.3401187499999994,2.3057434375,2.3772087499999994,2.8684525,2.7723432343749996,3.0029054999999993,0.08660383685972721,0.07021148198705691,0.10425500317043057,0.5642857142857143,0.5036111367766177,0.6250101791530944
walk_fixed_rate_4,walk,rate,4.0,fixed,8.0,20,80,0.0,0.03841221160594478,0.025696527352986727,0.052416443903656185,3.829209287144436,3.5334844454470713,4.172363180518445,3829.2092871444356,3533.484445447071,4172.363180518444,0.047710635615976646,0.03979020426976027,0.05573673284119953,3.8412126245786906,3.7479194009039576,3.9304159107043746,0.9546875,0.9330664062499999,0.9729296875000001,47.91067708333333,45.72975260416666,50.09235677083333,5.4842595440052655,5.379254656667265,5.588706038233933,0.015625,0.015625,0.015625,0.02640451697369111,0.02176424771610054,0.03128840871522377,0.3669444444444444,0.3010850694444444,0.429265625,0.9375,0.775,1.1125,1.0,1.0,1.0,2.33976875,2.3165451562500006,2.36732,2.9831293749999994,2.760052203125,3.3493787656249996,0.057565545480770294,0.04767132365212494,0.06780911411343357,0.26785714285714285,0.233201581027668,0.30345135467980294
walk_fixed_rate_8,walk,rate,8.0,fixed,8.0,20,80,0.0,0.030491195857915498,0.017253005596418184,0.04575154579930319,4.246073958869254,3.9329221157826493,4.561696501349001,4246.073958869254,3932.922115782648,4561.696501349,0.03325454708484,0.027193628602997805,0.04065489098560105,3.9689248709600626,3.887370141338091,4.038782442728219,0.965625,0.94166015625,0.9869856770833333,53.518489583333334,51.53413411458334,55.493639322916664,5.723913290131313,5.631800861283267,5.810532287747627,0.015625,0.015625,0.015625,0.013017332492249475,0.00856603210923064,0.017716882953318552,0.17041666666666666,0.11311458333333334,0.2294010416666666,0.4625,0.3125,0.625,1.0,1.0,1.0,2.27523125,2.2614865625,2.289989375,2.700508125,2.6667182656249997,2.737616609375,0.04265006686936294,0.03248904639992847,0.05467681625607634,0.13214285714285715,0.09652160766618598,0.16944834740588025
walk_fixed_coarse_2,walk,coarse,2.0,fixed,8.0,20,80,0.0,0.042739259926282365,0.02911965901356787,0.056299769729333045,3.385541649734688,3.0575082811803393,3.71776001379699,3385.5416497346873,3057.5082811803386,3717.76001379699,0.05296257723819105,0.04731600258750516,0.05925383469152473,3.699308473229229,3.577712302781455,3.816734792255474,0.9572916666666668,0.9380208333333334,0.9747395833333332,43.36614583333333,41.01375,45.63897135416668,5.314918744692333,5.203291624103486,5.418094537445019,0.015625,0.015625,0.015625,0.05140251402503537,0.042782602840077184,0.059841597093298636,0.5982638888888889,0.5125694444444445,0.6797690972222222,1.8375,1.5375,2.1375,1.0,1.0,1.0,2.2932125,2.2825498437500005,2.30439390625,2.810780625,2.7700404531249996,2.8607788906249993,0.054480054111065546,0.04544489888787167,0.06541712188240918,0.525,0.456587998700382,0.5948211209408961
walk_fixed_coarse_4,walk,coarse,4.0,fixed,8.0,20,80,0.0,0.017393796484091777,0.012641676993052195,0.02323177663877202,3.9310454824999623,3.722686562044239,4.131302456461744,3931.0454824999624,3722.68656204424,4131.3024564617435,0.027925041745068862,0.025449549127688285,0.03044835875332166,3.973655806625407,3.8977344684893507,4.046817330202474,0.9411458333333333,0.9119791666666668,0.9669335937499999,52.54869791666666,50.9218359375,54.311276041666666,5.711926184281736,5.651531750813465,5.774003623196046,0.015625,0.015625,0.015625,0.01775417513404322,0.014320556846076369,0.021693395129958666,0.2656944444444444,0.20907812499999998,0.3304218749999999,0.6375,0.5,0.7875,1.0,1.0,1.0,2.146875,2.133575,2.1617185937500003,2.614224375,2.5918279375,2.6406527187499993,0.02150948028911099,0.01692511529203931,0.027379969924208464,0.18214285714285713,0.1443548282313809,0.224276065763384
walk_fixed_bsp_0.05,walk,bsp,0.05,fixed,8.0,20,80,0.0,0.02671203548693783,0.013705602252294146,0.044441863852203195,3.8710155788940313,3.6187287171113707,4.130732812970993,3871.015578894031,3618.7287171113703,4130.732812970993,0.031194886793010045,0.029707017782431674,0.0326685389019813,3.955206658682909,3.8800700730891493,4.031697736231917,0.9424479166666666,0.9192643229166667,0.96484375,50.98020833333333,49.52162109375001,52.31401692708334,5.684816397334188,5.639224369875799,5.727970259490091,0.015625,0.015625,0.015625,0.04563715023119398,0.03830653758578257,0.05442347610745243,0.5794444444444445,0.4965086805555556,0.6733350694444442,1.65,1.3875,1.9625,1.0,1.0,1.0,17.069975,17.031156093749996,17.11110625,18.534774374999998,18.306000906250006,18.798078703124997,0.033546802418288627,0.022844972844296596,0.04879624245101989,0.4714285714285714,0.41175939689955404,0.5331213532984044
walk_fixed_bsp_0.1,walk,bsp,0.1,fixed,8.0,20,80,0.0,0.04240401724171886,0.026854680168761573,0.062111381575536216,3.4038029173118325,3.092706481038752,3.716710129457225,3403.8029173118325,3092.7064810387524,3716.710129457225,0.044227634621517346,0.04207472800545419,0.04652984500730628,3.78092314885422,3.681464806039046,3.8791736269486488,0.9403645833333332,0.9208268229166665,0.9604166666666665,44.49010416666667,43.03909505208333,45.92858072916666,5.417985647802124,5.364898258383895,5.471701952432806,0.015625,0.015625,0.015625,0.06491433228204316,0.05554918654100681,0.07524658179411826,0.76,0.6711874999999999,0.8470937499999999,2.3375,1.9875,2.725,1.0,1.0,1.0,16.86745,16.801550000000002,16.947168125,18.255613125,18.016847875,18.565562999999997,0.049438712713282824,0.03520372084057866,0.06781194114600159,0.6678571428571428,0.6006705961823411,0.7303891333251092
walk_fixed_bsp_0.2,walk,bsp,0.2,fixed,8.0,20,80,0.0,0.04858065362978102,0.031249647769123885,0.06928077734603219,3.254616414042185,2.9689454325421596,3.5335956126267183,3254.6164140421856,2968.945432542159,3533.595612626717,0.05390409793104434,0.04943253724357043,0.058251371358877285,3.69898831334379,3.5805363316024805,3.8249972599866027,0.9390625,0.9200520833333334,0.9580729166666666,41.525,39.736835937500004,43.45078125,5.264456281104013,5.183421417259286,5.352205632292666,0.015625,0.015625,0.015625,0.07533198474397709,0.06451254785524756,0.0864990882664155,0.8378472222222222,0.7639982638888889,0.9083541666666668,2.7125,2.325,3.1125,1.0,1.0,1.0,17.029175,16.97842390625,17.0833684375,18.679972499999998,18.3401140625,19.082291984375,0.06196568938048004,0.047171735890619564,0.0819174166199148,0.775,0.722398367603202,0.8279693615872588
walk_fixed_bsp_0.4,walk,bsp,0.4,fixed,8.0,20,80,0.0,0.0932085499836449,0.06590115467432359,0.12483434196018343,2.7704446294262963,2.5171833455536006,3.0206818203102723,2770.4446294262966,2517.183345553601,3020.6818203102725,0.08263079332597914,0.07524110598211729,0.09094399871724422,3.4221407133671016,3.264084819399136,3.558746550113243,0.95078125,0.9375,0.9640625,35.58463541666667,33.24076822916667,37.77579427083334,4.905717282585675,4.774226676297652,5.017890144026704,0.015625,0.015625,0.015625,0.08957269678272353,0.0774837111041684,0.1023411790921602,0.939861111111111,0.907611111111111,0.9711111111111113,3.2125,2.7875,3.6625,1.0,1.0,1.0,17.63124375,17.493181093749996,17.758618281249998,19.39307875,19.015394562500003,19.819714437500004,0.10075599653488174,0.0798419637414292,0.12578168234752748,0.9178571428571428,0.8885010945170525,0.9508296681327468
walk_fixed_positive_only_0.1,walk,positive_only,0.1,fixed,8.0,20,80,0.0,0.04240401724171886,0.026854680168761573,0.062111381575536216,3.4085007358959962,3.0966779455102316,3.721950327436036,3408.5007358959965,3096.6779455102323,3721.950327436037,0.044344115413000776,0.04201596884915536,0.04685921271412492,3.7846398598228133,3.684515884048175,3.8836390671767105,0.9390624999999998,0.9195312500000001,0.9591145833333332,44.47708333333334,43.024348958333334,45.90917317708333,5.416632278723623,5.360866015130101,5.4716270690178685,0.015625,0.015625,0.015625,0.06491433228204316,0.05554918654100681,0.07524658179411826,0.76,0.6711874999999999,0.8470937499999999,2.3375,1.9875,2.725,1.0,1.0,1.0,8.599468749999998,8.544756249999999,8.670825624999999,9.483315625,9.345185906249998,9.646969359375,0.05007425684848958,0.03603008449302604,0.06838591315439112,0.6678571428571428,0.6006705961823411,0.7303891333251092
walk_adaptive_none_1,walk,none,1.0,adaptive,8.0,20,80,0.0,0.16362411259319418,0.13466604846757282,0.19652526951331067,2.062375243701727,1.8845997316834788,2.2505083512379147,2062.3752437017274,1884.599731683479,2250.5083512379147,0.16088554230688437,0.14714440742800405,0.17505571927817792,2.950534546396183,2.8159421392639827,3.082423687698193,0.9526041666666666,0.9377604166666668,0.9674479166666664,26.1171875,24.476555989583332,27.78110677083333,4.222440432943262,4.106112605879669,4.338544092146259,0.015625,0.015625,0.015625,0.09784464707237733,0.08421974503166088,0.11090004922938398,1.0,1.0,1.0,3.5,3.0125,3.9628124999999996,1.0,1.0,1.0,2.142625,2.1328721875,2.15385625,2.5014700000000003,2.4542309531249997,2.5647522656249997,0.12868370365602544,0.11622797394771986,0.14213010672446375,1.0,1.0,1.0
walk_adaptive_random_0.15,walk,random,0.15,adaptive,8.0,20,80,0.0,0.037054524924539395,0.01849439863635986,0.05598368528814976,3.527219084172908,3.201321465799131,3.8629929427107594,3527.2190841729084,3201.3214657991316,3862.992942710759,0.03807379915613459,0.031937210107009235,0.045146227395675545,3.832279133197763,3.7429603455536715,3.916965859709274,0.9677083333333332,0.95703125,0.9786458333333332,50.26770833333333,48.268841145833335,52.38666015625001,5.592373701256139,5.502888633903024,5.6817454546538,0.015625,0.015625,0.015625,0.01815626477239839,0.012033665133398654,0.024638683015552113,0.2495138888888889,0.1747829861111111,0.3183385416666667,0.65,0.4375,0.875,1.0,1.0,1.0,2.12059375,2.1078623437499995,2.1362382812499994,2.4743325,2.4247462187499997,2.540547796875,0.04557681983808269,0.03394061928465006,0.05717645503262741,0.18571428571428572,0.13702020202020201,0.23052752166951912
walk_adaptive_random_0.3,walk,random,0.3,adaptive,8.0,20,80,0.0,0.049751688259650394,0.031111764120109627,0.06993438787943301,3.256550054765306,2.9924223139500965,3.51523206801278,3256.5500547653055,2992.422313950097,3515.23206801278,0.05483056838689489,0.04641743972154461,0.06456181437899078,3.706946178039197,3.5993118172708667,3.805534455412501,0.9515624999999999,0.93203125,0.9692708333333332,44.5109375,42.22968098958333,46.94289713541667,5.342990476870944,5.226660366740261,5.457513820672963,0.015625,0.015625,0.015625,0.03221131277547823,0.025817708792785214,0.03872824831697837,0.4132638888888889,0.338734375,0.4898020833333332,1.1625,0.925,1.4,1.0,1.0,1.0,2.1271625,2.1193584375000003,2.13488203125,2.5054925,2.4729860625,2.5392478124999993,0.062269019235843395,0.05057164095012182,0.07579700550796617,0.33214285714285713,0.2762211668928087,0.38780018031308905
walk_adaptive_random_0.5,walk,random,0.5,adaptive,8.0,20,80,0.0,0.07869040483381194,0.05729555937553613,0.10016746989996544,2.8034174262101828,2.6068813589803272,3.002619709766261,2803.4174262101833,2606.881358980328,3002.619709766261,0.07887688693449935,0.07077689629773305,0.0878652353416551,3.5121024320044705,3.3954762561993013,3.6231353825605033,0.9432291666666666,0.9213411458333335,0.9617252604166666,38.53125000000001,36.690071614583324,40.35983072916666,5.033808631617197,4.94023131215278,5.127914630410107,0.015625,0.015625,0.015625,0.04743666272026317,0.03972991942563352,0.05484858085615077,0.5880555555555556,0.5155555555555555,0.667519097222222,1.7,1.425,1.9628124999999996,1.0,1.0,1.0,2.120325,2.1146748437499996,2.1252375,2.5828406249999993,2.4667421875,2.7715110625,0.07598852347948401,0.06551444739248406,0.08588256525327052,0.4857142857142857,0.4323339731932377,0.5454713183495471
walk_adaptive_random_0.7,walk,random,0.7,adaptive,8.0,20,80,0.0,0.08837880960034171,0.06208475625726896,0.11649614129211268,2.5895482617185666,2.391896942834735,2.7975762416179277,2589.548261718567,2391.896942834736,2797.576241617928,0.10153106729193517,0.09082528271155303,0.11294049505724374,3.3585803824826073,3.2407708472974597,3.4786364392766878,0.9520833333333334,0.9330729166666668,0.9708333333333332,34.01510416666666,31.91220703125,36.079889322916664,4.780795548692194,4.666227114514676,4.8947349988551565,0.015625,0.015625,0.015625,0.06470927630413091,0.0546267054065742,0.07432289394686437,0.7620138888888889,0.6942083333333333,0.8348020833333333,2.3125,1.95,2.65,1.0,1.0,1.0,2.1201250000000003,2.1120746875,2.1276376562499997,2.4726399999999997,2.435862375,2.5193601875,0.09266457926865349,0.07893950925437618,0.10802228629812843,0.6607142857142857,0.610894534620582,0.7192464539007092
walk_adaptive_rate_2,walk,rate,2.0,adaptive,8.0,20,80,0.0,0.10607614009932391,0.08132841795551866,0.13305333396618993,2.675725576182644,2.452897478973327,2.9430545360233293,2675.7255761826445,2452.897478973328,2943.0545360233295,0.09286605452171272,0.08270447324945915,0.10322580488458856,3.353851047647622,3.223346606158192,3.496394991996186,0.9447916666666668,0.9166536458333333,0.9703125,35.10729166666666,32.961406249999996,37.303841145833324,4.852458630747668,4.7264423018828525,4.969667395823502,0.015625,0.015625,0.015625,0.0552867510548373,0.045269872974455,0.065186498361638,0.6572222222222222,0.5789427083333333,0.7404253472222222,1.975,1.6125,2.3375,1.0,1.0,1.0,2.19860625,2.18428703125,2.2173001562500003,2.577191875,2.524198359375,2.63827959375,0.10160181424754736,0.08606364893584258,0.11748680976402437,0.5642857142857143,0.5036111367766177,0.6250101791530944
walk_adaptive_rate_4,walk,rate,4.0,adaptive,8.0,20,80,0.0,0.05762520299099164,0.04198076183165887,0.07390947330488312,3.2689373129137693,3.044766066478283,3.5248825440659615,3268.937312913769,3044.7660664782825,3524.8825440659607,0.056953794661464476,0.0492888403865163,0.06489816705712766,3.693025981848737,3.59288616769978,3.7908028103311793,0.95,0.9291601562500001,0.96875,43.666927083333334,41.57942057291667,45.66541015625,5.301929375803772,5.199347739272302,5.3996424794947995,0.015625,0.015625,0.015625,0.02640451697369111,0.02176424771610054,0.03128840871522377,0.3669444444444444,0.3010850694444444,0.429265625,0.9375,0.775,1.1125,1.0,1.0,1.0,2.3164249999999997,2.2835562499999997,2.3453740624999995,2.7608812499999997,2.6979871562499995,2.82729059375,0.06491250455183932,0.05204032409910955,0.07919335121722397,0.26785714285714285,0.233201581027668,0.30345135467980294
walk_adaptive_rate_8,walk,rate,8.0,adaptive,8.0,20,80,0.0,0.030926710254214805,0.01971723244706164,0.04358724463179928,4.149378606910185,3.900970908482227,4.402302325131259,4149.378606910183,3900.970908482227,4402.30232513126,0.036636776484113634,0.030155861528414346,0.04495018052359098,3.9282546052159004,3.8443922826864037,4.012815717035497,0.9591145833333332,0.93462890625,0.98125,51.20338541666666,48.81212239583333,53.498613281249995,5.64007604046131,5.529821026298189,5.741829038798336,0.015625,0.015625,0.015625,0.013017332492249475,0.00856603210923064,0.017716882953318552,0.17041666666666666,0.11311458333333334,0.2294010416666666,0.4625,0.3125,0.625,1.0,1.0,1.0,2.3014812500000006,2.224612499999999,2.40338265625,3.49076125,2.6908033125000004,4.788036171874999,0.043716242009403314,0.03370980259953699,0.054519768815094634,0.13214285714285715,0.09652160766618598,0.16944834740588025
walk_adaptive_coarse_2,walk,coarse,2.0,adaptive,8.0,20,80,0.0,0.09285780540176922,0.07470126618086297,0.11208822478569695,2.3683822472803833,2.2164780809576476,2.5277505256619337,2368.382247280383,2216.478080957648,2527.7505256619334,0.1048031972703904,0.09787065344384391,0.11191761563849897,3.1651457407165164,3.059030197806425,3.273687428792082,0.9614583333333334,0.9458333333333334,0.9742187499999998,30.313020833333333,28.731692708333338,32.04048828125,4.573016334149796,4.4788475971026545,4.666647401016447,0.015625,0.015625,0.015625,0.05140251402503537,0.042782602840077184,0.059841597093298636,0.5982638888888889,0.5125694444444445,0.6797690972222222,1.8375,1.5375,2.1375,1.0,1.0,1.0,2.1712937500000002,2.1609309375,2.1811249999999998,2.561943125,2.5180775625000003,2.614288640625,0.09760146073329046,0.08433577073646628,0.11148625873187902,0.525,0.456587998700382,0.5948211209408961
walk_adaptive_coarse_4,walk,coarse,4.0,adaptive,8.0,20,80,0.0,0.04690747578398378,0.028394751507302987,0.07104855093655836,2.735321265999455,2.585282326713374,2.870329007084261,2735.321265999455,2585.2823267133754,2870.329007084262,0.06705750327792258,0.06404219217603087,0.07016187060534276,3.3763603083623885,3.297540101329604,3.448578381482762,0.95390625,0.9351562500000001,0.9705794270833332,32.56171875,31.2919921875,33.87012369791666,4.861879011102063,4.803998144946716,4.918221707388608,0.015625,0.015625,0.015625,0.01775417513404322,0.014320556846076369,0.021693395129958666,0.2656944444444444,0.20907812499999998,0.3304218749999999,0.6375,0.5,0.7875,1.0,1.0,1.0,2.15724375,2.1455618749999994,2.1702932812499998,2.5876912499999998,2.54091953125,2.6407505625,0.07334239135779179,0.05877641541637373,0.09180328399428633,0.18214285714285713,0.1443548282313809,0.224276065763384
walk_adaptive_bsp_0.05,walk,bsp,0.05,adaptive,8.0,20,80,0.0,0.03795670314566799,0.02684259330305473,0.052131222679501495,3.3187066193136117,3.0939093958404356,3.54421980949904,3318.706619313611,3093.909395840435,3544.219809499039,0.04023890810667743,0.03975028503278109,0.04074170190883067,3.677324486127702,3.598336574925125,3.7604180948611847,0.9533854166666667,0.9288997395833335,0.9760416666666666,40.23046875,39.440279947916665,41.03336588541667,5.314523262158977,5.289325326392869,5.339064393445916,0.015625,0.015625,0.015625,0.02920458780080242,0.02279624689369326,0.03649274599776701,0.3938888888888889,0.3133958333333334,0.4802482638888888,1.0625,0.825,1.325,1.0,1.0,1.0,16.55285,16.51924265625,16.58747015625,17.55803625,17.472177953125,17.659125375,0.03931909115691062,0.031367631711064145,0.04886258583282044,0.30357142857142855,0.2473108504398827,0.36288837744533947
walk_adaptive_bsp_0.1,walk,bsp,0.1,adaptive,8.0,20,80,0.0,0.05903409581674766,0.03752503319795801,0.08266113474515573,2.85040950806546,2.643828580837476,3.0509318650997916,2850.4095080654597,2643.828580837476,3050.931865099792,0.06779980789755188,0.06624999368160935,0.06944575711964845,3.4270975096959093,3.3419919019193607,3.5074544252912676,0.94921875,0.9309895833333334,0.9666666666666666,33.65833333333334,32.44578776041667,34.84673177083334,4.920139461450874,4.872030073877302,4.967506861333997,0.015625,0.015625,0.015625,0.04704845522929654,0.04002479921734189,0.055446308820957524,0.6326388888888889,0.5406822916666666,0.7312690972222221,1.7125,1.4621875,2.025,1.0,1.0,1.0,16.797631250000002,16.736200156250003,16.868476562500003,18.706388125,17.881937406249996,20.167276187499997,0.06596445541103871,0.05323461342693747,0.08196120455953147,0.48928571428571427,0.4222222222222222,0.5584959132228249
walk_adaptive_bsp_0.2,walk,bsp,0.2,adaptive,8.0,20,80,0.0,0.10689619899135083,0.07870783448810596,0.13876099426453037,2.3174774045812674,2.1135107840128287,2.533068416092263,2317.4774045812674,2113.510784012829,2533.0684160922624,0.10127195770895318,0.09794508963856739,0.10502344154308002,3.1918867252373575,3.071908500310034,3.313902271288211,0.9481770833333332,0.9302083333333334,0.965625,29.83125,28.6186328125,31.038131510416665,4.60185637414078,4.537800022564459,4.660760936400889,0.015625,0.015625,0.015625,0.06902534421495846,0.058535569689559794,0.0803233613625786,0.7924305555555555,0.708734375,0.866875,2.4875,2.1,2.8875,1.0,1.0,1.0,16.5617375,16.516974531250003,16.6116940625,17.861506875,17.593118015625002,18.265252249999996,0.10180570228348307,0.08295809562125435,0.12368812973021144,0.7107142857142857,0.6428510063819343,0.767276955602537
walk_adaptive_bsp_0.4,walk,bsp,0.4,adaptive,8.0,20,80,0.0,0.13188621252226182,0.11061370561788801,0.15577570052099837,2.1971650027315306,2.0527544022412236,2.345187310613462,2197.1650027315304,2052.754402241223,2345.1873106134626,0.12639990883464786,0.11824738471870469,0.13406018186190125,3.0800034370205256,2.977035146701704,3.185421939124563,0.95625,0.9450520833333333,0.9666666666666668,27.86484375,26.394121093749998,29.384147135416665,4.422855089574481,4.336817494864752,4.515720177745188,0.015625,0.015625,0.015625,0.08554021426286837,0.07231580045673465,0.09877923374526114,0.9015972222222223,0.8529826388888888,0.9454270833333333,3.075,2.6,3.55,1.0,1.0,1.0,16.777156249999997,16.728516406249998,16.83285796875,18.271496875,18.021301390625,18.57093496875,0.11642409812322256,0.10324322844973517,0.13019938349521493,0.8785714285714286,0.8312164192696475,0.9213144028103044
walk_adaptive_positive_only_0.1,walk,positive_only,0.1,adaptive,8.0,20,80,0.0,0.06486091873341432,0.04452258080558823,0.08982229298764866,2.674980293996393,2.463488822882752,2.875687147295344,2674.980293996394,2463.4888228827526,2875.6871472953444,0.07318368180062108,0.07126269348163759,0.07516676602209472,3.36524020940668,3.262947880846247,3.4708348253832835,0.9572916666666668,0.9390559895833331,0.9750065104166665,33.819270833333334,32.80274739583333,34.86287760416667,4.896180946145354,4.857163123877605,4.93352095168728,0.015625,0.015625,0.015625,0.04539909245645678,0.038389327228343616,0.054066420909771234,0.5920833333333333,0.49623958333333335,0.6962812499999999,1.65,1.3875,1.975,1.0,1.0,1.0,8.84223125,8.767005,8.9060615625,9.9000325,9.691780968749999,10.135061671875,0.07713233593879354,0.06509308403823874,0.09104426301285795,0.4714285714285714,0.4050537657169468,0.5434035537644257
commute_fixed_none_1,commute,none,1.0,fixed,8.0,20,80,0.0,0.06052473957864518,0.05071989650003203,0.07022585936285186,3.1750289210562324,3.010428649783001,3.349966558409458,3175.0289210562323,3010.428649783001,3349.9665584094582,0.10816659201374863,0.09830607820737082,0.11894800507277416,4.24645199264145,4.130020923903255,4.372601567954215,0.7971354166666667,0.7723958333333334,0.8184960937500001,33.68619791666667,32.0056640625,35.31606770833333,4.7484086336559574,4.643684707853939,4.85220375590088,0.015625,0.015625,0.015625,0.08919354094645834,0.07719021450878465,0.10296304211433832,1.0,1.0,1.0,3.2375,2.8125,3.7378124999999995,1.0,1.0,1.0,2.301025,2.28487453125,2.3182198437499992,2.71878125,2.6792612656249997,2.76235909375,0.07129740823069801,0.06616802458712577,0.07710692806935132,1.0,1.0,1.0
commute_fixed_random_0.15,commute,random,0.15,fixed,8.0,20,80,0.0,0.02128067821913454,0.01430728357703104,0.029094546838952396,4.419006769300217,4.179402324805965,4.685765654377491,4419.006769300217,4179.402324805964,4685.765654377491,0.03249303914680219,0.02753909707227776,0.038240648223884045,4.205864343231829,4.140975465240084,4.276251797201184,0.91484375,0.8953125,0.9328124999999998,54.115364583333324,52.8621875,55.43283854166666,5.729945750694766,5.662751114992643,5.791163075362933,0.015625,0.015625,0.015625,0.01518427412333325,0.011028941636020029,0.019774304501453403,0.2181944444444444,0.15776909722222218,0.27743402777777776,0.55,0.4,0.7125,1.0,1.0,1.0,2.2211125,2.20209984375,2.2391001562499997,2.638389375,2.608074140625,2.6700801875,0.028459734982189296,0.025005046789258696,0.03225829052384323,0.16988416988416988,0.12851132155079462,0.20785067873303167
commute_fixed_random_0.3,commute,random,0.3,fixed,8.0,20,80,0.0,0.03232311210662051,0.022155928133103953,0.04380659622778202,4.093985396936678,3.829786231052514,4.386597401896471,4093.9853969366777,3829.786231052514,4386.59740189647,0.04750819737457086,0.040586102357653316,0.05575806222777811,4.222484134117162,4.126054441458347,4.326009023538049,0.8848958333333332,0.8653580729166666,0.9026041666666668,48.78125,47.08491536458333,50.286490885416676,5.517256731930165,5.424644247008359,5.5950739627511235,0.015625,0.015625,0.015625,0.03062248226854595,0.02359910574371123,0.03744613318318996,0.40694444444444444,0.31287500000000007,0.4911197916666667,1.1125,0.8625,1.3625,1.0,1.0,1.0,2.22579375,2.2080829687500003,2.2461078125000005,2.6745306249999996,2.6180793749999998,2.7618580625,0.039452240089696354,0.034439590575499224,0.04549764519929581,0.3436293436293436,0.26951356423078177,0.41954528206425495
commute_fixed_random_0.5,commute,random,0.5,fixed,8.0,20,80,0.0,0.0428099505719746,0.03174166900344613,0.05486886873849676,3.7310658811860486,3.509944681776872,3.9863857220371823,3731.0658811860476,3509.944681776871,3986.3857220371815,0.06517955866881497,0.05720117715938221,0.0747096310527813,4.227562675374892,4.107593416515349,4.363489560080606,0.8541666666666666,0.8281184895833333,0.8768294270833334,43.88619791666666,42.04598958333333,45.642018229166666,5.279257352651081,5.178286165976611,5.373372198773004,0.015625,0.015625,0.015625,0.04515259790839861,0.036909067396290955,0.05348009338213506,0.5659722222222221,0.4781753472222222,0.6452777777777776,1.6375,1.325,1.9378124999999997,1.0,1.0,1.0,2.2135625,2.2034054687499998,2.2249948437500002,2.630209375,2.58631709375,2.6795566875000003,0.048165704236188,0.041677617526103675,0.054491676047872896,0.5057915057915058,0.4325186635740269,0.5696881403688525
commute_fixed_random_0.7,commute,random,0.7,fixed,8.0,20,80,0.0,0.0472025183629799,0.03622952699026651,0.05867761978757988,3.550802307400416,3.343273429453413,3.762297152689271,3550.802307400415,3343.2734294534125,3762.2971526892698,0.07969351838215558,0.07136817352604612,0.08925547143026319,4.245673135947427,4.124504086356598,4.383622990192165,0.8333333333333333,0.8072851562499997,0.85521484375,39.41067708333334,37.53891927083334,41.21674479166667,5.075742340906727,4.971212181417548,5.174733225747126,0.015625,0.015625,0.015625,0.0608940974506202,0.052315543689721675,0.06974680509904727,0.7268055555555556,0.634220486111111,0.8063315972222221,2.2125,1.8875,2.5375,1.0,1.0,1.0,2.2460937499999996,2.2338621875,2.2588628125000003,2.6896956249999997,2.6512730156249997,2.7297532968749993,0.05550612245765037,0.049791266633045346,0.06127630858771033,0.6833976833976834,0.6204199650457489,0.7488835424329454
commute_fixed_rate_2,commute,rate,2.0,fixed,8.0,20,80,0.0,0.04067991001497995,0.03238620538086661,0.04921572931724494,3.714280065200976,3.542677311632652,3.9209592662036203,3714.2800652009755,3542.6773116326513,3920.95926620362,0.07070340952938031,0.06301840304021773,0.07934780476265703,4.232099404586536,4.133172225399017,4.352139514074372,0.846875,0.8257682291666667,0.8664127604166667,41.25208333333333,39.61656901041666,42.78962890625,5.173747491151316,5.079890469892398,5.264837665865688,0.015625,0.015625,0.015625,0.047987807982205775,0.040613748215216273,0.056478728816337115,0.5668055555555555,0.5060190972222222,0.6302083333333333,1.7375,1.475,2.05,1.0,1.0,1.0,2.31171875,2.3007934374999994,2.3244371875,2.7532362499999996,2.7175160468749997,2.78841396875,0.050632949422758824,0.04450207218257677,0.057839168763591485,0.5366795366795367,0.48017511742567903,0.598395124901149
commute_fixed_rate_4,commute,rate,4.0,fixed,8.0,20,80,0.0,0.029009107836591295,0.022860092551949193,0.03583123484910581,4.0802525419905615,3.899225540560394,4.2716432000753795,4080.2525419905605,3899.2255405603937,4271.6432000753775,0.05092700432746723,0.04320893370826701,0.059249310245696164,4.228040861152481,4.13586687616238,4.333687361146163,0.8765625,0.8520768229166668,0.8994791666666666,47.69869791666667,45.706341145833335,49.74628255208333,5.462146994220855,5.359408463517557,5.562403112466512,0.015625,0.015625,0.015625,0.025752257731224353,0.020924298233411853,0.030551335534597684,0.36701388888888886,0.29618055555555556,0.4323350694444444,0.925,0.75,1.1,1.0,1.0,1.0,2.3606375,2.33743671875,2.3851918750000003,2.9575631249999996,2.7767005624999994,3.2711795156249996,0.04032227482527016,0.03438633030961007,0.04664956832395291,0.2857142857142857,0.24372684557694044,0.3271236142116614
commute_fixed_rate_8,commute,rate,8.0,fixed,8.0,20,80,0.0,0.02020247646489488,0.014345702137578993,0.026268693650402564,4.536508842367469,4.3023491857323055,4.795991936582421,4536.50884236747,4302.349185732306,4795.99193658242,0.0369253017039379,0.030594779586378976,0.04481502132494011,4.188435273727761,4.132470163570384,4.2609103616692385,0.91953125,0.9041666666666666,0.9330729166666666,53.19921875,51.218027343749995,55.0225390625,5.691186560749655,5.593977929353378,5.777854856947352,0.015625,0.015625,0.015625,0.012104486562495837,0.008818303985040353,0.015395714381567926,0.18041666666666667,0.1248576388888889,0.24642708333333327,0.4375,0.3125,0.5625,1.0,1.0,1.0,2.3773125,2.33847046875,2.4132390625,2.8477,2.784347734375,2.913450140625,0.029051591067603556,0.024013139135483752,0.034964669679822126,0.13513513513513514,0.1,0.16603925353925353
commute_fixed_coarse_2,commute,coarse,2.0,fixed,8.0,20,80,0.0,0.02972414904912556,0.02224174563271034,0.03759907980916623,3.8525383669752316,3.6421530375178652,4.062651055294518,3852.5383669752314,3642.153037517865,4062.6510552945174,0.054670725769166026,0.04890018211955105,0.06133163852294271,4.141099441747954,4.074190782325956,4.22333825494213,0.8658854166666667,0.8432226562499999,0.8854166666666666,43.35494791666667,41.04080078125,45.573307291666666,5.3097769696545765,5.199463727626063,5.413085103294766,0.015625,0.015625,0.015625,0.04543735402053149,0.03770131936631888,0.05368080897332115,0.5549305555555556,0.4701197916666666,0.632939236111111,1.6375,1.3625,1.925,1.0,1.0,1.0,2.372381249999999,2.3343921875,2.41302421875,2.9111662499999995,2.83106978125,3.0025025625,0.040228071947978714,0.035195531384489484,0.045729285575426486,0.5057915057915058,0.44029456590287996,0.5738553730137355
commute_fixed_coarse_4,commute,coarse,4.0,fixed,8.0,20,80,0.0,0.013770695146953175,0.009850140598309885,0.017962608136812067,4.2997097969633,4.140239143177028,4.470966036588609,4299.7097969633,4140.239143177027,4470.9660365886075,0.02833320745177148,0.02547594495844281,0.031502094180131515,4.207084687778233,4.169440755649815,4.2483638945286,0.9111979166666668,0.8924479166666668,0.9281315104166666,52.748177083333324,50.514485677083336,54.84875,5.714328159726159,5.632700593902785,5.790479611929568,0.015625,0.015625,0.015625,0.01649544289870481,0.012487639457065014,0.022096510863267665,0.24041666666666664,0.17075,0.31250868055555553,0.6,0.45,0.8003124999999998,1.0,1.0,1.0,2.2094125,2.18545578125,2.23473609375,2.72159,2.666849546874999,2.784472609375,0.01893232274881047,0.015694280044959708,0.02245457613056736,0.18532818532818532,0.14615044247787612,0.2262935148792813
commute_fixed_bsp_0.05,commute,bsp,0.05,fixed,8.0,20,80,0.0,0.02022662192046958,0.014633854618778936,0.02651865550853588,4.190931138433957,3.9965475541600326,4.386196943975573,4190.931138433955,3996.547554160032,4386.196943975573,0.03141416513300826,0.029938515090655444,0.03286970038135364,4.146335355865325,4.064677180488275,4.231086099658618,0.9200520833333334,0.9,0.9380273437500001,51.578125,50.14813151041667,52.953600260416664,5.697537743760649,5.652385161129677,5.742163518178658,0.015625,0.015625,0.015625,0.04125676024117545,0.0344653777115711,0.048744441607590665,0.5303472222222222,0.44366840277777775,0.6091701388888888,1.5,1.25,1.7753124999999996,1.0,1.0,1.0,17.150225,17.102318281250003,17.192387656250002,18.679441875000002,18.446113890625,18.892739890625,0.027697713512805276,0.024948451034739572,0.03064470563735299,0.46332046332046334,0.41664915966386556,0.5113147998925597
commute_fixed_bsp_0.1,commute,bsp,0.1,fixed,8.0,20,80,0.0,0.02647304704444431,0.020468231555653554,0.03234195825029014,3.837725230795231,3.6661581519965107,4.025480912147705,3837.725230795231,3666.1581519965107,4025.480912147705,0.045658050808634124,0.043160546571603314,0.0479120400781089,4.089017137471486,4.014507197759637,4.157971214565542,0.8945312499999998,0.8791666666666668,0.9104231770833333,44.11796875,42.30897135416667,45.691276041666676,5.404649766388136,5.33556750669194,5.465015364540027,0.015625,0.015625,0.015625,0.06091620714078849,0.052191497784453915,0.07117095297767642,0.741736111111111,0.6730399305555557,0.8087534722222223,2.2,1.8996875,2.575,1.0,1.0,1.0,16.7713875,16.73209984375,16.810413906249998,18.235530624999996,17.918422468750002,18.674291640624997,0.03124732603973395,0.02725389482282687,0.03532542217683513,0.6795366795366795,0.6343880817532628,0.7303443343422198
commute_fixed_bsp_0.2,commute,bsp,0.2,fixed,8.0,20,80,0.0,0.0328889154100197,0.026313784695799248,0.03953551343385284,3.661265335167168,3.4894720581303122,3.8625517311761315,3661.265335167168,3489.4720581303127,3862.5517311761305,0.05462500400578717,0.04989676392705066,0.05946610696768122,4.110542188802964,4.020587323342077,4.201240674591816,0.8744791666666666,0.8544140624999998,0.8919270833333334,41.21927083333333,39.14815755208333,43.240449218749994,5.259925656364495,5.165568578073386,5.34886809847811,0.015625,0.015625,0.015625,0.06840190884886828,0.05907267784415923,0.07913823829220776,0.8261111111111109,0.7726840277777778,0.8758402777777777,2.475,2.1375,2.8628124999999995,1.0,1.0,1.0,17.152856249999996,17.093444687499996,17.234331875,18.556697500000002,18.370424234375,18.756750484374997,0.041553268733439966,0.03801834427775914,0.04567312981422495,0.7644787644787645,0.7288118438207644,0.8008301361103498
commute_fixed_bsp_0.4,commute,bsp,0.4,fixed,8.0,20,80,0.0,0.043648249792165236,0.035692758919311146,0.052301470025699064,3.3096969117588024,3.1603209964487653,3.482292739258011,3309.696911758803,3160.320996448766,3482.292739258011,0.07900681039121246,0.071726196312636,0.08656346906546762,4.193089076347031,4.099049283815211,4.289648699210027,0.8296875000000001,0.8062434895833335,0.84921875,36.63333333333334,34.709205729166676,38.50302734374999,4.973160606941026,4.869726387985654,5.0776792356954905,0.015625,0.015625,0.015625,0.08104513868812555,0.07053619757692542,0.0929110473684256,0.9502083333333333,0.9270729166666666,0.971671875,2.9375,2.55,3.375,1.0,1.0,1.0,16.7630375,16.713307031250004,16.814569375,18.160575,17.973822453124995,18.463436578124995,0.05521020368564363,0.048852423066847644,0.06139464085096498,0.9073359073359073,0.8799961240310078,0.9333568075117371
commute_fixed_positive_only_0.1,commute,positive_only,0.1,fixed,8.0,20,80,0.0,0.02673346371111098,0.02052841022810308,0.0328559975148192,3.8221171288519544,3.6434806908211788,4.005918263507309,3822.1171288519545,3643.4806908211785,4005.91826350731,0.04601607623350595,0.04340880427844664,0.048409454417176596,4.083394905149671,4.010454663804781,4.154318346567527,0.8953125,0.8802083333333334,0.9111979166666666,44.07265625000001,42.25559244791667,45.65755859375,5.400099844568823,5.331553194150209,5.460812736708592,0.015625,0.015625,0.015625,0.06092559152517287,0.052055609603171064,0.07119059862957883,0.7406944444444444,0.6696527777777778,0.8092413194444443,2.2,1.875,2.575,1.0,1.0,1.0,8.5669875,8.534656406249999,8.613137343750001,9.525676874999998,9.386722609374997,9.72697640625,0.03195421221756119,0.028244514419067134,0.03581254584278011,0.6795366795366795,0.6334522668818398,0.7335922604335852
commute_adaptive_none_1,commute,none,1.0,adaptive,8.0,20,80,0.0,0.07810824419069855,0.06837981801890503,0.08806250823117043,2.712701609199969,2.5989606084368453,2.833654138239965,2712.7016091999694,2598.960608436845,2833.654138239966,0.1341727331244847,0.12544755079677927,0.14301751993815295,4.153571049133049,4.056793817981578,4.244205180863545,0.7835937499999999,0.7692708333333333,0.7986979166666666,28.37682291666667,27.132330729166668,29.759667968749998,4.440459102904863,4.3598542253016035,4.525930337921174,0.015625,0.015625,0.015625,0.08919354094645834,0.07719021450878465,0.10296304211433832,1.0,1.0,1.0,3.2375,2.8125,3.7378124999999995,1.0,1.0,1.0,2.1692625,2.1539240625000002,2.18388671875,2.5503299999999998,2.499432359375001,2.6057259218749995,0.08110799866631438,0.07538577652376006,0.08726706515693819,1.0,1.0,1.0
commute_adaptive_random_0.15,commute,random,0.15,adaptive,8.0,20,80,0.0,0.02012242590376565,0.014767580508254694,0.025136459654274808,3.947058303052857,3.724707528212158,4.176861945362262,3947.058303052857,3724.7075282121577,4176.861945362261,0.033949580122661485,0.030754397418226883,0.03721703372096347,4.239386636279327,4.16087911379905,4.320579160895398,0.8997395833333334,0.878125,0.9213606770833335,52.26979166666666,51.01787109375,53.46163411458334,5.673054496901944,5.625678386319833,5.722084643657459,0.015625,0.015625,0.015625,0.01518427412333325,0.011028941636020029,0.019774304501453403,0.2181944444444444,0.15776909722222218,0.27743402777777776,0.55,0.4,0.7125,1.0,1.0,1.0,2.26270625,2.22524171875,2.29710015625,2.7066918749999997,2.639249796875,2.7796739687500005,0.02677057214495729,0.02344625304801621,0.029903102620997376,0.16988416988416988,0.12851132155079462,0.20785067873303167
commute_adaptive_random_0.3,commute,random,0.3,adaptive,8.0,20,80,0.0,0.03673994693399081,0.029025962641585697,0.04521269861794007,3.484742092015651,3.31483043732191,3.6787955161639325,3484.74209201565,3314.8304373219094,3678.795516163933,0.050621631291367354,0.044174301974144854,0.058255690677185654,4.2373914184485715,4.110705303472368,4.36699347964476,0.8708333333333333,0.8447916666666666,0.8953125,45.782552083333336,43.41333984375001,48.0328515625,5.409078985571111,5.302803833601386,5.508882164653696,0.015625,0.015625,0.015625,0.03062248226854595,0.02359910574371123,0.03744613318318996,0.40694444444444444,0.31287500000000007,0.4911197916666667,1.1125,0.8625,1.3625,1.0,1.0,1.0,2.19424375,2.1621251562500006,2.2351662499999994,2.6455699999999998,2.5285431874999995,2.783881234375,0.03914253481483328,0.03326406601795262,0.045215616246883965,0.3436293436293436,0.26951356423078177,0.41954528206425495
commute_adaptive_random_0.5,commute,random,0.5,adaptive,8.0,20,80,0.0,0.0476096437707023,0.038299969720437456,0.05793263236992287,3.3120241789193763,3.0849355922824095,3.557895164515444,3312.024178919376,3084.9355922824097,3557.8951645154443,0.077030017332876,0.07016224304612977,0.08447646081732346,4.32386943130266,4.1936281320845445,4.4493526388947915,0.8184895833333334,0.7973958333333334,0.8411458333333333,38.40182291666667,36.39322265625,40.20783854166667,5.0394467827156815,4.936964069554035,5.130923136378334,0.015625,0.015625,0.015625,0.04515259790839861,0.036909067396290955,0.05348009338213506,0.5659722222222221,0.4781753472222222,0.6452777777777776,1.6375,1.325,1.9378124999999997,1.0,1.0,1.0,2.1720875,2.16609671875,2.1782754687500003,2.5201475,2.4882935156249997,2.5594785937499998,0.05397922076538182,0.04847776804031158,0.05979842070910951,0.5057915057915058,0.4325186635740269,0.5696881403688525
commute_adaptive_random_0.7,commute,random,0.7,adaptive,8.0,20,80,0.0,0.05514893083635656,0.046580875628339125,0.06375138506783445,3.11660856422471,2.958560234604499,3.284962564251672,3116.6085642247103,2958.560234604499,3284.962564251673,0.09961360848320176,0.09281813643764891,0.10691885490422243,4.256757967388623,4.142444462078725,4.3662595872919185,0.79609375,0.7783854166666667,0.8132942708333333,33.47708333333334,31.888749999999998,34.99805989583334,4.780581497830639,4.695692934951683,4.860794925464491,0.015625,0.015625,0.015625,0.0608940974506202,0.052315543689721675,0.06974680509904727,0.7268055555555556,0.634220486111111,0.8063315972222221,2.2125,1.8875,2.5375,1.0,1.0,1.0,2.1601375,2.1510807812499997,2.169538125,2.5409725,2.49697753125,2.5873511249999996,0.06241630591115536,0.056948495041331225,0.06831872523489319,0.6833976833976834,0.6204199650457489,0.7488835424329454
commute_adaptive_rate_2,commute,rate,2.0,adaptive,8.0,20,80,0.0,0.0458041898719689,0.03794947920330409,0.05419025471371288,3.4472432667491857,3.3029900437393276,3.589495812466336,3447.2432667491858,3302.9900437393276,3589.495812466337,0.08183037036869543,0.07657492717067989,0.08767636941720532,4.3219503013984335,4.219255849146294,4.441434684060288,0.8049479166666667,0.7828125000000001,0.8268229166666666,36.245052083333334,34.73118489583333,37.647539062499995,4.948483325550763,4.875278893807799,5.016127657595443,0.015625,0.015625,0.015625,0.047987807982205775,0.040613748215216273,0.056478728816337115,0.5668055555555555,0.5060190972222222,0.6302083333333333,1.7375,1.475,2.05,1.0,1.0,1.0,2.2333625,2.2212293749999996,2.24660640625,2.642389375,2.6066078125,2.6788809531249997,0.05674689397456735,0.05162076310397898,0.06260328392942391,0.5366795366795367,0.48017511742567903,0.598395124901149
commute_adaptive_rate_4,commute,rate,4.0,adaptive,8.0,20,80,0.0,0.03470181235362667,0.027733010499878093,0.04270224495657404,3.8129878863982496,3.60000644484218,4.02644479680576,3812.98788639825,3600.00644484218,4026.4447968057602,0.0562757113683112,0.051480220518594216,0.061043031904682264,4.256624741256551,4.146804262401737,4.379043635124069,0.846875,0.8270833333333334,0.8640690104166668,42.86927083333334,41.22958333333333,44.3475390625,5.2797186544542285,5.2088077292747395,5.347337610843395,0.015625,0.015625,0.015625,0.025752257731224353,0.020924298233411853,0.030551335534597684,0.36701388888888886,0.29618055555555556,0.4323350694444444,0.925,0.75,1.1,1.0,1.0,1.0,2.2409250000000003,2.22586234375,2.2583690625,2.6749543749999996,2.62647271875,2.7302382499999998,0.04158249712199516,0.036071862656364244,0.0473651646560304,0.2857142857142857,0.24372684557694044,0.3271236142116614
commute_adaptive_rate_8,commute,rate,8.0,adaptive,8.0,20,80,0.0,0.017990588587505227,0.01264925651505174,0.023683976668801062,4.380750695944152,4.1676463906842045,4.618774667404157,4380.750695944151,4167.646390684205,4618.774667404156,0.03872746462984107,0.0347953872093603,0.04291969863876604,4.197221685572005,4.095093984363006,4.310527516074705,0.9044270833333334,0.8846354166666668,0.9229166666666668,49.39270833333333,47.961438802083336,50.73132161458333,5.572046200120601,5.5075513299220225,5.630446313062912,0.015625,0.015625,0.015625,0.012104486562495837,0.008818303985040353,0.015395714381567926,0.18041666666666667,0.1248576388888889,0.24642708333333327,0.4375,0.3125,0.5625,1.0,1.0,1.0,2.22501875,2.2185078125,2.2315003125,2.5929737499999996,2.5695466875,2.622031796875,0.03182566044338101,0.028169821364752747,0.03585828066729235,0.13513513513513514,0.1,0.16603925353925353
commute_adaptive_coarse_2,commute,coarse,2.0,adaptive,8.0,20,80,0.0,0.04400110990581381,0.03506628528208943,0.052955915048076216,3.128383647605669,2.9987278473445773,3.2455977624910197,3128.3836476056686,2998.7278473445776,3245.5977624910197,0.08817442703954086,0.08260945008838272,0.09335833131905358,4.268030698247859,4.173134096557699,4.388924182318171,0.7963541666666666,0.7770833333333333,0.8127604166666667,33.05624999999999,31.54799479166666,34.6123828125,4.783379561779011,4.7064147921422,4.861870123826398,0.015625,0.015625,0.015625,0.04543735402053149,0.03770131936631888,0.05368080897332115,0.5549305555555556,0.4701197916666666,0.632939236111111,1.6375,1.3625,1.925,1.0,1.0,1.0,2.2020562500000005,2.1929498437499997,2.21062625,2.605165625,2.5669932499999994,2.6548433749999996,0.06599003865283255,0.05888664888290274,0.07317524590155965,0.5057915057915058,0.44029456590287996,0.5738553730137355
commute_adaptive_coarse_4,commute,coarse,4.0,adaptive,8.0,20,80,0.0,0.031840820312500004,0.021565524631076388,0.04219061957465279,3.2907059698677608,3.1389678362683133,3.4397382359679836,3290.70596986776,3138.9678362683126,3439.738235967982,0.08508820354964028,0.07933012671636325,0.09125827219280697,4.4307130705060045,4.353068247596029,4.513894062221986,0.7346354166666667,0.7143229166666667,0.7528776041666668,31.05677083333333,29.454420572916664,32.74276692708333,4.7186944225106044,4.637695748168903,4.796178094739303,0.015625,0.015625,0.015625,0.01649544289870481,0.012487639457065014,0.022096510863267665,0.24041666666666664,0.17075,0.31250868055555553,0.6,0.45,0.8003124999999998,1.0,1.0,1.0,2.3351687500000002,2.2963498437500003,2.3734089062500003,2.9013918749999994,2.7791636874999996,3.0287824999999997,0.07351873705868203,0.06668802212019205,0.08063258483626726,0.18532818532818532,0.14615044247787612,0.2262935148792813
commute_adaptive_bsp_0.05,commute,bsp,0.05,adaptive,8.0,20,80,0.0,0.028172445953207677,0.020079524933345732,0.0364986414026331,3.774769498891787,3.5927134127929103,3.9831536074834997,3774.7694988917874,3592.7134127929094,3983.1536074834994,0.039605968545929106,0.03894445012579074,0.040261323823015074,4.18355145741174,4.048889673286967,4.337934060168769,0.86328125,0.83203125,0.8901041666666666,41.23125,40.14034505208333,42.403378906250005,5.351527544919469,5.315729123890737,5.3899356326367185,0.015625,0.015625,0.015625,0.027969863969675008,0.022076813701241635,0.03461547607020252,0.3770833333333333,0.2985416666666666,0.45479513888888884,1.025,0.8125,1.2625,1.0,1.0,1.0,16.839012500000003,16.624173906249997,17.088995312499996,18.944938125,18.210460546874998,19.788587156249992,0.03242896733228115,0.029406427691860994,0.035396767047014235,0.3166023166023166,0.2633537565287264,0.3701932251908397
commute_adaptive_bsp_0.1,commute,bsp,0.1,adaptive,8.0,20,80,0.0,0.038753608677925086,0.03083002710090112,0.048018145525896984,3.3345063328974915,3.158208037627118,3.479798657437967,3334.5063328974916,3158.208037627118,3479.7986574379665,0.06666958273303011,0.06373067536661192,0.06944141137272793,4.1364826644841886,4.013556321237637,4.253516366802125,0.8247395833333334,0.7994791666666666,0.84896484375,35.055729166666666,33.58125,36.62555338541666,4.988551662115762,4.923005288564119,5.053506826409648,0.015625,0.015625,0.015625,0.04862862166246662,0.0402221237821089,0.058022394300779594,0.6124305555555555,0.5323350694444444,0.6916701388888888,1.7625,1.4621875,2.1,1.0,1.0,1.0,16.888337499999995,16.831312187500004,16.95369546875,18.302765,18.100507234374998,18.5204463125,0.04530691189186874,0.04072558937009831,0.04954607280710181,0.5444015444015444,0.48287631402370834,0.6050554086176303
commute_adaptive_bsp_0.2,commute,bsp,0.2,adaptive,8.0,20,80,0.0,0.053890327427925086,0.04699898533089451,0.060705693379338406,3.011628125521965,2.911936553110434,3.1060873722345854,3011.6281255219646,2911.936553110434,3106.0873722345864,0.0959529459731063,0.08952936004734387,0.10179916501999309,4.071501936684476,3.974660902899798,4.166326650533863,0.8283854166666667,0.8057291666666668,0.8507877604166668,32.08177083333333,30.20359375,34.13877604166667,4.7279335200543695,4.63126146751824,4.835148137942342,0.015625,0.015625,0.015625,0.060328327400431946,0.0514889410645012,0.0696902499261006,0.7197222222222223,0.6309600694444445,0.8076701388888887,2.1875,1.8621875,2.5375,1.0,1.0,1.0,16.725524999999998,16.674242656249998,16.777379843749998,18.012505,17.761361734375,18.31711940625,0.05495278327551981,0.048693187575408095,0.06027833128980784,0.6756756756756757,0.6283461574997625,0.7279418807752986
commute_adaptive_bsp_0.4,commute,bsp,0.4,adaptive,8.0,20,80,0.0,0.06851700270033068,0.05913892661297134,0.07800101939127319,2.902480721242541,2.7770350715154777,3.049152404916611,2902.4807212425408,2777.0350715154773,3049.1524049166114,0.12266494421359153,0.11258491784681911,0.13208951155286328,4.314211388047001,4.1933136645652045,4.43418511606963,0.76484375,0.74375,0.78671875,29.363541666666663,27.747552083333332,31.210690104166662,4.516307041823088,4.409689964994713,4.636395796899053,0.015625,0.015625,0.015625,0.07747586533484484,0.06767215947666316,0.08961962371049194,0.8939583333333333,0.8387187499999998,0.9439583333333333,2.8125,2.45,3.2503124999999997,1.0,1.0,1.0,16.799725000000002,16.77523734375,16.82422546875,18.189786875,18.032374859375,18.375447328125006,0.0779806156802498,0.06921080914018223,0.08649828432126884,0.8687258687258688,0.8319565632528351,0.9021408397665223
commute_adaptive_positive_only_0.1,commute,positive_only,0.1,adaptive,8.0,20,80,0.0,0.042041369094591746,0.032058114833932706,0.05225010463169642,3.2377287373567163,3.066260551638821,3.4017482394069742,3237.7287373567165,3066.2605516388207,3401.748239406975,0.07168570724949891,0.06773557026769925,0.07563589902031637,4.12446560169463,3.9910828919452124,4.259772550458969,0.8239583333333333,0.7966080729166666,0.8497395833333334,34.58645833333334,32.932506510416665,36.33639973958333,4.9457672513772355,4.869010984534074,5.0235405088322445,0.015625,0.015625,0.015625,0.04811337428474354,0.04002195231658684,0.056500258510414444,0.6168750000000001,0.5378385416666666,0.6918854166666667,1.75,1.4625,2.05,1.0,1.0,1.0,8.46850625,8.43987421875,8.50628796875,9.193101250000002,9.069478640625,9.321679734375,0.04748294031877861,0.04401635965160169,0.05107433338753134,0.5405405405405406,0.4801473818309612,0.6033057851239669
geolife_fixed_none_1,geolife,none,1.0,fixed,8.0,67,67,0.0,0.20670470314444211,0.15191287193334874,0.26499074021601454,1.977995116252374,1.7578746842581046,2.1870525991183225,8348.020713017044,7421.160218287778,9233.371955791392,0.21950731886774635,0.19115819255962496,0.2507207436318219,2.8269818783808915,2.6179773443201304,3.032799664656853,0.9347014925373134,0.9014225746268657,0.9627021144278607,24.80597014925373,22.28484141791045,27.1492770522388,3.9545664748659877,3.7474108696279598,4.149360076418236,0.015625,0.015625,0.015625,0.10818800110686094,0.09568000839171646,0.11984885300518214,1.0,1.0,1.0,3.8358208955223883,3.373134328358209,4.253731343283582,1.0,1.0,1.0,2.341044776119403,2.3282619402985074,2.3547091417910444,2.794223134328358,2.7461927052238804,2.8459751679104475,0.18643564220144615,0.16175804228846816,0.21294908354885725,1.0,1.0,1.0
geolife_fixed_random_0.15,geolife,random,0.15,fixed,8.0,67,67,0.0,0.019729309453004648,0.0065337770913052266,0.03999607592532091,3.753077928293139,3.4722730817731042,4.057633375364631,15845.139777663164,14660.132942875945,17139.140667037747,0.03931103422493912,0.028843190121210758,0.05255184613446036,3.928055241959439,3.812618680312807,4.0236833198557305,0.9493159203980098,0.9247434701492536,0.9713930348258706,52.259328358208954,49.45418998756219,54.8992381840796,5.634896235273408,5.483059786903062,5.770532950446387,0.015625,0.015625,0.015625,0.017873048612601156,0.012160063613549058,0.023866404366981668,0.3411458333333333,0.2387701643298658,0.4444444444444444,0.6417910447761194,0.43283582089552236,0.8656716417910447,1.0,1.0,1.0,2.285164179104478,2.2724611940298507,2.297349440298507,2.6842522388059695,2.639989794776119,2.7371384701492536,0.041431957186106344,0.028358683030440382,0.05973383042645516,0.16731517509727625,0.11609800008676414,0.22177942685718793
geolife_fixed_random_0.3,geolife,random,0.3,fixed,8.0,67,67,0.0,0.04137147067072556,0.021317260220359326,0.06452031377093305,3.4445566213010705,3.166604130895739,3.7552006771085145,14547.681553361766,13379.249702024927,15855.152073255043,0.062359109404818445,0.04762346469527647,0.07843535229685289,3.8239731523420364,3.6791279008422206,3.958190999816265,0.9222636815920398,0.8815298507462687,0.9583333333333335,46.11287313432837,42.93774098258706,49.36230565920398,5.343768621935907,5.16535397807965,5.5186427583259166,0.015625,0.015625,0.015625,0.03244006859689014,0.025736899756436525,0.03965210338598787,0.58984375,0.4895833333333333,0.6859206989247312,1.164179104477612,0.925,1.4328358208955223,1.0,1.0,1.0,2.3569402985074626,2.3301949626865675,2.3808669776119404,2.8628402985074626,2.7980650373134326,2.9333186753731346,0.06589637681341917,0.050084421882861156,0.08519395268477208,0.3035019455252918,0.24376777946447936,0.36605013906637596
geolife_fixed_random_0.5,geolife,random,0.5,fixed,8.0,67,67,0.0,0.09691739079372634,0.058518725866628644,0.1420419579554729,2.8009533144372374,2.5442035478691474,3.035645752728805,11825.585701809572,10741.080806229444,12815.894402876205,0.11876383861103619,0.0920476727221118,0.14545718991590642,3.4364075431942265,3.237161577034131,3.634293669184805,0.9269278606965174,0.8889847636815921,0.9583333333333333,36.55130597014925,33.29397543532338,39.948507462686564,4.776216645842494,4.5515616652332325,5.003270118761512,0.015625,0.015625,0.015625,0.060048524163020194,0.0507630476911145,0.06970790082709154,0.7734375,0.6881552419354839,0.8489583333333333,2.1343283582089554,1.8059701492537314,2.462686567164179,1.0,1.0,1.0,2.340768656716418,2.3199552238805974,2.364119962686567,2.776752985074626,2.7025201865671638,2.863172555970149,0.10568377196708277,0.0853770725488556,0.13026936683866228,0.556420233463035,0.4936839027443745,0.6177672460934264
geolife_fixed_random_0.7,geolife,random,0.7,fixed,8.0,67,67,0.0,0.12797921028667522,0.08309713201581934,0.18324766389782518,2.4531138164101542,2.23271450825988,2.663077847376421,10357.507264278272,9423.580597516515,11241.393566154364,0.15328298170525365,0.12693751822439095,0.18302364118363787,3.2415606099167626,3.0185249087515995,3.4420456714438687,0.9259950248756219,0.8871113184079602,0.9580301616915423,31.461753731343283,28.450303171641792,34.71976057213931,4.452798631058083,4.22566464812346,4.671756404449267,0.015625,0.015625,0.015625,0.07546270913254716,0.06479924281728086,0.08619086538441287,0.83984375,0.7661045943304008,0.9062578914141414,2.671641791044776,2.298507462686567,3.044776119402985,1.0,1.0,1.0,2.2997238805970146,2.2882162313432834,2.3127985074626864,2.7630216417910445,2.7285049067164175,2.80800921641791,0.13757580882126436,0.11308075131218148,0.16339407910591264,0.6964980544747081,0.6349206349206349,0.7534830729166666
geolife_fixed_rate_2,geolife,rate,2.0,fixed,8.0,67,67,0.0,0.0897690873313004,0.05929220732566342,0.12456086893968929,2.890822958801258,2.6774893152690704,3.0928673281815096,12204.29314117123,11310.321642089551,13057.391102014377,0.11256810832765969,0.09317347502533102,0.13208425670002813,3.4141546081739698,3.2230010827149407,3.5936679339518696,0.9312810945273631,0.8955068407960199,0.9636194029850746,36.01399253731343,33.01201803482587,38.792195273631826,4.766754633455668,4.579498272464625,4.9524813788228945,0.015625,0.015625,0.015625,0.0461338983759927,0.03897777095961606,0.053739273313949086,0.7018229166666666,0.6197916666666667,0.7825650008267196,1.6417910447761195,1.3880597014925373,1.9104477611940298,1.0,1.0,1.0,2.375910447761194,2.3641486940298506,2.388007835820895,2.817923880597015,2.762097126865672,2.8869181529850745,0.10662882571649379,0.08937350786564581,0.12628358493606298,0.4280155642023346,0.3717936802973978,0.48333487084870846
geolife_fixed_rate_4,geolife,rate,4.0,fixed,8.0,67,67,0.0,0.03598678071058809,0.015149182003898622,0.06183448555179624,3.5212689174113434,3.2877586861800254,3.7551136478130163,14868.119323942401,13882.542046219827,15863.25255848104,0.0611162533380917,0.04658928285927401,0.07740898067521153,3.7718085907687104,3.6223123854826693,3.910475086869151,0.9284825870646767,0.8874222636815919,0.9639381218905472,44.00031094527363,41.10315609452736,46.92106654228856,5.278404762360576,5.109272826344061,5.438571495463686,0.015625,0.015625,0.015625,0.02037892661328265,0.014699918066680832,0.02582319368115763,0.3997395833333333,0.29165064102564103,0.5028385416666666,0.7164179104477612,0.5223880597014925,0.9104477611940298,1.0,1.0,1.0,2.3500970149253733,2.3401210820895515,2.3616766791044776,2.83735223880597,2.7972674626865666,2.8793337873134326,0.06544883079056085,0.04890054022693531,0.08295067207775773,0.1867704280155642,0.13532445243543642,0.23413318452380952
geolife_fixed_rate_8,geolife,rate,8.0,fixed,8.0,67,67,0.0,0.012510144174681503,0.004959118316926541,0.022255645300246495,4.05712443065246,3.8069955013340815,4.301782916915677,17128.832085797927,16080.106713169827,18168.34513513686,0.039750106385086866,0.02857731503333171,0.05374618459794107,3.9433312993480096,3.8485297522528152,4.033558441342371,0.9477611940298507,0.9144667288557214,0.9769900497512437,51.527674129353244,48.75539490049752,53.83385416666666,5.622046049857648,5.487488058166715,5.743609890081467,0.015625,0.015625,0.015625,0.008700125714543257,0.005110358451349344,0.012833294731460287,0.20703125,0.12107922676282051,0.3017992424242424,0.29850746268656714,0.1791044776119403,0.43283582089552236,1.0,1.0,1.0,2.3616268656716413,2.3482610074626864,2.37494197761194,2.787923134328358,2.7370591977611944,2.8493569216417907,0.034525212108053656,0.02592092064854923,0.04481575875240035,0.07782101167315175,0.046875,0.1123247223790702
geolife_fixed_coarse_2,geolife,coarse,2.0,fixed,8.0,67,67,0.0,0.038913278041015055,0.01657047912003041,0.06606987459281535,2.747304405488137,2.533068319139711,2.943604574021514,11599.480849081127,10695.53314745388,12432.459709467501,0.082201913349007,0.07259421572034169,0.09277470812543935,3.307437389247668,3.156910501593854,3.4505045163245853,0.9679726368159203,0.951484763681592,0.9832089552238806,33.35230099502488,30.583597636815913,35.954928482587064,4.7492070758692595,4.5826057125316515,4.901608101923462,0.015625,0.015625,0.015625,0.05922200303409566,0.051006557763499334,0.067269234367232,0.7981770833333333,0.7260101010101011,0.8698061342592592,2.1044776119402986,1.8205223880597015,2.417910447761194,1.0,1.0,1.0,2.3202462686567165,2.301953917910448,2.3428880597014925,2.980080597014925,2.809262742537314,3.286475354477612,0.08617902022050541,0.07091327964101286,0.10573013273413255,0.5486381322957199,0.49814056253068667,0.6039299123904881
geolife_fixed_coarse_4,geolife,coarse,4.0,fixed,8.0,67,67,0.0,0.00988035224304107,0.00628394808063736,0.016005290022641054,3.6794035536086946,3.522800103992474,3.854904393037038,15527.836557793977,14864.868739087957,16272.4297939663,0.026828794904087697,0.024103702955511102,0.029859823269492335,3.9205613266129693,3.8327256898962103,4.008869953791203,0.9785447761194029,0.9589474502487563,0.9940920398009949,51.119713930348254,48.43390080845771,53.59106809701493,5.641525737405054,5.540396814495154,5.736297755187109,0.015625,0.015625,0.015625,0.019378962290008107,0.014093945872026205,0.025047417682968982,0.3854166666666667,0.2909902597402597,0.49258726857515694,0.6865671641791045,0.4925373134328358,0.8805970149253731,1.0,1.0,1.0,2.235402985074627,2.2201427238805964,2.251261380597015,2.6658589552238805,2.631311958955224,2.706359514925373,0.021571438133358264,0.017129373634920245,0.02730061201047684,0.17898832684824903,0.13147192252886264,0.23019527913657892
geolife_fixed_bsp_0.05,geolife,bsp,0.05,fixed,8.0,67,67,0.0,0.006979771282476506,0.0036533491551419494,0.013041026807307706,3.7432961782921943,3.531901326136544,3.94618985206587,15807.92435324597,14912.745545594422,16677.813938705138,0.033159131355547274,0.03141592562284606,0.03488155875714736,3.965639937040302,3.873149766365387,4.075754879475449,0.9564676616915422,0.9213308457711443,0.9844527363184079,46.93874378109452,44.90485851990049,49.01725746268656,5.534041797295499,5.47097605639623,5.596637873580053,0.015625,0.015625,0.015625,0.03965622299397982,0.03274000168925413,0.0464034992519499,0.671875,0.5733793155434946,0.7683025380291005,1.4179104477611941,1.1791044776119404,1.6567164179104477,1.0,1.0,1.0,17.0715223880597,17.03015746268657,17.118470708955225,18.521352985074625,18.257851194029854,18.848393451492534,0.030592871654099,0.027098043590255215,0.03516254083571865,0.36964980544747084,0.31817746429815397,0.42369522970668005
geolife_fixed_bsp_0.1,geolife,bsp,0.1,fixed,8.0,67,67,0.0,0.01824360109567139,0.00879116405648062,0.02905956465723078,3.0887902415737396,2.880501904563147,3.312028739138969,13047.091264527984,12160.701432271104,13993.621942412781,0.056314131842466204,0.05238833903371656,0.06050578725971072,3.6936547318855935,3.545791164169552,3.854318396569845,0.9390547263681592,0.8958177860696517,0.9729633084577114,37.14894278606965,34.6220460199005,39.47698227611941,5.0791236125417925,4.970467323632633,5.177870061934891,0.015625,0.015625,0.015625,0.062144664409902156,0.05350314835100035,0.07010568282455723,0.8411458333333333,0.7786241319444444,0.900562072336266,2.208955223880597,1.9104477611940298,2.4929104477611936,1.0,1.0,1.0,17.062514925373133,17.027154664179104,17.099208955223883,18.372221641791043,18.18075292910448,18.58094656716418,0.052569903886344256,0.04670636901125019,0.05895773878500134,0.5758754863813229,0.5276702080207615,0.6255233963567297
geolife_fixed_bsp_0.2,geolife,bsp,0.2,fixed,8.0,67,67,0.0,0.040360200637644075,0.019304765040240732,0.06542856275614846,2.784208036813741,2.55745203485568,3.041808153440052,11757.300879748163,10794.62549324659,12839.75826019885,0.07287267682905778,0.06664186993225105,0.07935120357911585,3.5146964414034847,3.343634476083895,3.699765285863619,0.9455845771144279,0.9039179104477613,0.977938432835821,34.092350746268664,31.541581156716415,36.54038401741293,4.8776900083206725,4.754458945978963,5.000132682258971,0.015625,0.015625,0.015625,0.07720686754494362,0.06716749547959605,0.08654205500037485,0.9205729166666666,0.8743226066468255,0.9609396001344087,2.746268656716418,2.4026119402985073,3.074626865671642,1.0,1.0,1.0,17.563111940298505,17.41727611940298,17.714538619402987,19.95338134328358,19.313730466417912,20.76657718283582,0.08154134424466707,0.0668300401204013,0.10033893363808932,0.7159533073929961,0.6678659286592865,0.765625
geolife_fixed_bsp_0.4,geolife,bsp,0.4,fixed,8.0,67,67,0.0,0.0761065259045873,0.04772945674318586,0.10935947034388709,2.435540915304713,2.2075525974148076,2.6632146768220477,10280.649430912248,9314.550216314567,11242.78925076976,0.11888619956471623,0.10690247408047888,0.13187433692648529,3.2655687982763624,3.03898345651832,3.466729474333668,0.9160447761194028,0.8743547885572139,0.9549207089552239,28.78202736318408,26.24153451492537,31.183667599502485,4.44523714002283,4.280867993491069,4.591724038841425,0.015625,0.015625,0.015625,0.08810126995514223,0.07683803386498042,0.09845436832864522,0.9401041666666666,0.8984375,0.9771535923753666,3.1343283582089554,2.7458955223880595,3.4929104477611936,1.0,1.0,1.0,17.8815447761194,17.751474813432832,18.012509701492537,21.13525671641791,20.3422686380597,22.030431380597015,0.12885047850210982,0.11132369106835896,0.14741748609995586,0.8171206225680934,0.7715268520281852,0.861551724137931
geolife_fixed_positive_only_0.1,geolife,positive_only,0.1,fixed,8.0,67,67,0.0,0.01824360109567139,0.00879116405648062,0.02905956465723078,3.0756149149332024,2.8607367256762277,3.299843867556782,12990.069411775117,12077.852741591249,13946.422988920853,0.05714437933765996,0.05296447232467405,0.061638159670570035,3.682163710260835,3.5282604631124004,3.8478378995123474,0.9393656716417912,0.8961287313432836,0.9732664800995025,37.11660447761195,34.589132462686564,39.402744092039796,5.073668785127694,4.964107085007383,5.171224170813694,0.015625,0.015625,0.015625,0.06209199980499874,0.05383580539100494,0.06987820067292674,0.8411458333333333,0.7760219381313131,0.9047991071428572,2.208955223880597,1.9104477611940298,2.4925373134328357,1.0,1.0,1.0,8.648388059701492,8.62106567164179,8.682312126865673,9.49884552238806,9.4094151119403,9.60369128731343,0.05328483949354819,0.04733081935474301,0.0597615683942285,0.5758754863813229,0.5278758967887077,0.6264263587721768
geolife_adaptive_none_1,geolife,none,1.0,adaptive,8.0,67,67,0.0,0.35576593487014346,0.29891942478020683,0.4160352352206843,1.4016912576290352,1.2241741355664104,1.5858609073931034,5918.105477604569,5170.19492398482,6692.606759394082,0.3577181550362731,0.3205859446494886,0.39217193683280555,2.230871074021206,2.0134311944006233,2.450414562819693,0.9402985074626866,0.9104477611940298,0.9658037935323383,17.071828358208954,15.30623445273632,18.87255907960199,3.1150087600391174,2.920436996983112,3.3173234327458965,0.015625,0.015625,0.015625,0.10818800110686094,0.09568000839171646,0.11984885300518214,1.0,1.0,1.0,3.8358208955223883,3.373134328358209,4.253731343283582,1.0,1.0,1.0,2.173194029850746,2.1641563432835818,2.1822089552238806,2.5118388059701484,2.4732031902985074,2.5561826679104476,0.19566759491079908,0.1797568446750352,0.21371206028664017,1.0,1.0,1.0
geolife_adaptive_random_0.15,geolife,random,0.15,adaptive,8.0,67,67,0.0,0.04164448609302846,0.01954790465554891,0.06723110137201453,3.004449415500104,2.7294772444386988,3.2823505631772814,12674.945911505944,11531.058256265502,13849.42151174617,0.04132673478055702,0.031107819856494544,0.05509850002790834,3.910263597048904,3.784577461580335,4.013194411367018,0.9577114427860695,0.9284592661691543,0.9829057835820896,51.955845771144276,48.963401741293524,54.68990982587065,5.624598261813172,5.475159614467733,5.751091659417147,0.015625,0.015625,0.015625,0.017873048612601156,0.012160063613549058,0.023866404366981668,0.3411458333333333,0.2387701643298658,0.4444444444444444,0.6417910447761194,0.43283582089552236,0.8656716417910447,1.0,1.0,1.0,2.198082089552239,2.187843097014925,2.208336567164179,2.6561880597014924,2.599716436567164,2.7196737126865673,0.05926587234423075,0.04056352287509565,0.0822670700520297,0.16731517509727625,0.11609800008676414,0.22177942685718793
geolife_adaptive_random_0.3,geolife,random,0.3,adaptive,8.0,67,67,0.0,0.08763833334072874,0.04902316950184323,0.13426850609872104,2.540580968068762,2.3224794414425145,2.7539336964632337,10732.675627650831,9807.634560001852,11636.012389814718,0.07112685097321868,0.05670952673746005,0.08754565573464827,3.6861412220174277,3.527121911607172,3.8370403609711867,0.9263059701492538,0.880907960199005,0.9623756218905474,42.34608208955224,39.35131374378109,45.50178793532338,5.1880065002794025,5.017916340809095,5.351718732261286,0.015625,0.015625,0.015625,0.03244006859689014,0.025736899756436525,0.03965210338598787,0.58984375,0.4895833333333333,0.6859206989247312,1.164179104477612,0.925,1.4328358208955223,1.0,1.0,1.0,2.1775373134328357,2.1666861940298507,2.1890957089552243,2.532064179104477,2.4909679104477616,2.5739649440298504,0.09638475511076451,0.06900307534060837,0.1293731667479527,0.3035019455252918,0.24376777946447936,0.36605013906637596
geolife_adaptive_random_0.5,geolife,random,0.5,adaptive,8.0,67,67,0.0,0.16528862896991384,0.12295465364782013,0.2109976853251258,2.088708304365166,1.901748400463445,2.2850247397114494,8816.916660560055,8027.931621756553,9644.992169123978,0.14830545106578552,0.12095308898605713,0.1757034707213917,3.1566144407197423,2.975402023601351,3.3215416792850867,0.9396766169154229,0.9082633706467662,0.9654928482587065,31.60976368159204,28.77063121890547,34.19689832089552,4.474875702055485,4.272437355814268,4.671544716899642,0.015625,0.015625,0.015625,0.060048524163020194,0.0507630476911145,0.06970790082709154,0.7734375,0.6881552419354839,0.8489583333333333,2.1343283582089554,1.8059701492537314,2.462686567164179,1.0,1.0,1.0,2.1772388059701493,2.16854421641791,2.187485447761194,2.5935514925373138,2.553936753731343,2.641657742537314,0.14477446904110972,0.12099013552840587,0.17061715308563657,0.556420233463035,0.4936839027443745,0.6177672460934264
geolife_adaptive_random_0.7,geolife,random,0.7,adaptive,8.0,67,67,0.0,0.20672048820727687,0.15888294659127988,0.25613357564585204,1.8449333072284637,1.6581572210423192,2.0400824983572887,7793.54098412323,6996.550215335086,8621.253522052053,0.2268540978558422,0.1994757250898611,0.2545239595004955,2.823389101063756,2.6223532497724418,3.0309692933539645,0.9328358208955224,0.8989427860696517,0.9614505597014926,23.649875621890548,21.530900186567166,25.961777052238805,3.8704300100155575,3.6878986496161374,4.05118571527613,0.015625,0.015625,0.015625,0.07546270913254716,0.06479924281728086,0.08619086538441287,0.83984375,0.7661045943304008,0.9062578914141414,2.671641791044776,2.298507462686567,3.044776119402985,1.0,1.0,1.0,2.164171641791045,2.1526565298507463,2.1766699626865673,2.5612999999999992,2.5081620708955223,2.62336572761194,0.17611884593493918,0.15667794829916085,0.19390683633361694,0.6964980544747081,0.6349206349206349,0.7534830729166666
geolife_adaptive_rate_2,geolife,rate,2.0,adaptive,8.0,67,67,0.0,0.14129819440220673,0.10389259942129374,0.18179975470859186,2.2926600239949004,2.0764904541140514,2.5224927467523526,9688.192463363299,8774.194619095675,10659.968143691436,0.17439195713003167,0.15012667321255688,0.20083039457416296,3.0889983682788302,2.875725180252576,3.30218734251762,0.9322139303482586,0.8992459577114429,0.9642490671641791,28.19278606965174,25.432952425373134,31.21833799751243,4.229668986674424,4.020333785765389,4.433198196886349,0.015625,0.015625,0.015625,0.0461338983759927,0.03897777095961606,0.053739273313949086,0.7018229166666666,0.6197916666666667,0.7825650008267196,1.6417910447761195,1.3880597014925373,1.9104477611940298,1.0,1.0,1.0,2.280171641791045,2.269947388059702,2.2901055970149256,2.7362074626865667,2.6883364738805966,2.781223451492537,0.14414073621381213,0.12148579280673208,0.16769072787422154,0.4280155642023346,0.3717936802973978,0.48333487084870846
geolife_adaptive_rate_4,geolife,rate,4.0,adaptive,8.0,67,67,0.0,0.048055478141931215,0.027599733380665698,0.07103305415987464,3.277199809011262,3.0085873447707385,3.5715768082899952,13839.186426860851,12706.689990176093,15085.982392175865,0.08709855929616192,0.07279501333136303,0.10155173078388484,3.605660450400756,3.434400190878236,3.76453003929448,0.9169776119402985,0.8784203980099502,0.951492537313433,36.43283582089553,33.166845460199006,39.901904539801,4.894306248338489,4.7203190601341785,5.065248083803495,0.015625,0.015625,0.015625,0.02037892661328265,0.014699918066680832,0.02582319368115763,0.3997395833333333,0.29165064102564103,0.5028385416666666,0.7164179104477612,0.5223880597014925,0.9104477611940298,1.0,1.0,1.0,2.258634328358209,2.2471402985074627,2.2704546641791046,2.600800746268656,2.559470242537313,2.6454534701492536,0.08658275076435765,0.07079908569224656,0.10367486640061964,0.1867704280155642,0.13532445243543642,0.23413318452380952
geolife_adaptive_rate_8,geolife,rate,8.0,adaptive,8.0,67,67,0.0,0.014916248014674383,0.00598274459848042,0.02677388451922091,3.7912619728676344,3.5728345019086634,4.045398256088129,16011.218616819402,15092.857668255709,17102.557028124098,0.04846010783769813,0.03800153465110259,0.061123348112541644,3.9346410176919617,3.807652648676722,4.066811118085046,0.9235074626865671,0.8852611940298507,0.9561644900497512,45.98662935323384,42.686598258706475,49.105472636815925,5.390694296052194,5.242210941597658,5.535232882275411,0.015625,0.015625,0.015625,0.008700125714543257,0.005110358451349344,0.012833294731460287,0.20703125,0.12107922676282051,0.3017992424242424,0.29850746268656714,0.1791044776119403,0.43283582089552236,1.0,1.0,1.0,2.4415373134328355,2.4178514925373134,2.465412873134329,3.057973134328358,2.9468233768656713,3.176772276119403,0.04611823508292804,0.036810898935954225,0.056399925938997654,0.07782101167315175,0.046875,0.1123247223790702
geolife_adaptive_coarse_2,geolife,coarse,2.0,adaptive,8.0,67,67,0.0,0.17984227114295162,0.1251733729657916,0.23922163717885017,1.7340212117476408,1.5742986226006048,1.8894554259157093,7318.939926401387,6645.961269711337,7977.767383915993,0.15240180420247806,0.14324187820518308,0.16229620045940685,2.6452171404892773,2.482923123478992,2.7950410646314037,0.9633084577114429,0.9449549129353233,0.9800995024875621,20.412935323383085,18.805519278606965,22.020926616915418,3.7971150498959823,3.6656521555530674,3.9174134155702234,0.015625,0.015625,0.015625,0.05922200303409566,0.051006557763499334,0.067269234367232,0.7981770833333333,0.7260101010101011,0.8698061342592592,2.1044776119402986,1.8205223880597015,2.417910447761194,1.0,1.0,1.0,2.236343283582089,2.2193117537313434,2.257500932835821,2.712249253731343,2.613028899253731,2.8449891791044775,0.19284044258486804,0.1588598472120247,0.23102774737558768,0.5486381322957199,0.49814056253068667,0.6039299123904881
geolife_adaptive_coarse_4,geolife,coarse,4.0,adaptive,8.0,67,67,0.0,0.020659274929913922,0.009171634310466515,0.03475930506816118,3.134301189560458,2.9945320843629233,3.263309068447848,13215.095053307801,12624.045559904951,13757.70451801768,0.06515468298043064,0.05953193068617925,0.07101909902566653,3.263724023327784,3.1722920481983263,3.363320563978089,0.9564676616915424,0.9318952114427861,0.976679104477612,26.92723880597015,24.871820584577108,29.082524875621893,4.565799339087019,4.4712230669706825,4.660211011587038,0.015625,0.015625,0.015625,0.019378962290008107,0.014093945872026205,0.025047417682968982,0.3854166666666667,0.2909902597402597,0.49258726857515694,0.6865671641791045,0.4925373134328358,0.8805970149253731,1.0,1.0,1.0,2.2136268656716416,2.200252985074627,2.2276199626865676,2.690061940298507,2.640506847014925,2.746742313432836,0.06799477949024195,0.05950469287466945,0.07728922939794336,0.17898832684824903,0.13147192252886264,0.23019527913657892
geolife_adaptive_bsp_0.05,geolife,bsp,0.05,adaptive,8.0,67,67,0.0,0.008778682233672903,0.005126140672505528,0.013310531836724116,3.5149921458269793,3.3084510155961544,3.7134981594730423,14800.595887791113,13935.076774418818,15637.375115055887,0.04401827758852545,0.04320907751860914,0.044726697606277496,3.7168873241058216,3.613064032135281,3.8344447161639916,0.9322139303482587,0.8948771766169153,0.965811567164179,35.617848258706466,33.70648320895523,37.79598103233831,5.107149527561133,5.045800978352827,5.172864326362311,0.015625,0.015625,0.015625,0.02678832165546159,0.020940448668419445,0.03336062582677257,0.52734375,0.4254825036075036,0.6388888888888888,0.9552238805970149,0.7608208955223881,1.1791044776119404,1.0,1.0,1.0,16.75585820895522,16.724162126865675,16.789418283582087,17.92937014925373,17.717814104477615,18.1984273880597,0.03895081685906018,0.03676575717230876,0.04100853588125995,0.2490272373540856,0.19833348469712106,0.3011675115682749
geolife_adaptive_bsp_0.1,geolife,bsp,0.1,adaptive,8.0,67,67,0.0,0.024429519744351834,0.008406932471312719,0.04406888929019001,2.743431283936031,2.5918350399381525,2.911314222106789,11565.775947337597,10929.483885920747,12272.397205968242,0.07915000474376051,0.07736054544438986,0.08092845928916793,3.2689990098480792,3.1271993406497853,3.42988847063053,0.9266169154228855,0.8846315298507463,0.9599113805970149,25.7217039800995,24.095188121890548,27.39453513681592,4.512056843248271,4.435191675686517,4.592740482055509,0.015625,0.015625,0.015625,0.05286520415662585,0.04400336145437479,0.06152841789301222,0.7630208333333333,0.6794596354166665,0.8421751165501166,1.8955223880597014,1.5671641791044777,2.208955223880597,1.0,1.0,1.0,16.871917910447763,16.82773880597015,16.915753731343283,18.21245597014925,18.013771417910448,18.45002962686567,0.08322389866471491,0.073951783408927,0.09515069749585085,0.49416342412451364,0.4297352148174199,0.5603202383471989
geolife_adaptive_bsp_0.2,geolife,bsp,0.2,adaptive,8.0,67,67,0.0,0.0926597352343621,0.05397954624817381,0.1425110725247881,2.1031184514117,1.9079846040021333,2.2949340222350187,8888.814959585663,8067.4918406636725,9702.141978733072,0.13541456865927223,0.1304587655577661,0.14024380939701747,2.944118195907302,2.7319864009146926,3.173410816706998,0.9406094527363184,0.9054726368159204,0.9717039800995023,22.904228855721392,21.40277518656717,24.501181592039803,4.109191051709178,4.027504802958656,4.198728162863987,0.015625,0.015625,0.015625,0.0630431989936292,0.05212175521246985,0.07265158025662975,0.7981770833333333,0.7185583024854574,0.8723118279569891,2.2388059701492535,1.835820895522388,2.582089552238806,1.0,1.0,1.0,16.86691791044776,16.822767723880595,16.912600186567165,18.85959850746269,17.887953880597017,20.555127052238806,0.1510720354625749,0.12761565389235227,0.18427456711648277,0.5836575875486382,0.5232585320243105,0.640632541023166
geolife_adaptive_bsp_0.4,geolife,bsp,0.4,adaptive,8.0,67,67,0.0,0.22308407204447145,0.16777491502293326,0.2792881810073493,1.5869338535719324,1.4129864349192065,1.7595054611251906,6702.834040690183,5966.69885497661,7433.097235329096,0.21913235171563122,0.20798276824203346,0.23078268878570055,2.543505426232259,2.343320725775529,2.7521547193817404,0.9440298507462686,0.9157260572139304,0.968594527363184,19.509328358208954,17.679003420398015,21.434056281094527,3.6235515857992335,3.483700042919317,3.762473445013097,0.015625,0.015625,0.015625,0.07893496621742498,0.06791848580393473,0.08920141850302471,0.9010416666666666,0.8515166068989071,0.9469727032227032,2.8208955223880596,2.4328358208955225,3.1944029850746265,1.0,1.0,1.0,17.007485074626867,16.972633208955223,17.042036567164182,18.27811567164179,18.11598167910448,18.457335914179108,0.22777970643051196,0.20088237820163718,0.25713642996031516,0.7354085603112841,0.6775269599452243,0.7943653707270101
geolife_adaptive_positive_only_0.1,geolife,positive_only,0.1,adaptive,8.0,67,67,0.0,0.01760599846187533,0.005648554714421668,0.03373718119836649,2.5480947046071885,2.387011288471771,2.708666181856952,10751.85416035895,10070.68618861991,11426.204702926869,0.09275665513860837,0.08782350590541892,0.09850112900228256,3.1692144128723325,3.025139997641102,3.330841957258166,0.9331467661691542,0.8945817786069652,0.9636194029850746,24.889614427860693,23.256809701492543,26.73289800995025,4.3822583612635615,4.303658982959327,4.464127028336546,0.015625,0.015625,0.015625,0.048065608024492446,0.03997899174057119,0.05664069932275652,0.7109375,0.6223782655423281,0.8021070075757576,1.7164179104477613,1.4179104477611941,2.029850746268657,1.0,1.0,1.0,8.495261194029851,8.47105802238806,8.52045447761194,9.173921641791045,9.072204981343283,9.291876361940298,0.09291269600259706,0.08543782112510162,0.1021129930961082,0.4474708171206226,0.38460743801652897,0.5132777269182518
